t [s],u [N],T [N],y [m],ydot [m/s],ydd [m/s^2],s [m],sdot [m/s],sdd [m/s^2],N [N]
0,0,0,0,0,0,0,0,0,539.55
0.001,0,0,0,0,0,0,0,0,539.55
0.002,0,0,0,0,0,0,0,0,539.55
0.003,0,0,0,0,0,0,0,0,539.55
0.004,0,0,0,0,0,0,0,0,539.55
0.005,0,0,0,0,0,0,0,0,539.55
0.006,0,0,0,0,0,0,0,0,539.55
0.007,0,0,0,0,0,0,0,0,539.55
0.008,0,0,0,0,0,0,0,0,539.55
0.009,0,0,0,0,0,0,0,0,539.55
0.01,0,0,0,0,0,0,0,0,539.55
0.011,0,0,0,0,0,0,0,0,539.55
0.012,0,0,0,0,0,0,0,0,539.55
0.013,0,0,0,0,0,0,0,0,539.55
0.014,0,0,0,0,0,0,0,0,539.55
0.015,0,0,0,0,0,0,0,0,539.55
0.016,0,0,0,0,0,0,0,0,539.55
0.017,0,0,0,0,0,0,0,0,539.55
0.018,0,0,0,0,0,0,0,0,539.55
0.019,0,0,0,0,0,0,0,0,539.55
0.02,0,0,0,0,0,0,0,0,539.55
0.021,0,0,0,0,0,0,0,0,539.55
0.022,0,0,0,0,0,0,0,0,539.55
0.023,0,0,0,0,0,0,0,0,539.55
0.024,0,0,0,0,0,0,0,0,539.55
0.025,0,0,0,0,0,0,0,0,539.55
0.026,0,0,0,0,0,0,0,0,539.55
0.027,0,0,0,0,0,0,0,0,539.55
0.028,0,0,0,0,0,0,0,0,539.55
0.029,0,0,0,0,0,0,0,0,539.55
0.03,0,0,0,0,0,0,0,0,539.55
0.031,0,0,0,0,0,0,0,0,539.55
0.032,0,0,0,0,0,0,0,0,539.55
0.033,0,0,0,0,0,0,0,0,539.55
0.034,0,0,0,0,0,0,0,0,539.55
0.035,0,0,0,0,0,0,0,0,539.55
0.036,0,0,0,0,0,0,0,0,539.55
0.037,0,0,0,0,0,0,0,0,539.55
0.038,0,0,0,0,0,0,0,0,539.55
0.039,0,0,0,0,0,0,0,0,539.55
0.04,0,0,0,0,0,0,0,0,539.55
0.041,0,0,0,0,0,0,0,0,539.55
0.042,0,0,0,0,0,0,0,0,539.55
0.043,0,0,0,0,0,0,0,0,539.55
0.044,0,0,0,0,0,0,0,0,539.55
0.045,0,0,0,0,0,0,0,0,539.55
0.046,0,0,0,0,0,0,0,0,539.55
0.047,0,0,0,0,0,0,0,0,539.55
0.048,0,0,0,0,0,0,0,0,539.55
0.049,0,0,0,0,0,0,0,0,539.55
0.05,0,0,0,0,0,0,0,0,539.55
0.051,0,0,0,0,0,0,0,0,539.55
0.052,0,0,0,0,0,0,0,0,539.55
0.053,0,0,0,0,0,0,0,0,539.55
0.054,0,0,0,0,0,0,0,0,539.55
0.055,0,0,0,0,0,0,0,0,539.55
0.056,0,0,0,0,0,0,0,0,539.55
0.057,0,0,0,0,0,0,0,0,539.55
0.058,0,0,0,0,0,0,0,0,539.55
0.059,0,0,0,0,0,0,0,0,539.55
0.06,0,0,0,0,0,0,0,0,539.55
0.061,0,0,0,0,0,0,0,0,539.55
0.062,0,0,0,0,0,0,0,0,539.55
0.063,0,0,0,0,0,0,0,0,539.55
0.064,0,0,0,0,0,0,0,0,539.55
0.065,0,0,0,0,0,0,0,0,539.55
0.066,0,0,0,0,0,0,0,0,539.55
0.067,0,0,0,0,0,0,0,0,539.55
0.068,0,0,0,0,0,0,0,0,539.55
0.069,0,0,0,0,0,0,0,0,539.55
0.07,0,0,0,0,0,0,0,0,539.55
0.071,0,0,0,0,0,0,0,0,539.55
0.072,0,0,0,0,0,0,0,0,539.55
0.073,0,0,0,0,0,0,0,0,539.55
0.074,0,0,0,0,0,0,0,0,539.55
0.075,0,0,0,0,0,0,0,0,539.55
0.076,0,0,0,0,0,0,0,0,539.55
0.077,0,0,0,0,0,0,0,0,539.55
0.078,0,0,0,0,0,0,0,0,539.55
0.079,0,0,0,0,0,0,0,0,539.55
0.08,0,0,0,0,0,0,0,0,539.55
0.081,0,0,0,0,0,0,0,0,539.55
0.082,0,0,0,0,0,0,0,0,539.55
0.083,0,0,0,0,0,0,0,0,539.55
0.084,0,0,0,0,0,0,0,0,539.55
0.085,0,0,0,0,0,0,0,0,539.55
0.086,0,0,0,0,0,0,0,0,539.55
0.087,0,0,0,0,0,0,0,0,539.55
0.088,0,0,0,0,0,0,0,0,539.55
0.089,0,0,0,0,0,0,0,0,539.55
0.09,0,0,0,0,0,0,0,0,539.55
0.091,0,0,0,0,0,0,0,0,539.55
0.092,0,0,0,0,0,0,0,0,539.55
0.093,0,0,0,0,0,0,0,0,539.55
0.094,0,0,0,0,0,0,0,0,539.55
0.095,0,0,0,0,0,0,0,0,539.55
0.096,0,0,0,0,0,0,0,0,539.55
0.097,0,0,0,0,0,0,0,0,539.55
0.098,0,0,0,0,0,0,0,0,539.55
0.099,0,0,0,0,0,0,0,0,539.55
0.1,0,0,0,0,0,0,0,0,539.55
0.101,0,0,0,0,0,0,0,0,539.55
0.102,0,0,0,0,0,0,0,0,539.55
0.103,0,0,0,0,0,0,0,0,539.55
0.104,0,0,0,0,0,0,0,0,539.55
0.105,0,0,0,0,0,0,0,0,539.55
0.106,0,0,0,0,0,0,0,0,539.55
0.107,0,0,0,0,0,0,0,0,539.55
0.108,0,0,0,0,0,0,0,0,539.55
0.109,0,0,0,0,0,0,0,0,539.55
0.11,0,0,0,0,0,0,0,0,539.55
0.111,0,0,0,0,0,0,0,0,539.55
0.112,0,0,0,0,0,0,0,0,539.55
0.113,0,0,0,0,0,0,0,0,539.55
0.114,0,0,0,0,0,0,0,0,539.55
0.115,0,0,0,0,0,0,0,0,539.55
0.116,0,0,0,0,0,0,0,0,539.55
0.117,0,0,0,0,0,0,0,0,539.55
0.118,0,0,0,0,0,0,0,0,539.55
0.119,0,0,0,0,0,0,0,0,539.55
0.12,0,0,0,0,0,0,0,0,539.55
0.121,0,0,0,0,0,0,0,0,539.55
0.122,0,0,0,0,0,0,0,0,539.55
0.123,0,0,0,0,0,0,0,0,539.55
0.124,0,0,0,0,0,0,0,0,539.55
0.125,0,0,0,0,0,0,0,0,539.55
0.126,0,0,0,0,0,0,0,0,539.55
0.127,0,0,0,0,0,0,0,0,539.55
0.128,0,0,0,0,0,0,0,0,539.55
0.129,0,0,0,0,0,0,0,0,539.55
0.13,0,0,0,0,0,0,0,0,539.55
0.131,0,0,0,0,0,0,0,0,539.55
0.132,0,0,0,0,0,0,0,0,539.55
0.133,0,0,0,0,0,0,0,0,539.55
0.134,0,0,0,0,0,0,0,0,539.55
0.135,0,0,0,0,0,0,0,0,539.55
0.136,0,0,0,0,0,0,0,0,539.55
0.137,0,0,0,0,0,0,0,0,539.55
0.138,0,0,0,0,0,0,0,0,539.55
0.139,0,0,0,0,0,0,0,0,539.55
0.14,0,0,0,0,0,0,0,0,539.55
0.141,0,0,0,0,0,0,0,0,539.55
0.142,0,0,0,0,0,0,0,0,539.55
0.143,0,0,0,0,0,0,0,0,539.55
0.144,0,0,0,0,0,0,0,0,539.55
0.145,0,0,0,0,0,0,0,0,539.55
0.146,0,0,0,0,0,0,0,0,539.55
0.147,0,0,0,0,0,0,0,0,539.55
0.148,0,0,0,0,0,0,0,0,539.55
0.149,0,0,0,0,0,0,0,0,539.55
0.15,0,0,0,0,0,0,0,0,539.55
0.151,0,0,0,0,0,0,0,0,539.55
0.152,0,0,0,0,0,0,0,0,539.55
0.153,0,0,0,0,0,0,0,0,539.55
0.154,0,0,0,0,0,0,0,0,539.55
0.155,0,0,0,0,0,0,0,0,539.55
0.156,0,0,0,0,0,0,0,0,539.55
0.157,0,0,0,0,0,0,0,0,539.55
0.158,0,0,0,0,0,0,0,0,539.55
0.159,0,0,0,0,0,0,0,0,539.55
0.16,0,0,0,0,0,0,0,0,539.55
0.161,0,0,0,0,0,0,0,0,539.55
0.162,0,0,0,0,0,0,0,0,539.55
0.163,0,0,0,0,0,0,0,0,539.55
0.164,0,0,0,0,0,0,0,0,539.55
0.165,0,0,0,0,0,0,0,0,539.55
0.166,0,0,0,0,0,0,0,0,539.55
0.167,0,0,0,0,0,0,0,0,539.55
0.168,0,0,0,0,0,0,0,0,539.55
0.169,0,0,0,0,0,0,0,0,539.55
0.17,0,0,0,0,0,0,0,0,539.55
0.171,0,0,0,0,0,0,0,0,539.55
0.172,0,0,0,0,0,0,0,0,539.55
0.173,0,0,0,0,0,0,0,0,539.55
0.174,0,0,0,0,0,0,0,0,539.55
0.175,0,0,0,0,0,0,0,0,539.55
0.176,0,0,0,0,0,0,0,0,539.55
0.177,0,0,0,0,0,0,0,0,539.55
0.178,0,0,0,0,0,0,0,0,539.55
0.179,0,0,0,0,0,0,0,0,539.55
0.18,0,0,0,0,0,0,0,0,539.55
0.181,0,0,0,0,0,0,0,0,539.55
0.182,0,0,0,0,0,0,0,0,539.55
0.183,0,0,0,0,0,0,0,0,539.55
0.184,0,0,0,0,0,0,0,0,539.55
0.185,0,0,0,0,0,0,0,0,539.55
0.186,0,0,0,0,0,0,0,0,539.55
0.187,0,0,0,0,0,0,0,0,539.55
0.188,0,0,0,0,0,0,0,0,539.55
0.189,0,0,0,0,0,0,0,0,539.55
0.19,0,0,0,0,0,0,0,0,539.55
0.191,0,0,0,0,0,0,0,0,539.55
0.192,0,0,0,0,0,0,0,0,539.55
0.193,0,0,0,0,0,0,0,0,539.55
0.194,0,0,0,0,0,0,0,0,539.55
0.195,0,0,0,0,0,0,0,0,539.55
0.196,0,0,0,0,0,0,0,0,539.55
0.197,0,0,0,0,0,0,0,0,539.55
0.198,0,0,0,0,0,0,0,0,539.55
0.199,0,0,0,0,0,0,0,0,539.55
0.2,0,0,0,0,0,0,0,0,539.55
0.201,0,0,0,0,0,0,0,0,539.55
0.202,0,0,0,0,0,0,0,0,539.55
0.203,0,0,0,0,0,0,0,0,539.55
0.204,0,0,0,0,0,0,0,0,539.55
0.205,0,0,0,0,0,0,0,0,539.55
0.206,0,0,0,0,0,0,0,0,539.55
0.207,0,0,0,0,0,0,0,0,539.55
0.208,0,0,0,0,0,0,0,0,539.55
0.209,0,0,0,0,0,0,0,0,539.55
0.21,0,0,0,0,0,0,0,0,539.55
0.211,0,0,0,0,0,0,0,0,539.55
0.212,0,0,0,0,0,0,0,0,539.55
0.213,0,0,0,0,0,0,0,0,539.55
0.214,0,0,0,0,0,0,0,0,539.55
0.215,0,0,0,0,0,0,0,0,539.55
0.216,0,0,0,0,0,0,0,0,539.55
0.217,0,0,0,0,0,0,0,0,539.55
0.218,0,0,0,0,0,0,0,0,539.55
0.219,0,0,0,0,0,0,0,0,539.55
0.22,0,0,0,0,0,0,0,0,539.55
0.221,0,0,0,0,0,0,0,0,539.55
0.222,0,0,0,0,0,0,0,0,539.55
0.223,0,0,0,0,0,0,0,0,539.55
0.224,0,0,0,0,0,0,0,0,539.55
0.225,0,0,0,0,0,0,0,0,539.55
0.226,0,0,0,0,0,0,0,0,539.55
0.227,0,0,0,0,0,0,0,0,539.55
0.228,0,0,0,0,0,0,0,0,539.55
0.229,0,0,0,0,0,0,0,0,539.55
0.23,0,0,0,0,0,0,0,0,539.55
0.231,0,0,0,0,0,0,0,0,539.55
0.232,0,0,0,0,0,0,0,0,539.55
0.233,0,0,0,0,0,0,0,0,539.55
0.234,0,0,0,0,0,0,0,0,539.55
0.235,0,0,0,0,0,0,0,0,539.55
0.236,0,0,0,0,0,0,0,0,539.55
0.237,0,0,0,0,0,0,0,0,539.55
0.238,0,0,0,0,0,0,0,0,539.55
0.239,0,0,0,0,0,0,0,0,539.55
0.24,0,0,0,0,0,0,0,0,539.55
0.241,0,0,0,0,0,0,0,0,539.55
0.242,0,0,0,0,0,0,0,0,539.55
0.243,0,0,0,0,0,0,0,0,539.55
0.244,0,0,0,0,0,0,0,0,539.55
0.245,0,0,0,0,0,0,0,0,539.55
0.246,0,0,0,0,0,0,0,0,539.55
0.247,0,0,0,0,0,0,0,0,539.55
0.248,0,0,0,0,0,0,0,0,539.55
0.249,0,0,0,0,0,0,0,0,539.55
0.25,0,0,0,0,0,0,0,0,539.55
0.251,0,0,0,0,0,0,0,0,539.55
0.252,0,0,0,0,0,0,0,0,539.55
0.253,0,0,0,0,0,0,0,0,539.55
0.254,0,0,0,0,0,0,0,0,539.55
0.255,0,0,0,0,0,0,0,0,539.55
0.256,0,0,0,0,0,0,0,0,539.55
0.257,0,0,0,0,0,0,0,0,539.55
0.258,0,0,0,0,0,0,0,0,539.55
0.259,0,0,0,0,0,0,0,0,539.55
0.26,0,0,0,0,0,0,0,0,539.55
0.261,0,0,0,0,0,0,0,0,539.55
0.262,0,0,0,0,0,0,0,0,539.55
0.263,0,0,0,0,0,0,0,0,539.55
0.264,0,0,0,0,0,0,0,0,539.55
0.265,0,0,0,0,0,0,0,0,539.55
0.266,0,0,0,0,0,0,0,0,539.55
0.267,0,0,0,0,0,0,0,0,539.55
0.268,0,0,0,0,0,0,0,0,539.55
0.269,0,0,0,0,0,0,0,0,539.55
0.27,0,0,0,0,0,0,0,0,539.55
0.271,0,0,0,0,0,0,0,0,539.55
0.272,0,0,0,0,0,0,0,0,539.55
0.273,0,0,0,0,0,0,0,0,539.55
0.274,0,0,0,0,0,0,0,0,539.55
0.275,0,0,0,0,0,0,0,0,539.55
0.276,0,0,0,0,0,0,0,0,539.55
0.277,0,0,0,0,0,0,0,0,539.55
0.278,0,0,0,0,0,0,0,0,539.55
0.279,0,0,0,0,0,0,0,0,539.55
0.28,0,0,0,0,0,0,0,0,539.55
0.281,0,0,0,0,0,0,0,0,539.55
0.282,0,0,0,0,0,0,0,0,539.55
0.283,0,0,0,0,0,0,0,0,539.55
0.284,0,0,0,0,0,0,0,0,539.55
0.285,0,0,0,0,0,0,0,0,539.55
0.286,0,0,0,0,0,0,0,0,539.55
0.287,0,0,0,0,0,0,0,0,539.55
0.288,0,0,0,0,0,0,0,0,539.55
0.289,0,0,0,0,0,0,0,0,539.55
0.29,0,0,0,0,0,0,0,0,539.55
0.291,0,0,0,0,0,0,0,0,539.55
0.292,0,0,0,0,0,0,0,0,539.55
0.293,0,0,0,0,0,0,0,0,539.55
0.294,0,0,0,0,0,0,0,0,539.55
0.295,0,0,0,0,0,0,0,0,539.55
0.296,0,0,0,0,0,0,0,0,539.55
0.297,0,0,0,0,0,0,0,0,539.55
0.298,0,0,0,0,0,0,0,0,539.55
0.299,0,0,0,0,0,0,0,0,539.55
0.3,0,0,0,0,0,0,0,0,539.55
0.301,0,0,0,0,0,0,0,0,539.55
0.302,0,0,0,0,0,0,0,0,539.55
0.303,0,0,0,0,0,0,0,0,539.55
0.304,0,0,0,0,0,0,0,0,539.55
0.305,0,0,0,0,0,0,0,0,539.55
0.306,0,0,0,0,0,0,0,0,539.55
0.307,0,0,0,0,0,0,0,0,539.55
0.308,0,0,0,0,0,0,0,0,539.55
0.309,0,0,0,0,0,0,0,0,539.55
0.31,0,0,0,0,0,0,0,0,539.55
0.311,0,0,0,0,0,0,0,0,539.55
0.312,0,0,0,0,0,0,0,0,539.55
0.313,0,0,0,0,0,0,0,0,539.55
0.314,0,0,0,0,0,0,0,0,539.55
0.315,0,0,0,0,0,0,0,0,539.55
0.316,0,0,0,0,0,0,0,0,539.55
0.317,0,0,0,0,0,0,0,0,539.55
0.318,0,0,0,0,0,0,0,0,539.55
0.319,0,0,0,0,0,0,0,0,539.55
0.32,0,0,0,0,0,0,0,0,539.55
0.321,0,0,0,0,0,0,0,0,539.55
0.322,0,0,0,0,0,0,0,0,539.55
0.323,0,0,0,0,0,0,0,0,539.55
0.324,0,0,0,0,0,0,0,0,539.55
0.325,0,0,0,0,0,0,0,0,539.55
0.326,0,0,0,0,0,0,0,0,539.55
0.327,0,0,0,0,0,0,0,0,539.55
0.328,0,0,0,0,0,0,0,0,539.55
0.329,0,0,0,0,0,0,0,0,539.55
0.33,0,0,0,0,0,0,0,0,539.55
0.331,0,0,0,0,0,0,0,0,539.55
0.332,0,0,0,0,0,0,0,0,539.55
0.333,0,0,0,0,0,0,0,0,539.55
0.334,0,0,0,0,0,0,0,0,539.55
0.335,0,0,0,0,0,0,0,0,539.55
0.336,0,0,0,0,0,0,0,0,539.55
0.337,0,0,0,0,0,0,0,0,539.55
0.338,0,0,0,0,0,0,0,0,539.55
0.339,0,0,0,0,0,0,0,0,539.55
0.34,0,0,0,0,0,0,0,0,539.55
0.341,0,0,0,0,0,0,0,0,539.55
0.342,0,0,0,0,0,0,0,0,539.55
0.343,0,0,0,0,0,0,0,0,539.55
0.344,0,0,0,0,0,0,0,0,539.55
0.345,0,0,0,0,0,0,0,0,539.55
0.346,0,0,0,0,0,0,0,0,539.55
0.347,0,0,0,0,0,0,0,0,539.55
0.348,0,0,0,0,0,0,0,0,539.55
0.349,0,0,0,0,0,0,0,0,539.55
0.35,0,0,0,0,0,0,0,0,539.55
0.351,0,0,0,0,0,0,0,0,539.55
0.352,0,0,0,0,0,0,0,0,539.55
0.353,0,0,0,0,0,0,0,0,539.55
0.354,0,0,0,0,0,0,0,0,539.55
0.355,0,0,0,0,0,0,0,0,539.55
0.356,0,0,0,0,0,0,0,0,539.55
0.357,0,0,0,0,0,0,0,0,539.55
0.358,0,0,0,0,0,0,0,0,539.55
0.359,0,0,0,0,0,0,0,0,539.55
0.36,0,0,0,0,0,0,0,0,539.55
0.361,0,0,0,0,0,0,0,0,539.55
0.362,0,0,0,0,0,0,0,0,539.55
0.363,0,0,0,0,0,0,0,0,539.55
0.364,0,0,0,0,0,0,0,0,539.55
0.365,0,0,0,0,0,0,0,0,539.55
0.366,0,0,0,0,0,0,0,0,539.55
0.367,0,0,0,0,0,0,0,0,539.55
0.368,0,0,0,0,0,0,0,0,539.55
0.369,0,0,0,0,0,0,0,0,539.55
0.37,0,0,0,0,0,0,0,0,539.55
0.371,0,0,0,0,0,0,0,0,539.55
0.372,0,0,0,0,0,0,0,0,539.55
0.373,0,0,0,0,0,0,0,0,539.55
0.374,0,0,0,0,0,0,0,0,539.55
0.375,0,0,0,0,0,0,0,0,539.55
0.376,0,0,0,0,0,0,0,0,539.55
0.377,0,0,0,0,0,0,0,0,539.55
0.378,0,0,0,0,0,0,0,0,539.55
0.379,0,0,0,0,0,0,0,0,539.55
0.38,0,0,0,0,0,0,0,0,539.55
0.381,0,0,0,0,0,0,0,0,539.55
0.382,0,0,0,0,0,0,0,0,539.55
0.383,0,0,0,0,0,0,0,0,539.55
0.384,0,0,0,0,0,0,0,0,539.55
0.385,0,0,0,0,0,0,0,0,539.55
0.386,0,0,0,0,0,0,0,0,539.55
0.387,0,0,0,0,0,0,0,0,539.55
0.388,0,0,0,0,0,0,0,0,539.55
0.389,0,0,0,0,0,0,0,0,539.55
0.39,0,0,0,0,0,0,0,0,539.55
0.391,0,0,0,0,0,0,0,0,539.55
0.392,0,0,0,0,0,0,0,0,539.55
0.393,0,0,0,0,0,0,0,0,539.55
0.394,0,0,0,0,0,0,0,0,539.55
0.395,0,0,0,0,0,0,0,0,539.55
0.396,0,0,0,0,0,0,0,0,539.55
0.397,0,0,0,0,0,0,0,0,539.55
0.398,0,0,0,0,0,0,0,0,539.55
0.399,0,0,0,0,0,0,0,0,539.55
0.4,0,0,0,0,0,0,0,0,539.55
0.401,0,0,0,0,0,0,0,0,539.55
0.402,0,0,0,0,0,0,0,0,539.55
0.403,0,0,0,0,0,0,0,0,539.55
0.404,0,0,0,0,0,0,0,0,539.55
0.405,0,0,0,0,0,0,0,0,539.55
0.406,0,0,0,0,0,0,0,0,539.55
0.407,0,0,0,0,0,0,0,0,539.55
0.408,0,0,0,0,0,0,0,0,539.55
0.409,0,0,0,0,0,0,0,0,539.55
0.41,0,0,0,0,0,0,0,0,539.55
0.411,0,0,0,0,0,0,0,0,539.55
0.412,0,0,0,0,0,0,0,0,539.55
0.413,0,0,0,0,0,0,0,0,539.55
0.414,0,0,0,0,0,0,0,0,539.55
0.415,0,0,0,0,0,0,0,0,539.55
0.416,0,0,0,0,0,0,0,0,539.55
0.417,0,0,0,0,0,0,0,0,539.55
0.418,0,0,0,0,0,0,0,0,539.55
0.419,0,0,0,0,0,0,0,0,539.55
0.42,0,0,0,0,0,0,0,0,539.55
0.421,0,0,0,0,0,0,0,0,539.55
0.422,0,0,0,0,0,0,0,0,539.55
0.423,0,0,0,0,0,0,0,0,539.55
0.424,0,0,0,0,0,0,0,0,539.55
0.425,0,0,0,0,0,0,0,0,539.55
0.426,0,0,0,0,0,0,0,0,539.55
0.427,0,0,0,0,0,0,0,0,539.55
0.428,0,0,0,0,0,0,0,0,539.55
0.429,0,0,0,0,0,0,0,0,539.55
0.43,0,0,0,0,0,0,0,0,539.55
0.431,0,0,0,0,0,0,0,0,539.55
0.432,0,0,0,0,0,0,0,0,539.55
0.433,0,0,0,0,0,0,0,0,539.55
0.434,0,0,0,0,0,0,0,0,539.55
0.435,0,0,0,0,0,0,0,0,539.55
0.436,0,0,0,0,0,0,0,0,539.55
0.437,0,0,0,0,0,0,0,0,539.55
0.438,0,0,0,0,0,0,0,0,539.55
0.439,0,0,0,0,0,0,0,0,539.55
0.44,0,0,0,0,0,0,0,0,539.55
0.441,0,0,0,0,0,0,0,0,539.55
0.442,0,0,0,0,0,0,0,0,539.55
0.443,0,0,0,0,0,0,0,0,539.55
0.444,0,0,0,0,0,0,0,0,539.55
0.445,0,0,0,0,0,0,0,0,539.55
0.446,0,0,0,0,0,0,0,0,539.55
0.447,0,0,0,0,0,0,0,0,539.55
0.448,0,0,0,0,0,0,0,0,539.55
0.449,0,0,0,0,0,0,0,0,539.55
0.45,0,0,0,0,0,0,0,0,539.55
0.451,0,0,0,0,0,0,0,0,539.55
0.452,0,0,0,0,0,0,0,0,539.55
0.453,0,0,0,0,0,0,0,0,539.55
0.454,0,0,0,0,0,0,0,0,539.55
0.455,0,0,0,0,0,0,0,0,539.55
0.456,0,0,0,0,0,0,0,0,539.55
0.457,0,0,0,0,0,0,0,0,539.55
0.458,0,0,0,0,0,0,0,0,539.55
0.459,0,0,0,0,0,0,0,0,539.55
0.46,0,0,0,0,0,0,0,0,539.55
0.461,0,0,0,0,0,0,0,0,539.55
0.462,0,0,0,0,0,0,0,0,539.55
0.463,0,0,0,0,0,0,0,0,539.55
0.464,0,0,0,0,0,0,0,0,539.55
0.465,0,0,0,0,0,0,0,0,539.55
0.466,0,0,0,0,0,0,0,0,539.55
0.467,0,0,0,0,0,0,0,0,539.55
0.468,0,0,0,0,0,0,0,0,539.55
0.469,0,0,0,0,0,0,0,0,539.55
0.47,0,0,0,0,0,0,0,0,539.55
0.471,0,0,0,0,0,0,0,0,539.55
0.472,0,0,0,0,0,0,0,0,539.55
0.473,0,0,0,0,0,0,0,0,539.55
0.474,0,0,0,0,0,0,0,0,539.55
0.475,0,0,0,0,0,0,0,0,539.55
0.476,0,0,0,0,0,0,0,0,539.55
0.477,0,0,0,0,0,0,0,0,539.55
0.478,0,0,0,0,0,0,0,0,539.55
0.479,0,0,0,0,0,0,0,0,539.55
0.48,0,0,0,0,0,0,0,0,539.55
0.481,0,0,0,0,0,0,0,0,539.55
0.482,0,0,0,0,0,0,0,0,539.55
0.483,0,0,0,0,0,0,0,0,539.55
0.484,0,0,0,0,0,0,0,0,539.55
0.485,0,0,0,0,0,0,0,0,539.55
0.486,0,0,0,0,0,0,0,0,539.55
0.487,0,0,0,0,0,0,0,0,539.55
0.488,0,0,0,0,0,0,0,0,539.55
0.489,0,0,0,0,0,0,0,0,539.55
0.49,0,0,0,0,0,0,0,0,539.55
0.491,0,0,0,0,0,0,0,0,539.55
0.492,0,0,0,0,0,0,0,0,539.55
0.493,0,0,0,0,0,0,0,0,539.55
0.494,0,0,0,0,0,0,0,0,539.55
0.495,0,0,0,0,0,0,0,0,539.55
0.496,0,0,0,0,0,0,0,0,539.55
0.497,0,0,0,0,0,0,0,0,539.55
0.498,0,0,0,0,0,0,0,0,539.55
0.499,0,0,0,0,0,0,0,0,539.55
0.5,200,200,0,0,3.59241379310345,0,0,14.3696551724138,0
0.501,200,200,1.73257460612184e-06,0.0034047967361547,3.23049304258061,6.93029842448734e-06,0.0136191869446188,12.9219721703224,0
0.502,200,200,6.70374453478401e-06,0.00649279867805754,2.96196160198522,2.68149781391361e-05,0.0259711947122302,11.8478464079409,0
0.503,200,200,1.46444204877502e-05,0.00935873662540882,2.78297420730595,5.85776819510008e-05,0.0374349465016353,11.1318968292238,0
0.504,200,200,2.53735096977477e-05,0.0120805369862165,2.66949327013384,0.000101494038790991,0.0483221479448661,10.6779730805354,0
0.505,200,200,3.87756479020196e-05,0.0147120142896452,2.59911813350445,0.000155102591608078,0.0588480571585806,10.3964725340178,0
0.506,200,200,5.4779137772354e-05,0.0172877636297629,2.55589698288485,0.000219116551089416,0.0691510545190517,10.2235879315394,0
0.507,200,200,7.33399038516549e-05,0.0198293638081464,2.52946459203982,0.00029335961540662,0.0793174552325855,10.1178583681593,0
0.508,200,200,9.44309796614866e-05,0.0223500982411139,2.51332559849519,0.000377723918645947,0.0894003929644555,10.0533023939808,0
0.509,200,200,0.000118035897029677,0.0248580944094007,2.50347248581296,0.000472143588118706,0.0994323776376029,10.0138899432519,0
0.51,200,200,0.000144144601289508,0.0273583104468349,2.49745027978298,0.000576578405158032,0.10943324178734,9.98980111913193,0
0.511,200,200,0.000172750947224885,0.0298537664459604,2.49376032714438,0.000691003788899541,0.119415065783842,9.97504130857753,0
0.512,200,200,0.000203851169936244,0.0323463004976829,2.49148942066721,0.000815404679744975,0.129385201990732,9.96595768266886,0
0.513,200,200,0.000237442952895998,0.0348370307939878,2.49008164146866,0.000949771811583991,0.139348123175951,9.96032656587466,0
0.514,200,200,0.000273524860569225,0.0373266374058794,2.48919875725431,0.0010940994422769,0.149306549623518,9.95679502901725,0
0.515,200,200,0.000312095993190227,0.0398155338843939,2.48863504502232,0.00124838397276091,0.159262135537576,9.9545401800893,0
0.516,200,200,0.000353155776780919,0.0423039716896592,2.48826540028913,0.00141262310712368,0.169215886758637,9.95306160115652,0
0.517,200,200,0.000396703835454364,0.0447921037159195,2.48801375209636,0.00158681534181746,0.179168414863678,9.95205500838544,0
0.518,200,200,0.000442739913766967,0.0472800229251837,2.4878338473459,0.00177095965506787,0.189120091700735,9.9513353893836,0
0.519,200,200,0.000491263829506341,0.049767785839645,2.48769756375319,0.00196505531802537,0.19907114335858,9.95079025501275,0
0.52,200,200,0.000542275444985852,0.0522554268259106,2.48758780292283,0.00216910177994341,0.209021707303642,9.95035121169134,0
0.521,200,200,0.000595774649591617,0.054742966779972,2.48749416901883,0.00238309859836647,0.218971867119888,9.94997667607534,0
0.522,200,200,0.000651761349171074,0.0572304184076639,2.48741034133785,0.0026070453966843,0.228921673630656,9.94964136535141,0
0.523,200,200,0.000710235459581194,0.0597177894351602,2.48733247683991,0.00284094183832478,0.238871157740641,9.94932990735963,0
0.524,200,200,0.000771196902765742,0.0622050845609458,2.48725823890079,0.00308478761106297,0.248820338243783,9.94903295560317,0
0.525,200,200,0.000834645604370198,0.0646923066426174,2.48718620680247,0.00333858241748079,0.258769226570469,9.94874482720988,0
0.526,200,200,0.000900581492291581,0.0671794574184651,2.48711551670688,0.00360232596916632,0.26871782967386,9.94846206682753,0
0.527,200,200,0.000969004495796693,0.0696665379462041,2.48704564336845,0.00387601798318677,0.278666151784817,9.94818257347381,0
0.528,200,200,0.00103991454498599,0.0721535488697324,2.48697626741415,0.00415965817994396,0.28861419547893,9.94790506965661,0
0.529,200,200,0.00111331157046758,0.0746404905813264,2.48690719464813,0.00445324628187034,0.298561962325306,9.94762877859253,0
0.53,200,200,0.00118919550315902,0.0771273633202629,2.48683830698736,0.00475678201263607,0.308509453281052,9.94735322794942,0
0.531,200,200,0.00126756627416674,0.0796141672327844,2.48676953262906,0.00507026509666695,0.318456668931138,9.94707813051625,0
0.532,200,200,0.0013484238147128,0.0821009024085618,2.48670082791155,0.00539369525885122,0.328403609634247,9.94680331164621,0
0.533,200,200,0.00143176805609032,0.084587568902866,2.48663216628471,0.00572707222436128,0.338350275611464,9.94652866513886,0
0.534,200,200,0.00151759892963633,0.0870741667500492,2.48656353160354,0.00607039571854534,0.348296667000197,9.94625412641417,0
0.535,200,200,0.00160591636671536,0.0895606959717435,2.4864949140502,0.00642366546686144,0.358242783886974,9.94597965620078,0
0.536,200,200,0.00169672029870935,0.0920471565818452,2.4864263076543,0.00678688119483742,0.368188626327381,9.94570523061721,0
0.537,200,200,0.00179001065701162,0.0945335485895466,2.48635770878515,0.00716004262804649,0.378134194358187,9.94543083514059,0
0.538,200,200,0.00188578737302311,0.0970198720011796,2.48628911523477,0.00754314949209246,0.388079488004719,9.94515646093908,0
0.539,200,200,0.00198405037815017,0.0995061268213362,2.4862205256604,0.00793620151260068,0.398024507285345,9.94488210264161,0
0.54,200,200,0.00208479960380315,0.10199231305355,2.48615193924544,0.00833919841521259,0.407969252214201,9.94460775698175,0
0.541,200,200,0.00218803498139559,0.104478430700713,2.48608335549322,0.00875213992558237,0.417913722802851,9.94433342197288,0
0.542,200,200,0.00229375644234373,0.106964479765323,2.4860147741017,0.0091750257693749,0.42785791906129,9.94405909640678,0
0.543,200,200,0.00240196391806614,0.109450460249641,2.48594619488713,0.00960785567226457,0.437801840998564,9.94378477954854,0
0.544,200,200,0.00251265733998362,0.111936372155785,2.48587761773778,0.0100506293599345,0.447745488623139,9.94351047095111,0
0.545,200,200,0.002625836639519,0.114422215485782,2.48580904258564,0.010503346558076,0.457688861943128,9.94323617034255,0
0.546,200,200,0.00274150174809712,0.116907990241608,2.48574046938934,0.0109660069923885,0.467631960966431,9.94296187755736,0
0.547,200,200,0.0028596525971448,0.119393696425204,2.4856718981237,0.0114386103885792,0.477574785700817,9.94268759249481,0
0.548,200,200,0.00298028911809076,0.121879334038494,2.48560332877339,0.0119211564723631,0.487517336153974,9.94241331509355,0
0.549,200,200,0.00310341124236566,0.124364903083386,2.48553476132905,0.0124136449694626,0.497459612333545,9.94213904531621,0
0.55,200,200,0.00322901890140204,0.126850403561785,2.48546619578498,0.0129160756056082,0.50740161424714,9.94186478313992,0
0.551,200,200,0.00335711202663436,0.129335835475588,2.48539763213769,0.0134284481065374,0.517343341902354,9.94159052855075,0
0.552,200,200,0.00348769054949898,0.131821198826692,2.48532907038503,0.0139507621979959,0.527284795306768,9.94131628154011,0
0.553,200,200,0.00362075440143414,0.13430649361699,2.48526051052568,0.0144830176057366,0.537225974467958,9.9410420421027,0
0.554,200,200,0.00375630351387999,0.136791719848374,2.4851919525588,0.01502521405552,0.547166879393497,9.94076781023522,0
0.555,200,200,0.00389433781827855,0.139276877522738,2.48512339648389,0.0155773512731142,0.557107510090951,9.94049358593557,0
0.556,200,200,0.00403485724607376,0.141761966641972,2.4850548423006,0.016139428984295,0.56704786656789,9.94021936920242,0
0.557,200,200,0.00417786172871142,0.144246987207969,2.48498629000871,0.0167114469148457,0.576987948831878,9.93994516003483,0
0.558,200,200,0.00432335119763925,0.14673193922262,2.48491773960805,0.017293404790557,0.586927756890481,9.93967095843219,0
0.559,200,200,0.00447132558430684,0.149216822687816,2.48484919109851,0.0178853023372274,0.596867290751264,9.93939676439403,0
0.56,200,200,0.00462178482016569,0.151701637605448,2.48478064448,0.0184871392806628,0.606806550421791,9.93912257791998,0
0.561,200,200,0.00477472883666918,0.154186383977406,2.48471209975244,0.0190989153466767,0.616745535909625,9.93884839900974,0
0.562,200,200,0.00493015756527258,0.156671061805583,2.48464355691576,0.0197206302610903,0.626684247222331,9.93857422766305,0
0.563,200,200,0.00508807093743305,0.159155671091868,2.48457501596991,0.0203522837497322,0.636622684367472,9.93830006387965,0
0.564,200,200,0.00524846888460964,0.161640211838153,2.48450647691483,0.0209938755384386,0.646560847352612,9.93802590765932,0
0.565,200,200,0.00541135133826331,0.164124684046328,2.48443793975046,0.0216454053530533,0.656498736185312,9.93775175900183,0
0.566,200,200,0.00557671822985689,0.166609087718284,2.48436940447674,0.0223068729194276,0.666436350873136,9.93747761790697,0
0.567,200,200,0.00574456949085511,0.169093422855912,2.48430087109363,0.0229782779634204,0.676373691423647,9.93720348437454,0
0.568,200,200,0.00591490505272457,0.171577689461101,2.48423233960108,0.0236596202108983,0.686310757844406,9.9369293584043,0
0.569,200,200,0.00608772484693379,0.174061887535744,2.48416380999901,0.0243508993877352,0.696247550142976,9.93665523999606,0
0.57,200,200,0.00626302880495317,0.17654601708173,2.4840952822874,0.0250521152198127,0.706184068326918,9.9363811291496,0
0.571,200,200,0.006440816858255,0.179030078100949,2.48402675646618,0.02576326743302,0.716120312403795,9.93610702586472,0
0.572,200,200,0.00662108893831344,0.181514070595292,2.4839582325353,0.0264843557532538,0.726056282381168,9.9358329301412,0
0.573,200,200,0.00680384497660459,0.18399799456665,2.48388971049471,0.0272153799064183,0.735991978266598,9.93555884197885,0
0.574,200,200,0.00698908490460638,0.186481850016912,2.48382119034436,0.0279563396184255,0.745927400067646,9.93528476137744,0
0.575,200,200,0.00717680865379867,0.188965636947968,2.48375267208419,0.0287072346151947,0.755862547791874,9.93501068833677,0
0.576,200,200,0.00736701615566321,0.19144935536171,2.48368415571416,0.0294680646226528,0.76579742144684,9.93473662285663,0
0.577,200,200,0.00755970734168362,0.193933005260027,2.48361564123421,0.0302388293667345,0.775732021040107,9.93446256493682,0
0.578,200,200,0.00775488214334542,0.196416586644808,2.48354712864428,0.0310195285733817,0.785666346579234,9.93418851457712,0
0.579,200,200,0.00795254049213602,0.198900099517945,2.48347861794433,0.0318101619685441,0.795600398071781,9.93391447177733,0
0.58,200,200,0.00815268231954472,0.201383543881327,2.48341010913431,0.0326107292781789,0.805534175525308,9.93364043653723,0
0.581,200,200,0.00835530755706272,0.203866919736844,2.48334160221416,0.0334212302282509,0.815467678947375,9.93336640885662,0
0.582,200,200,0.00856041613618309,0.206350227086385,2.48327309718382,0.0342416645447323,0.825400908345541,9.93309238873529,0
0.583,200,200,0.00876800798840079,0.208833465931841,2.48320459404326,0.0350720319536032,0.835333863727366,9.93281837617303,0
0.584,200,200,0.0089780830452127,0.211316636275102,2.48313609279241,0.0359123321808508,0.845266545100407,9.93254437116964,0
0.585,200,200,0.00919064123811756,0.213799738118056,2.48306759343123,0.0367625649524703,0.855198952472225,9.9322703737249,0
0.586,200,200,0.00940568249861601,0.216282771462594,2.48299909595965,0.037622729994464,0.865131085850377,9.93199638383861,0
0.587,200,200,0.00962320675821058,0.218765736310605,2.48293060037764,0.0384928270328423,0.875062945242421,9.93172240151055,0
0.588,200,200,0.00984321394840568,0.221248632663979,2.48286210668513,0.0393728557936227,0.884994530655917,9.93144842674052,0
0.589,200,200,0.0100657040007076,0.223731460524605,2.48279361488208,0.0402628160028305,0.894925842098422,9.93117445952832,0
0.59,200,200,0.0102906768466246,0.226214219894373,2.48272512496843,0.0411627073864984,0.904856879577493,9.93090049987372,0
0.591,200,200,0.0105181324176667,0.228696910775172,2.48265663694413,0.0420725296706668,0.914787643100688,9.93062654777653,0
0.592,200,200,0.0107480706453459,0.231179533168891,2.48258815080913,0.0429922825813837,0.924718132675565,9.93035260323653,0
0.593,200,200,0.0109804914611761,0.23366208707742,2.48251966656338,0.0439219658447044,0.93464834830968,9.93007866625352,0
0.594,200,200,0.011215394796673,0.236144572502648,2.48245118420682,0.044861579186692,0.944578290010591,9.92980473682729,0
0.595,200,200,0.0114527805833543,0.238626989446463,2.48238270373941,0.045811122333417,0.954507957785854,9.92953081495763,0
0.596,200,200,0.0116926487527394,0.241109337910756,2.48231422516108,0.0467705950109576,0.964437351643025,9.92925690064433,0
0.597,200,200,0.0119349992363499,0.243591617897415,2.48224574847179,0.0477399969453996,0.974366471589661,9.92898299388718,0
0.598,200,200,0.012179831965709,0.246073829408329,2.48217727367149,0.048719327862836,0.984295317633318,9.92870909468597,0
0.599,200,200,0.0124271468723419,0.248555972445388,2.48210880076013,0.0497085874893677,0.994223889781552,9.92843520304051,0
0.6,200,200,0.0126769438877758,0.251038047010479,2.48204032973764,0.0507077755511031,1.00415218804192,9.92816131895056,0
0.601,200,200,0.0129292229435395,0.253520053105493,2.48197186060399,0.0517168917741581,1.01408021242197,9.92788744241594,0
0.602,200,200,0.013183983971164,0.256001990732317,2.48190339335911,0.0527359358846562,1.02400796292927,9.92761357343643,0
0.603,200,200,0.0134412269021821,0.258483859892841,2.48183492800296,0.0537649076087282,1.03393543957136,9.92733971201182,0
0.604,200,200,0.0137009516681282,0.260965660588952,2.48176646453548,0.054803806672513,1.04386264235581,9.9270658581419,0
0.605,200,200,0.0139631582005391,0.263447392822541,2.48169800295662,0.0558526328021565,1.05378957129016,9.92679201182647,0
0.606,200,200,0.0142278464309531,0.265929056595495,2.48162954326633,0.0569113857238125,1.06371622638198,9.92651817306532,0
0.607,200,200,0.0144950162909105,0.268410651909703,2.48156108546456,0.0579800651636421,1.07364260763881,9.92624434185824,0
0.608,200,200,0.0147646677119536,0.270892178767054,2.48149262955125,0.0590586708478143,1.08356871506821,9.92597051820501,0
0.609,200,200,0.0150368006256263,0.273373637169435,2.48142417552636,0.0601472025025053,1.09349454867774,9.92569670210544,0
0.61,200,200,0.0153114149634748,0.275855027118736,2.48135572338983,0.061245659853899,1.10342010847494,9.92542289355931,0
0.611,200,200,0.0155885106570467,0.278336348616844,2.4812872731416,0.0623540426281869,1.11334539446738,9.92514909256641,0
0.612,200,200,0.015868087637892,0.280817601665649,2.48121882478164,0.063472350551568,1.12327040666259,9.92487529912655,0
0.613,200,200,0.0161501458375622,0.283298786267037,2.48115037830987,0.0646005833502489,1.13319514506815,9.92460151323949,0
0.614,200,200,0.0164346851876109,0.285779902422898,2.48108193372626,0.0657387407504436,1.14311960969159,9.92432773490506,0
0.615,200,200,0.0167217056195935,0.288260950135119,2.48101349103075,0.0668868224783739,1.15304380054048,9.92405396412302,0
0.616,200,200,0.0170112070650672,0.290741929405589,2.48094505022329,0.0680448282602689,1.16296771762235,9.92378020089317,0
0.617,200,200,0.0173031894555914,0.293222840236195,2.48087661130383,0.0692127578223654,1.17289136094478,9.92350644521531,0
0.618,200,200,0.0175976527227269,0.295703682628826,2.48080817427231,0.0703906108909078,1.1828147305153,9.92323269708923,0
0.619,200,200,0.017894596798037,0.298184456585369,2.48073973912868,0.0715783871921479,1.19273782634147,9.92295895651471,0
0.62,200,200,0.0181940216130863,0.300665162107712,2.48067130587289,0.0727760864523452,1.20266064843085,9.92268522349156,0
0.621,200,200,0.0184959270994416,0.303145799197744,2.48060287450489,0.0739837083977665,1.21258319679098,9.92241149801955,0
0.622,200,200,0.0188003131886716,0.305626367857351,2.48053444502462,0.0752012527546865,1.22250547142941,9.9221377800985,0
0.623,200,200,0.0191071798123468,0.308106868088422,2.48046601743204,0.0764287192493873,1.23242747235369,9.92186406972817,0
0.624,200,200,0.0194165269020396,0.310587299892845,2.48039759172709,0.0776661076081584,1.24234919957138,9.92159036690837,0
0.625,200,200,0.0197283543893243,0.313067663272506,2.48032916790972,0.078913417557297,1.25227065309002,9.92131667163889,0
0.626,200,200,0.020042662205777,0.315547958229293,2.48026074597988,0.080170648823108,1.26219183291717,9.92104298391952,0
0.627,200,200,0.0203594502829759,0.318028184765095,2.48019232593751,0.0814378011319034,1.27211273906038,9.92076930375005,0
0.628,200,200,0.0206787185525008,0.320508342881797,2.48012390778257,0.0827148742100032,1.28203337152719,9.92049563113028,0
0.629,200,200,0.0210004669459337,0.322988432581289,2.480055491515,0.0840018677837348,1.29195373032516,9.92022196605999,0
0.63,200,200,0.0213246953948583,0.325468453865456,2.47998707713475,0.0852987815794331,1.30187381546183,9.91994830853898,0
0.631,200,200,0.0216514038308601,0.327948406736187,2.47991866464176,0.0866056153234406,1.31179362694475,9.91967465856704,0
0.632,200,200,0.0219805921855268,0.330428291195369,2.47985025403599,0.0879223687421072,1.32171316478148,9.91940101614395,0
0.633,200,200,0.0223122603904477,0.332908107244889,2.47978184531738,0.0892490415617906,1.33163242897955,9.91912738126953,0
0.634,200,200,0.022646408377214,0.335387854886633,2.47971343848589,0.0905856335088559,1.34155141954653,9.91885375394354,0
0.635,200,200,0.022983036077419,0.337867534122489,2.47964503354145,0.0919321443096758,1.35147013648996,9.91858013416579,0
0.636,200,200,0.0233221434226576,0.340347144954345,2.47957663048402,0.0932885736906305,1.36138857981738,9.91830652193607,0
0.637,200,200,0.0236637303445269,0.342826687384086,2.47950822931354,0.0946549213781078,1.37130674953635,9.91803291725417,0
0.638,200,200,0.0240077967746257,0.345306161413601,2.47943983002997,0.0960311870985029,1.3812246456544,9.91775932011987,0
0.639,200,200,0.0243543426445547,0.347785567044775,2.47937143263325,0.0974173705782188,1.3911422681791,9.91748573053299,0
0.64,200,200,0.0247033678859165,0.350264904279496,2.47930303712332,0.0988134715436658,1.40105961711798,9.91721214849329,0
0.641,200,200,0.0250548724303155,0.352744173119651,2.47923464350015,0.100219489721262,1.4109766924786,9.91693857400059,0
0.642,200,200,0.0254088562093582,0.355223373567125,2.47916625176366,0.101635424837433,1.4208934942685,9.91666500705466,0
0.643,200,200,0.0257653191546528,0.357702505623807,2.47909786191383,0.103061276618611,1.43081002249523,9.9163914476553,0
0.644,200,200,0.0261242611978095,0.360181569291582,2.47902947395058,0.104497044791238,1.44072627716633,9.91611789580231,0
0.645,200,200,0.0264856822704403,0.362660564572337,2.47896108787387,0.105942729081761,1.45064225828935,9.91584435149546,0
0.646,200,200,0.0268495823041591,0.365139491467959,2.47889270368364,0.107398329216637,1.46055796587183,9.91557081473457,0
0.647,200,200,0.0272159612305818,0.367618349980333,2.47882432137985,0.108863844922327,1.47047339992133,9.91529728551941,0
0.648,200,200,0.027584818981326,0.370097140111347,2.47875594096244,0.110339275925304,1.48038856044539,9.91502376384978,0
0.649,200,200,0.0279561554880113,0.372575861862887,2.47868756243137,0.111824621952045,1.49030344745155,9.91475024972547,0
0.65,200,200,0.0283299706822593,0.375054515236839,2.47861918578657,0.113319882729037,1.50021806094735,9.91447674314628,0
0.651,200,200,0.0287062644956931,0.377533100235089,2.478550811028,0.114825057982773,1.51013240094035,9.91420324411199,0
0.652,200,200,0.0290850368599382,0.380011616859523,2.4784824381556,0.116340147439753,1.52004646743809,9.91392975262239,0
0.653,200,200,0.0294662877066215,0.382490065112029,2.47841406716932,0.117865150826486,1.52996026044811,9.91365626867729,0
0.654,200,200,0.0298500169673722,0.384968444994491,2.47834569806912,0.119400067869489,1.53987377997796,9.91338279227647,0
0.655,200,200,0.0302362245738211,0.387446756508795,2.47827733085493,0.120944898295285,1.54978702603518,9.91310932341972,0
0.656,200,200,0.0306249104576011,0.389924999656829,2.47820896552671,0.122499641830404,1.55969999862732,9.91283586210683,0
0.657,200,200,0.0310160745503467,0.392403174440477,2.4781406020844,0.124064298201387,1.56961269776191,9.9125624083376,0
0.658,200,200,0.0314097167836945,0.394881280861626,2.47807224052795,0.125638867134778,1.57952512344651,9.91228896211182,0
0.659,200,200,0.031805837089283,0.397359318922162,2.47800388085732,0.127223348357132,1.58943727568865,9.91201552342928,0
0.66,200,200,0.0322044353987526,0.39983728862397,2.47793552307244,0.12881774159501,1.59934915449588,9.91174209228977,0
0.661,200,200,0.0326055116437454,0.402315189968935,2.47786716717327,0.130422046574981,1.60926075987574,9.91146866869308,0
0.662,200,200,0.0330090657559055,0.404793022958945,2.47779881315975,0.132036263023622,1.61917209183578,9.91119525263901,0
0.663,200,200,0.0334150976668789,0.407270787595883,2.47773046103184,0.133660390667516,1.62908315038353,9.91092184412735,0
0.664,200,200,0.0338236073083135,0.409748483881637,2.47766211078947,0.135294429233254,1.63899393552655,9.91064844315788,0
0.665,200,200,0.0342345946118591,0.412226111818091,2.4775937624326,0.136938378447436,1.64890444727236,9.91037504973041,0
0.666,200,200,0.0346480595091672,0.414703671407131,2.47752541596118,0.138592238036669,1.65881468562852,9.91010166384473,0
0.667,200,200,0.0350640019318915,0.417181162650642,2.47745707137515,0.140256007727566,1.66872465060257,9.90982828550062,0
0.668,200,200,0.0354824218116873,0.419658585550509,2.47738872867447,0.141929687246749,1.67863434220204,9.90955491469787,0
0.669,200,200,0.0359033190802119,0.422135940108619,2.47732038785907,0.143613276320848,1.68854376043448,9.90928155143629,0
0.67,200,200,0.0363266936691246,0.424613226326856,2.47725204892891,0.145306774676498,1.69845290530742,9.90900819571565,0
0.671,200,200,0.0367525455100863,0.427090444207105,2.47718371188394,0.147010182040345,1.70836177682842,9.90873484753576,0
0.672,200,200,0.0371808745347601,0.429567593751252,2.4771153767241,0.14872349813904,1.71827037500501,9.90846150689641,0
0.673,200,200,0.0376116806748107,0.432044674961182,2.47704704344935,0.150446722699243,1.72817869984473,9.90818817379738,0
0.674,200,200,0.038044963861905,0.434521687838779,2.47697871205962,0.15217985544762,1.73808675135512,9.90791484823847,0
0.675,200,200,0.0384807240277115,0.436998632385929,2.47691038255487,0.153922896110846,1.74799452954372,9.90764153021948,0
0.676,200,200,0.0389189611039007,0.439475508604517,2.47684205493505,0.155675844415603,1.75790203441807,9.90736821974019,0
0.677,200,200,0.0393596750221449,0.441952316496428,2.4767737292001,0.15743870008858,1.76780926598571,9.90709491680039,0
0.678,200,200,0.0398028657141186,0.444429056063546,2.47670540534997,0.159211462856474,1.77771622425418,9.90682162139988,0
0.679,200,200,0.0402485331114977,0.446905727307756,2.47663708338461,0.160994132445991,1.78762290923102,9.90654833353845,0
0.68,200,200,0.0406966771459604,0.449382330230943,2.47656876330397,0.162786708583842,1.79752932092377,9.90627505321589,0
0.681,200,200,0.0411472977491866,0.451858864834992,2.476500445108,0.164589190996746,1.80743545933997,9.906001780432,0
0.682,200,200,0.041600394852858,0.454335331121787,2.47643212879664,0.166401579411432,1.81734132448715,9.90572851518656,0
0.683,200,200,0.0420559683886584,0.456811729093214,2.47636381436984,0.168223873554633,1.82724691637285,9.90545525747937,0
0.684,200,200,0.0425140182882733,0.459288058751155,2.47629550182755,0.170056073153093,1.83715223500462,9.90518200731021,0
0.685,200,200,0.0429745444833901,0.461764320097497,2.47622719116972,0.171898177933561,1.84705728038999,9.90490876467889,0
0.686,200,200,0.0434375469056984,0.464240513134123,2.4761588823963,0.173750187622793,1.85696205253649,9.9046355295852,0
0.687,200,200,0.0439030254868891,0.466716637862918,2.47609057550723,0.175612101947556,1.86686655145167,9.90436230202892,0
0.688,200,200,0.0443709801586555,0.469192694285765,2.47602227050246,0.177483920634622,1.87677077714306,9.90408908200984,0
0.689,200,200,0.0448414108526926,0.471668682404551,2.47595396738194,0.17936564341077,1.8866747296182,9.90381586952777,0
0.69,200,200,0.0453143175006972,0.474144602221157,2.47588566614562,0.181257270002789,1.89657840888463,9.90354266458249,0
0.691,200,200,0.0457897000343682,0.47662045373747,2.47581736679345,0.183158800137473,1.90648181494988,9.90326946717379,0
0.692,200,200,0.046267558385406,0.479096236955372,2.47574906932537,0.185070233541624,1.91638494782149,9.90299627730147,0
0.693,200,200,0.0467478924855134,0.481571951876749,2.47568077374133,0.186991569942054,1.92628780750699,9.90272309496532,0
0.694,200,200,0.0472307022663947,0.484047598503483,2.47561248004128,0.188922809065579,1.93619039401393,9.90244992016513,0
0.695,200,200,0.0477159876597561,0.486523176837459,2.47554418822517,0.190863950639024,1.94609270734984,9.90217675290069,0
0.696,200,200,0.048203748597306,0.488998686880561,2.47547589829295,0.192814994389224,1.95599474752225,9.9019035931718,0
0.697,200,200,0.0486939850107542,0.491474128634673,2.47540761024456,0.194775940043017,1.96589651453869,9.90163044097824,0
0.698,200,200,0.0491866968318129,0.493949502101678,2.47533932407995,0.196746787327252,1.97579800840671,9.90135729631981,0
0.699,200,200,0.0496818839921959,0.496424807283461,2.47527103979908,0.198727535968783,1.98569922913384,9.9010841591963,0
0.7,200,200,0.0501795464236187,0.498900044181904,2.47520275740188,0.200718185694475,1.99560017672762,9.90081102960751,0
0.701,200,200,0.0506796840577992,0.501375212798893,2.47513447688831,0.202718736231197,2.00550085119557,9.90053790755322,0
0.702,200,200,0.0511822968264567,0.503850313136309,2.47506619825831,0.204729187305827,2.01540125254524,9.90026479303323,0
0.703,200,200,0.0516873846613126,0.506325345196037,2.47499792151183,0.20674953864525,2.02530138078415,9.89999168604733,0
0.704,200,200,0.0521949474940901,0.50880030897996,2.47492964664883,0.208779789976361,2.03520123591984,9.89971858659531,0
0.705,200,200,0.0527049852565145,0.511275204489963,2.47486137366924,0.210819941026058,2.04510081795985,9.89944549467697,0
0.706,200,200,0.0532174978803127,0.513750031727927,2.47479310257302,0.212869991521251,2.05500012691171,9.89917241029209,0
0.707,200,200,0.0537324852972136,0.516224790695736,2.47472483336012,0.214929941188855,2.06489916278295,9.89889933344047,0
0.708,200,200,0.0542499474389481,0.518699481395275,2.47465656603047,0.216999789755792,2.0747979255811,9.8986262641219,0
0.709,200,200,0.0547698842372487,0.521174103828425,2.47458830058404,0.219079536948995,2.0846964153137,9.89835320233617,0
0.71,200,200,0.0552922956238501,0.52364865799707,2.47452003702077,0.2211691824954,2.09459463198828,9.89808014808308,0
0.711,200,200,0.0558171815304887,0.526123143903094,2.4744517753406,0.223268726121955,2.10449257561238,9.89780710136241,0
0.712,200,200,0.0563445418889027,0.528597561548379,2.47438351554349,0.225378167555611,2.11439024619352,9.89753406217397,0
0.713,200,200,0.0568743766308325,0.531071910934809,2.47431525762938,0.22749750652333,2.12428764373924,9.89726103051753,0
0.714,200,200,0.05740668568802,0.533546192064266,2.47424700159823,0.22962674275208,2.13418476825706,9.8969880063929,0
0.715,200,200,0.0579414689922093,0.536020404938633,2.47417874744997,0.231765875968837,2.14408161975453,9.89671498979987,0
0.716,200,200,0.0584787264751462,0.538494549559793,2.47411049518456,0.233914905900585,2.15397819823917,9.89644198073823,0
0.717,200,200,0.0590184580685785,0.54096862592963,2.47404224480194,0.236073832274314,2.16387450371852,9.89616897920776,0
0.718,200,200,0.0595606637042557,0.543442634050025,2.47397399630207,0.238242654817023,2.1737705362001,9.89589598520827,0
0.719,200,200,0.0601053433139293,0.545916573922861,2.47390574968489,0.240421373255717,2.18366629569145,9.89562299873954,0
0.72,200,200,0.0606524968293528,0.548390445550022,2.47383750495034,0.242609987317411,2.19356178220009,9.89535001980137,0
0.721,200,200,0.0612021241822814,0.55086424893339,2.47376926209839,0.244808496729126,2.20345699573356,9.89507704839355,0
0.722,200,200,0.0617542253044723,0.553337984074846,2.47370102112897,0.247016901217889,2.21335193629939,9.89480408451588,0
0.723,200,200,0.0623088001276845,0.555811650976275,2.47363278204203,0.249235200510738,2.2232466039051,9.89453112816813,0
0.724,200,200,0.0628658485836788,0.558285249639558,2.47356454483753,0.251463394334715,2.23314099855823,9.89425817935011,0
0.725,200,200,0.0634253706042181,0.560758780066577,2.4734963095154,0.253701482416873,2.24303512026631,9.89398523806162,0
0.726,200,200,0.0639873661210672,0.563232242259216,2.47342807607561,0.255949464484269,2.25292896903686,9.89371230430243,0
0.727,200,200,0.0645518350659924,0.565705636219356,2.47335984451809,0.25820734026397,2.26282254487742,9.89343937807234,0
0.728,200,200,0.0651187773707623,0.56817896194888,2.47329161484279,0.260475109483049,2.27271584779552,9.89316645937116,0
0.729,200,200,0.0656881929671472,0.570652219449669,2.47322338704966,0.262752771868589,2.28260887779868,9.89289354819865,0
0.73,200,200,0.0662600817869194,0.573125408723607,2.47315516113866,0.265040327147678,2.29250163489443,9.89262064455463,0
0.731,200,200,0.0668344437618528,0.575598529772574,2.47308693710972,0.267337775047411,2.3023941190903,9.89234774843889,0
0.732,200,200,0.0674112788237235,0.578071582598453,2.4730187149628,0.269645115294894,2.31228633039381,9.8920748598512,0
0.733,200,200,0.0679905869043093,0.580544567203127,2.47295049469784,0.271962347617237,2.32217826881251,9.89180197879138,0
0.734,200,200,0.06857236793539,0.583017483588476,2.4728822763148,0.27428947174156,2.33206993435391,9.8915291052592,0
0.735,200,200,0.0691566218487471,0.585490331756384,2.47281405981362,0.276626487394988,2.34196132702553,9.89125623925446,0
0.736,200,200,0.0697433485761642,0.587963111708731,2.47274584519424,0.278973394304657,2.35185244683492,9.89098338077696,0
0.737,200,200,0.0703325480494267,0.590435823447399,2.47267763245662,0.281330192197707,2.3617432937896,9.89071052982649,0
0.738,200,200,0.0709242202003217,0.592908466974271,2.47260942160071,0.283696880801287,2.37163386789708,9.89043768640284,0
0.739,200,200,0.0715183649606386,0.595381042291228,2.47254121262645,0.286073459842554,2.38152416916491,9.89016485050579,0
0.74,200,200,0.0721149822621682,0.597853549400151,2.47247300553379,0.288459929048673,2.3914141976006,9.88989202213515,0
0.741,200,200,0.0727140720367035,0.600325988302923,2.47240480032268,0.290856288146814,2.40130395321169,9.88961920129071,0
0.742,200,200,0.0733156342160393,0.602798359001424,2.47233659699306,0.293262536864157,2.4111934360057,9.88934638797225,0
0.743,200,200,0.0739196687319722,0.605270661497536,2.47226839554489,0.295678674927889,2.42108264599014,9.88907358217958,0
0.744,200,200,0.0745261755163008,0.607742895793141,2.47220019597812,0.298104702065203,2.43097158317256,9.88880078391248,0
0.745,200,200,0.0751351545008256,0.610215061890119,2.47213199829269,0.300540618003303,2.44086024756048,9.88852799317074,0
0.746,200,200,0.0757466056173488,0.612687159790353,2.47206380248854,0.302986422469395,2.45074863916141,9.88825520995416,0
0.747,200,200,0.0763605287976747,0.615159189495723,2.47199560856563,0.305442115190699,2.46063675798289,9.88798243426254,0
0.748,200,200,0.0769769239736093,0.617631151008112,2.47192741652391,0.307907695894437,2.47052460403245,9.88770966609565,0
0.749,200,200,0.0775957910769606,0.620103044329398,2.47185922636333,0.310383164307842,2.48041217731759,9.8874369054533,0
0.75,200,200,0.0782171300395384,0.622574869461465,2.47179103808382,0.312868520158153,2.49029947784586,9.88716415233528,0
0.751,200,200,0.0788409407931544,0.625046626406193,2.47172285168535,0.315363763172618,2.50018650562477,9.88689140674138,0
0.752,200,200,0.0794672232696223,0.627518315165463,2.47165466716785,0.317868893078489,2.51007326066185,9.88661866867139,0
0.753,200,200,0.0800959774007575,0.629989935741156,2.47158648453128,0.32038390960303,2.51995974296462,9.88634593812511,0
0.754,200,200,0.0807272031183773,0.632461488135152,2.47151830377558,0.322908812473509,2.52984595254061,9.88607321510232,0
0.755,200,200,0.0813609003543012,0.634932972349334,2.47145012490071,0.325443601417205,2.53973188939733,9.88580049960283,0
0.756,200,200,0.08199706904035,0.637404388385581,2.4713819479066,0.3279882761614,2.54961755354232,9.88552779162642,0
0.757,200,200,0.082635709108347,0.639875736245774,2.47131377279322,0.330542836433388,2.5595029449831,9.88525509117288,0
0.758,200,200,0.0832768204901169,0.642347015931794,2.4712455995605,0.333107281960467,2.56938806372718,9.88498239824201,0
0.759,200,200,0.0839204031174865,0.644818227445522,2.4711774282084,0.335681612469946,2.57927290978209,9.88470971283359,0
0.76,200,200,0.0845664569222844,0.647289370788838,2.47110925873686,0.338265827689138,2.58915748315535,9.88443703494744,0
0.761,200,200,0.0852149818363413,0.649760445963622,2.47104109114583,0.340859927345365,2.59904178385449,9.88416436458332,0
0.762,200,200,0.0858659777914895,0.652231452971756,2.47097292543526,0.343463911165958,2.60892581188702,9.88389170174104,0
0.763,200,200,0.0865194447195632,0.654702391815119,2.4709047616051,0.346077778878253,2.61880956726048,9.8836190464204,0
0.764,200,200,0.0871753825523987,0.657173262495593,2.47083659965529,0.348701530209595,2.62869304998237,9.88334639862117,0
0.765,200,200,0.0878337912218341,0.659644065015057,2.47076843958579,0.351335164887336,2.63857626006023,9.88307375834316,0
0.766,200,200,0.0884946706597091,0.662114799375391,2.47070028139654,0.353978682638837,2.64845919750157,9.88280112558616,0
0.767,200,200,0.0891580207978658,0.664585465578477,2.47063212508749,0.356632083191463,2.65834186231391,9.88252850034996,0
0.768,200,200,0.0898238415681477,0.667056063626193,2.47056397065859,0.359295366272591,2.66822425450477,9.88225588263435,0
0.769,200,200,0.0904921329024003,0.66952659352042,2.47049581810978,0.361968531609601,2.67810637408168,9.88198327243912,0
0.77,200,200,0.0911628947324713,0.671997055263039,2.47042766744102,0.364651578929885,2.68798822105216,9.88171066976408,0
0.771,200,200,0.0918361269902098,0.674467448855929,2.47035951865225,0.367344507960839,2.69786979542372,9.881438074609,0
0.772,200,200,0.0925118296074672,0.67693777430097,2.47029137174342,0.370047318429869,2.70775109720388,9.88116548697368,0
0.773,200,200,0.0931900025160965,0.679408031600043,2.47022322671448,0.372760010064386,2.71763212640017,9.88089290685792,0
0.774,200,200,0.0938706456479526,0.681878220755026,2.47015508356538,0.37548258259181,2.7275128830201,9.88062033426151,0
0.775,200,200,0.0945537589348924,0.6843483417678,2.47008694229606,0.37821503573957,2.7373933670712,9.88034776918424,0
0.776,200,200,0.0952393423087747,0.686818394640245,2.47001880290648,0.380957369235099,2.74727357856098,9.8800752116259,0
0.777,200,200,0.0959273957014601,0.689288379374239,2.46995066539657,0.38370958280584,2.75715351749696,9.87980266158629,0
0.778,200,200,0.096617919044811,0.691758295971664,2.4698825297663,0.386471676179244,2.76703318388666,9.87953011906519,0
0.779,200,200,0.0973109122706919,0.694228144434399,2.4698143960156,0.389243649082767,2.77691257773759,9.87925758406241,0
0.78,200,200,0.0980063753109689,0.696697924764322,2.46974626414443,0.392025501243875,2.78679169905729,9.87898505657773,0
0.781,200,200,0.0987043080975102,0.699167636963314,2.46967813415274,0.394817232390041,2.79667054785326,9.87871253661094,0
0.782,200,200,0.0994047105621858,0.701637281033254,2.46961000604046,0.397618842248743,2.80654912413302,9.87844002416184,0
0.783,200,200,0.100107582636868,0.704106856976021,2.46954187980756,0.400430330547471,2.81642742790409,9.87816751923023,0
0.784,200,200,0.100812924253429,0.706576364793496,2.46947375545397,0.403251697013718,2.82630545917398,9.87789502181589,0
0.785,200,200,0.101520735343747,0.709045804487556,2.46940563297965,0.406082941374987,2.83618321795022,9.87762253191861,0
0.786,200,200,0.102231015839697,0.711515176060081,2.46933751238455,0.408924063358789,2.84606070424032,9.8773500495382,0
0.787,200,200,0.10294376567316,0.713984479512951,2.46926939366861,0.411775062692642,2.8559379180518,9.87707757467443,0
0.788,200,200,0.103658984776017,0.716453714848045,2.46920127683178,0.414635939104069,2.86581485939218,9.87680510732711,0
0.789,200,200,0.104376673080151,0.718922882067241,2.46913316187401,0.417506692320605,2.87569152826896,9.87653264749602,0
0.79,200,200,0.105096830517447,0.721391981172419,2.46906504879524,0.420387322069789,2.88556792468968,9.87626019518097,0
0.791,200,200,0.105819457019792,0.723861012165458,2.46899693759543,0.423277828079168,2.89544404866183,9.87598775038174,0
0.792,200,200,0.106544552519075,0.726329975048236,2.46892882827453,0.426178210076299,2.90531990019295,9.87571531309812,0
0.793,200,200,0.107272116947186,0.728798869822633,2.46886072083248,0.429088467788743,2.91519547929053,9.87544288332991,0
0.794,200,200,0.108002150236018,0.731267696490527,2.46879261526923,0.432008600944071,2.92507078596211,9.8751704610769,0
0.795,200,200,0.108734652317465,0.733736455053798,2.46872451158472,0.434938609269861,2.93494582021519,9.87489804633889,0
0.796,200,200,0.109469623123424,0.736205145514323,2.46865640977891,0.437878492493698,2.94482058205729,9.87462563911566,0
0.797,200,200,0.110207062585794,0.738673767873982,2.46858830985175,0.440828250343174,2.95469507149593,9.87435323940701,0
0.798,200,200,0.110946970636473,0.741142322134653,2.46852021180318,0.443787882545891,2.96456928853861,9.87408084721272,0
0.799,200,200,0.111689347207364,0.743610808298215,2.46845211563315,0.446757388829455,2.97444323319286,9.87380846253261,0
0.8,200,200,0.112434192230371,0.746079226366545,2.46838402134161,0.449736768921483,2.98431690546618,9.87353608536645,0
0.801,200,200,0.113181505637399,0.748547576341524,2.46831592892851,0.452726022549597,2.9941903053661,9.87326371571404,0
0.802,200,200,0.113931287360357,0.751015858225029,2.46824783839379,0.455725149441427,3.00406343290011,9.87299135357516,0
0.803,200,200,0.114683537331153,0.753484072018938,2.46817974973741,0.458734149324611,3.01393628807575,9.87271899894963,0
0.804,200,200,0.115438255481699,0.75595221772513,2.46811166295931,0.461753021926795,3.02380887090052,9.87244665183722,0
0.805,200,200,0.116195441743908,0.758420295345482,2.46804357805943,0.464781766975631,3.03368118138193,9.87217431223774,0
0.806,200,200,0.116955096049695,0.760888304881874,2.46797549503774,0.46782038419878,3.0435532195275,9.87190198015096,0
0.807,200,200,0.117717218330977,0.763356246336184,2.46790741389417,0.47086887332391,3.05342498534474,9.87162965557669,0
0.808,200,200,0.118481808519674,0.765824119710289,2.46783933462868,0.473927234078696,3.06329647884115,9.87135733851472,0
0.809,200,200,0.119248866547705,0.768291925006067,2.46777125724121,0.476995466190821,3.07316770002427,9.87108502896484,0
0.81,200,200,0.120018392346994,0.770759662225397,2.46770318173171,0.480073569387976,3.08303864890159,9.87081272692685,0
0.811,200,200,0.120790385849464,0.773227331370156,2.46763510810013,0.483161543397858,3.09290932548063,9.87054043240053,0
0.812,200,200,0.121564846987043,0.775694932442223,2.46756703634642,0.486259387948173,3.10277972976889,9.87026814538568,0
0.813,200,200,0.122341775691659,0.778162465443475,2.46749896647052,0.489367102766635,3.1126498617739,9.8699958658821,0
0.814,200,200,0.123121171895241,0.78062993037579,2.46743089847239,0.492484687580963,3.12251972150316,9.86972359388956,0
0.815,200,200,0.123903035529721,0.783097327241046,2.46736283235197,0.495612142118885,3.13238930896418,9.86945132940788,0
0.816,200,200,0.124687366527034,0.78556465604112,2.46729476810921,0.498749466108137,3.14225862416448,9.86917907243684,0
0.817,200,200,0.125474164819116,0.78803191677789,2.46722670574406,0.501896659276463,3.15212766711156,9.86890682297623,0
0.818,200,200,0.126263430337903,0.790499109453234,2.46715864525646,0.505053721351612,3.16199643781294,9.86863458102585,0
0.819,200,200,0.127055163015336,0.792966234069029,2.46709058664637,0.508220652061343,3.17186493627612,9.86836234658548,0
0.82,200,200,0.127849362783355,0.795433290627153,2.46702252991373,0.511397451133421,3.18173316250861,9.86809011965493,0
0.821,200,200,0.128646029573905,0.797900279129482,2.4669544750585,0.514584118295619,3.19160111651793,9.86781790023399,0
0.822,200,200,0.129445163318929,0.800367199577895,2.46688642208061,0.517780653275718,3.20146879831158,9.86754568832244,0
0.823,200,200,0.130246763950376,0.802834051974269,2.46681837098002,0.520987055801506,3.21133620789708,9.86727348392008,0
0.824,200,200,0.131050831400195,0.805300836320481,2.46675032175668,0.524203325600779,3.22120334528192,9.8670012870267,0
0.825,200,200,0.131857365600335,0.807767552618408,2.46668227441053,0.527429462401339,3.23107021047363,9.8667290976421,0
0.826,200,200,0.132666366482749,0.810234200869928,2.46661422894152,0.530665465930997,3.24093680347971,9.86645691576607,0
0.827,200,200,0.133477833979393,0.812700781076917,2.4665461853496,0.533911335917572,3.25080312430767,9.86618474139841,0
0.828,200,200,0.134291768022222,0.815167293241253,2.46647814363472,0.537167072088889,3.26066917296501,9.86591257453889,0
0.829,200,200,0.135108168543195,0.817633737364812,2.46641010379683,0.540432674172781,3.27053494945925,9.86564041518733,0
0.83,200,200,0.135927035474272,0.820100113449472,2.46634206583588,0.543708141897089,3.28040045379789,9.8653682633435,0
0.831,200,200,0.136748368747415,0.82256642149711,2.4662740297518,0.546993474989661,3.29026568598844,9.86509611900721,0
0.832,200,200,0.137572168294588,0.825032661509601,2.46620599554456,0.550288673178352,3.30013064603841,9.86482398217825,0
0.833,200,200,0.138398434047757,0.827498833488824,2.4661379632141,0.553593736191027,3.3099953339553,9.8645518528564,0
0.834,200,200,0.139227165938889,0.829964937436655,2.46606993276037,0.556908663755554,3.31985974974662,9.86427973104147,0
0.835,200,200,0.140058363899953,0.832430973354971,2.46600190418331,0.560233455599814,3.32972389341988,9.86400761673324,0
0.836,200,200,0.140892027862923,0.834896941245647,2.46593387748288,0.563568111451691,3.33958776498259,9.86373550993151,0
0.837,200,200,0.141728157759769,0.837362841110562,2.46586585265902,0.566912631039078,3.34945136444225,9.86346341063607,0
0.838,200,200,0.142566753522469,0.839828672951591,2.46579782971168,0.570267014089877,3.35931469180636,9.86319131884672,0
0.839,200,200,0.143407815082999,0.842294436770611,2.46572980864081,0.573631260331995,3.36917774708244,9.86291923456324,0
0.84,200,200,0.144251342373337,0.844760132569498,2.46566178944636,0.577005369493348,3.37904053027799,9.86264715778543,0
0.841,200,200,0.145097335325465,0.847225760350129,2.46559377212827,0.58038934130186,3.38890304140052,9.86237508851308,0
0.842,200,200,0.145945793871365,0.84969132011438,2.4655257566865,0.58378317548546,3.39876528045752,9.862103026746,0
0.843,200,200,0.146796717943022,0.852156811864127,2.46545774312099,0.587186871772089,3.40862724745651,9.86183097248395,0
0.844,200,200,0.147650107472422,0.854622235601247,2.46538973143169,0.59060042988969,3.41848894240499,9.86155892572676,0
0.845,200,200,0.148505962391554,0.857087591327616,2.46532172161855,0.594023849566218,3.42835036531046,9.86128688647419,0
0.846,200,200,0.149364282632408,0.85955287904511,2.46525371368151,0.597457130529632,3.43821151618044,9.86101485472605,0
0.847,200,200,0.150225068126976,0.862018098755604,2.46518570762053,0.600900272507903,3.44807239502242,9.86074283048214,0
0.848,200,200,0.151088318807251,0.864483250460976,2.46511770343556,0.604353275229004,3.4579330018439,9.86047081374223,0
0.849,200,200,0.15195403460523,0.866948334163101,2.46504970112653,0.607816138420919,3.4677933366524,9.86019880450614,0
0.85,200,200,0.15282221545291,0.869413349863854,2.46498170069341,0.61128886181164,3.47765339945542,9.85992680277364,0
0.851,200,200,0.153692861282291,0.871878297565113,2.46491370213613,0.614771445129164,3.48751319026045,9.85965480854454,0
0.852,200,200,0.154565972025374,0.874343177268752,2.46484570545465,0.618263888101498,3.49737270907501,9.85938282181862,0
0.853,200,200,0.155441547614163,0.876807988976647,2.46477771064892,0.621766190456653,3.50723195590659,9.85911084259568,0
0.854,200,200,0.156319587980663,0.879272732690675,2.46470971771888,0.625278351922652,3.5170909307627,9.85883887087551,0
0.855,200,200,0.157200093056881,0.88173740841271,2.46464172666448,0.628800372227523,3.52694963365084,9.8585669066579,0
0.856,200,200,0.158083062774825,0.884202016144629,2.46457373748566,0.6323322510993,3.53680806457852,9.85829494994266,0
0.857,200,200,0.158968497066507,0.886666555888307,2.46450575018239,0.635873988266029,3.54666622355323,9.85802300072956,0
0.858,200,200,0.15985639586394,0.889131027645619,2.4644377647546,0.639425583455759,3.55652411058248,9.85775105901841,0
0.859,200,200,0.160746759099137,0.891595431418441,2.46436978120225,0.642987036396548,3.56638172567377,9.857479124809,0
0.86,200,200,0.161639586704116,0.894059767208649,2.46430179952528,0.646558346816463,3.5762390688346,9.85720719810111,0
0.861,200,200,0.162534878610894,0.896524035018117,2.46423381972364,0.650139514443576,3.58609614007247,9.85693527889455,0
0.862,200,200,0.163432634751492,0.898988234848721,2.46416584179728,0.653730539005969,3.59595293939488,9.8566633671891,0
0.863,200,200,0.164332855057932,0.901452366702337,2.46409786574614,0.65733142023173,3.60580946680935,9.85639146298457,0
0.864,200,200,0.165235539462239,0.903916430580839,2.46402989157018,0.660942157848954,3.61566572232335,9.85611956628073,0
0.865,200,200,0.166140687896436,0.906380426486102,2.46396191926935,0.664562751585746,3.62552170594441,9.85584767707739,0
0.866,200,200,0.167048300292554,0.908844354420002,2.46389394884359,0.668193201170215,3.63537741768001,9.85557579537434,0
0.867,200,200,0.16795837658262,0.911308214384414,2.46382598029284,0.67183350633048,3.64523285753766,9.85530392117137,0
0.868,200,200,0.168870916698667,0.913772006381213,2.46375801361707,0.675483666794666,3.65508802552485,9.85503205446828,0
0.869,200,200,0.169785920572727,0.916235730412273,2.46369004881621,0.679143682290908,3.66494292164909,9.85476019526485,0
0.87,200,200,0.170703388136837,0.91869938647947,2.46362208589022,0.682813552547346,3.67479754591788,9.85448834356088,0
0.871,200,200,0.171623319323032,0.921162974584679,2.46355412483904,0.686493277292128,3.68465189833872,9.85421649935617,0
0.872,200,200,0.172545714063353,0.923626494729774,2.46348616566263,0.69018285625341,3.69450597891909,9.8539446626505,0
0.873,200,200,0.173470572289839,0.926089946916629,2.46341820836092,0.693882289159355,3.70435978766652,9.85367283344368,0
0.874,200,200,0.174397893934534,0.92855333114712,2.46335025293387,0.697591575738135,3.71421332458848,9.85340101173549,0
0.875,200,200,0.175327678929482,0.931016647423122,2.46328229938143,0.701310715717926,3.72406658969249,9.85312919752572,0
0.876,200,200,0.176259927206729,0.933479895746508,2.46321434770354,0.705039708826916,3.73391958298603,9.85285739081418,0
0.877,200,200,0.177194638698324,0.935943076119154,2.46314639790016,0.708778554793297,3.74377230447661,9.85258559160064,0
0.878,200,200,0.178131813336318,0.938406188542933,2.46307844997123,0.712527253345271,3.75362475417173,9.85231379988491,0
0.879,200,200,0.179071451052761,0.940869233019721,2.4630105039167,0.716285804211045,3.76347693207888,9.85204201566678,0
0.88,200,200,0.180013551779709,0.943332209551391,2.46294255973651,0.720054207118835,3.77332883820556,9.85177023894605,0
0.881,200,200,0.180958115449216,0.945795118139819,2.46287461743063,0.723832461796865,3.78318047255927,9.8514984697225,0
0.882,200,200,0.181905141993341,0.948257958786877,2.46280667699898,0.727620567973365,3.79303183514751,9.85122670799593,0
0.883,200,200,0.182854631344144,0.950720731494441,2.46273873844153,0.731418525376574,3.80288292597777,9.85095495376613,0
0.884,200,200,0.183806583433684,0.953183436264385,2.46267080175822,0.735226333734737,3.81273374505754,9.85068320703289,0
0.885,200,200,0.184760998194027,0.955646073098582,2.462602866949,0.739043992776108,3.82258429239433,9.85041146779601,0
0.886,200,200,0.185717875557237,0.958108641998908,2.46253493401382,0.742871502228947,3.83243456799563,9.85013973605529,0
0.887,200,200,0.186677215455381,0.960571142967235,2.46246700295263,0.746708861821523,3.84228457186894,9.84986801181051,0
0.888,200,200,0.187639017820528,0.963033576005437,2.46239907376537,0.750556071282112,3.85213430402175,9.84959629506147,0
0.889,200,200,0.188603282584749,0.96549594111539,2.46233114645199,0.754413130338996,3.86198376446156,9.84932458580795,0
0.89,200,200,0.189570009680117,0.967958238298966,2.46226322101244,0.758280038720466,3.87183295319586,9.84905288404977,0
0.891,200,200,0.190539199038705,0.970420467558039,2.46219529744667,0.762156796154821,3.88168187023216,9.8487811897867,0
0.892,200,200,0.191510850592592,0.972882628894484,2.46212737575463,0.766043402370367,3.89153051557794,9.84850950301854,0
0.893,200,200,0.192484964273854,0.975344722310173,2.46205945593627,0.769939857095416,3.90137888924069,9.84823782374508,0
0.894,200,200,0.193461540014572,0.977806747806981,2.46199153799153,0.77384616005829,3.91122699122792,9.84796615196612,0
0.895,200,200,0.194440577746829,0.980268705386781,2.46192362192036,0.777762310987316,3.92107482154712,9.84769448768145,0
0.896,200,200,0.195422077402708,0.982730595051446,2.46185570772272,0.781688309610831,3.93092238020578,9.84742283089087,0
0.897,200,200,0.196406038914294,0.985192416802851,2.46178779539854,0.785624155657177,3.9407696672114,9.84715118159417,0
0.898,200,200,0.197392462213676,0.987654170642868,2.46171988494778,0.789569848854705,3.95061668257147,9.84687953979113,0
0.899,200,200,0.198381347232943,0.990115856573371,2.46165197637039,0.793525388931774,3.96046342629348,9.84660790548156,0
0.9,200,200,0.199372693904187,0.992577474596233,2.46158406966631,0.797490775616748,3.97030989838493,9.84633627866524,0
0.901,200,200,0.200366502159501,0.995039024713328,2.46151616483549,0.801466008638002,3.98015609885331,9.84606465934197,0
0.902,200,200,0.201362771930979,0.997500506926528,2.46144826187789,0.805451087723916,3.99000202770611,9.84579304751155,0
0.903,200,200,0.20236150315072,0.999961921237708,2.46138036079344,0.809446012602879,3.99984768495083,9.84552144317377,0
0.904,200,200,0.203362695750821,1.00242326764874,2.4613124615821,0.813450783003285,4.00969307059496,9.84524984632841,0
0.905,200,200,0.204366349663384,1.0048845461615,2.46124456424382,0.817465398653538,4.01953818464599,9.84497825697528,0
0.906,200,200,0.205372464820512,1.00734575677785,2.46117666877854,0.821489859282048,4.02938302711141,9.84470667511416,0
0.907,200,200,0.206381041154309,1.00980689949968,2.46110877518621,0.825524164617234,4.03922759799871,9.84443510074486,0
0.908,200,200,0.20739207859688,1.01226797432885,2.46104088346679,0.829568314387522,4.04907189731539,9.84416353386716,0
0.909,200,200,0.208405577080336,1.01472898126724,2.46097299362021,0.833622308321344,4.05891592506894,9.84389197448085,0
0.91,200,200,0.209421536536785,1.01718992031671,2.46090510564643,0.837686146147141,4.06875968126685,9.84362042258574,0
0.911,200,200,0.21043995689834,1.01965079147915,2.4608372195454,0.841759827593362,4.07860316591661,9.84334887818161,0
0.912,200,200,0.211460838097115,1.02211159475643,2.46076933531706,0.845843352388461,4.08844637902571,9.84307734126825,0
0.913,200,200,0.212484180065225,1.02457233015041,2.46070145296137,0.849936720260902,4.09828932060165,9.84280581184547,0
0.914,200,200,0.213509982734789,1.02703299766298,2.46063357247826,0.854039930939156,4.1081319906519,9.84253428991305,0
0.915,200,200,0.214538246037925,1.02949359729599,2.4605656938677,0.8581529841517,4.11797438918397,9.84226277547078,0
0.916,200,200,0.215568969906755,1.03195412905133,2.46049781712962,0.86227587962702,4.12781651620534,9.84199126851847,0
0.917,200,200,0.216602154273402,1.03441459293088,2.46042994226397,0.866408617093609,4.1376583717235,9.8417197690559,0
0.918,200,200,0.217637799069992,1.03687498893649,2.46036206927072,0.870551196279968,4.14749995574595,9.84144827708287,0
0.919,200,200,0.218675904228651,1.03933531707004,2.46029419814979,0.874703616914605,4.15734126828016,9.84117679259916,0
0.92,200,200,0.219716469681509,1.04179557733341,2.46022632890115,0.878865878726035,4.16718230933364,9.84090531560459,0
0.921,200,200,0.220759495360695,1.04425576972847,2.46015846152473,0.883037981442781,4.17702307891387,9.84063384609892,0
0.922,200,200,0.221804981198344,1.04671589425708,2.46009059602049,0.887219924793374,4.18686357702834,9.84036238408197,0
0.923,200,200,0.222852927126588,1.04917595092113,2.46002273238838,0.891411708506352,4.19670380368453,9.84009092955353,0
0.924,200,200,0.223903333077565,1.05163593972248,2.45995487062834,0.89561333231026,4.20654375888994,9.83981948251338,0
0.925,200,200,0.224956198983413,1.05409586066301,2.45988701074033,0.899824795933651,4.21638344265205,9.83954804296132,0
0.926,200,200,0.226011524776271,1.05655571374459,2.45981915272429,0.904046099105085,4.22622285497836,9.83927661089715,0
0.927,200,200,0.227069310388283,1.05901549896909,2.45975129658016,0.908277241553131,4.23606199587634,9.83900518632065,0
0.928,200,200,0.228129555751591,1.06147521633837,2.45968344230791,0.912518223006364,4.24590086535349,9.83873376923162,0
0.929,200,200,0.229192260798342,1.06393486585433,2.45961558990747,0.916769043193367,4.2557394634173,9.83846235962986,0
0.93,200,200,0.230257425460683,1.06639444751881,2.45954773937879,0.92102970184273,4.26557779007525,9.83819095751516,0
0.931,200,200,0.231325049670763,1.06885396133371,2.45947989072183,0.925300198683051,4.27541584533483,9.83791956288731,0
0.932,200,200,0.232395133360734,1.07131340730088,2.45941204393653,0.929580533442936,4.28525362920352,9.83764817574611,0
0.933,200,200,0.233467676462749,1.0737727854222,2.45934419902283,0.933870705850997,4.29509114168882,9.83737679609134,0
0.934,200,200,0.234542678908964,1.07623209569955,2.4592763559807,0.938170715635855,4.3049283827982,9.8371054239228,0
0.935,200,200,0.235620140631534,1.07869133813479,2.45920851481007,0.942480562526138,4.31476535253916,9.8368340592403,0
0.936,200,200,0.23670006156262,1.08115051272979,2.4591406755109,0.94680024625048,4.32460205091917,9.83656270204361,0
0.937,200,200,0.237782441634381,1.08360961948643,2.45907283808313,0.951129766537525,4.33443847794574,9.83629135233253,0
0.938,200,200,0.238867280778981,1.08606865840658,2.45900500252671,0.955469123115923,4.34427463362633,9.83602001010686,0
0.939,200,200,0.239954578928583,1.08852762949211,2.4589371688416,0.959818315714331,4.35411051796845,9.83574867536638,0
0.94,200,200,0.241044336015354,1.09098653274489,2.45886933702773,0.964177344061416,4.36394613097956,9.8354773481109,0
0.941,200,200,0.242136551971462,1.09344536816679,2.45880150708505,0.968546207885849,4.37378147266716,9.83520602834021,0
0.942,200,200,0.243231226729078,1.09590413575968,2.45873367901353,0.972924906916312,4.38361654303874,9.8349347160541,0
0.943,200,200,0.244328360220373,1.09836283552544,2.45866585281309,0.977313440881491,4.39345134210177,9.83466341125236,0
0.944,200,200,0.24542795237752,1.10082146746593,2.4585980284837,0.981711809510081,4.40328586986374,9.83439211393479,0
0.945,200,200,0.246530003132697,1.10328003158303,2.45853020602529,0.986120012530787,4.41312012633213,9.83412082410118,0
0.946,200,200,0.247634512418079,1.10573852787861,2.45846238543783,0.990538049672317,4.42295411151443,9.83384954175132,0
0.947,200,200,0.248741480165847,1.10819695635453,2.45839456672125,0.99496592066339,4.43278782541813,9.83357826688501,0
0.948,200,200,0.249850906308182,1.11065531701267,2.45832674987551,0.99940362523273,4.4426212680507,9.83330699950205,0
0.949,200,200,0.250962790777267,1.11311360985491,2.45825893490055,1.00385116310907,4.45245443941963,9.83303573960221,0
0.95,200,200,0.252077133505287,1.1155718348831,2.45819112179633,1.00830853402115,4.4622873395324,9.83276448718531,0
0.951,200,200,0.25319393442443,1.11802999209912,2.45812331056278,1.01277573769772,4.47211996839649,9.83249324225113,0
0.952,200,200,0.254313193466882,1.12048808150485,2.45805550119987,1.01725277386753,4.48195232601939,9.83222200479946,0
0.953,200,200,0.255434910564836,1.12294610310215,2.45798769370753,1.02173964225935,4.49178441240858,9.8319507748301,0
0.954,200,200,0.256559085650484,1.12540405689289,2.45791988808571,1.02623634260194,4.50161622757155,9.83167955234285,0
0.955,200,200,0.257685718656021,1.12786194287894,2.45785208433437,1.03074287462408,4.51144777151576,9.83140833733749,0
0.956,200,200,0.258814809513641,1.13031976106218,2.45778428245346,1.03525923805457,4.52127904424872,9.83113712981382,0
0.957,200,200,0.259946358155545,1.13277751144447,2.45771648244291,1.03978543262218,4.53111004577788,9.83086592977164,0
0.958,200,200,0.261080364513931,1.13523519402769,2.45764868430268,1.04432145805572,4.54094077611075,9.83059473721073,0
0.959,200,200,0.262216828521001,1.1376928088137,2.45758088803272,1.048867314084,4.5507712352548,9.8303235521309,0
0.96,200,200,0.26335575010896,1.14015035580438,2.45751309363298,1.05342300043584,4.56060142321751,9.83005237453193,0
0.961,200,200,0.264497129210012,1.14260783500159,2.4574453011034,1.05798851684005,4.57043134000636,9.82978120441361,0
0.962,200,200,0.265640965756366,1.14506524640721,2.45737751044394,1.06256386302546,4.58026098562883,9.82951004177575,0
0.963,200,200,0.26678725968023,1.1475225900231,2.45730972165453,1.06714903872092,4.5900903600924,9.82923888661814,0
0.964,200,200,0.267936010913816,1.14997986585114,2.45724193473514,1.07174404365526,4.59991946340456,9.82896773894056,0
0.965,200,200,0.269087219389337,1.15243707389319,2.4571741496857,1.07634887755735,4.60974829557278,9.82869659874282,0
0.966,200,200,0.270240885039008,1.15489421415113,2.45710636650617,1.08096354015603,4.61957685660454,9.8284254660247,0
0.967,200,200,0.271397007795045,1.15735128662683,2.4570385851965,1.08558803118018,4.62940514650732,9.828154340786,0
0.968,200,200,0.272555587589668,1.15980829132215,2.45697080575663,1.09022235035867,4.6392331652886,9.82788322302652,0
0.969,200,200,0.273716624355096,1.16226522823897,2.45690302818651,1.09486649742039,4.64906091295586,9.82761211274604,0
0.97,200,200,0.274880118023553,1.16472209737915,2.45683525248609,1.09952047209421,4.65888838951659,9.82734100994437,0
0.971,200,200,0.276046068527263,1.16717889874456,2.45676747865532,1.10418427410905,4.66871559497825,9.82706991462129,0
0.972,200,200,0.277214475798452,1.16963563233708,2.45669970669415,1.10885790319381,4.67854252934832,9.82679882677659,0
0.973,200,200,0.278385339769347,1.17209229815857,2.45663193660252,1.11354135907739,4.68836919263429,9.82652774641008,0
0.974,200,200,0.279558660372179,1.17454889621091,2.45656416838039,1.11823464148872,4.69819558484363,9.82625667352155,0
0.975,200,200,0.28073443753918,1.17700542649596,2.4564964020277,1.12293775015672,4.70802170598383,9.82598560811079,0
0.976,200,200,0.281912671202582,1.17946188901559,2.4564286375444,1.12765068481033,4.71784755606235,9.82571455017759,0
0.977,200,200,0.283093361294623,1.18191828377167,2.45636087493044,1.13237344517849,4.72767313508668,9.82544349972174,0
0.978,200,200,0.284276507747539,1.18437461076607,2.45629311418576,1.13710603099015,4.73749844306428,9.82517245674305,0
0.979,200,200,0.285462110493569,1.18683087000066,2.45622535531033,1.14184844197427,4.74732348000265,9.8249014212413,0
0.98,200,200,0.286650169464954,1.18928706147731,2.45615759830407,1.14660067785982,4.75714824590926,9.82463039321629,0
0.981,200,200,0.287840684593938,1.19174318519789,2.45608984316695,1.15136273837575,4.76697274079158,9.82435937266781,0
0.982,200,200,0.289033655812765,1.19419924116427,2.45602208989892,1.15613462325106,4.77679696465709,9.82408835959566,0
0.983,200,200,0.290229083053682,1.19665522937832,2.45595433849991,1.16091633221473,4.78662091751326,9.82381735399963,0
0.984,200,200,0.291426966248938,1.19911114984189,2.45588658896988,1.16570786499575,4.79644459936758,9.82354635587951,0
0.985,200,200,0.292627305330783,1.20156700255688,2.45581884130877,1.17050922132313,4.80626801022751,9.8232753652351,0
0.986,200,200,0.29383010023147,1.20402278752514,2.45575109551655,1.17532040092588,4.81609115010054,9.82300438206619,0
0.987,200,200,0.295035350883252,1.20647850474853,2.45568335159314,1.18014140353301,4.82591401899414,9.82273340637257,0
0.988,200,200,0.296243057218386,1.20893415422894,2.45561560953851,1.18497222887354,4.83573661691578,9.82246243815404,0
0.989,200,200,0.297453219169129,1.21138973596823,2.4555478693526,1.18981287667652,4.84555894387294,9.8221914774104,0
0.99,200,200,0.298665836667742,1.21384524996827,2.45548013103536,1.19466334667097,4.85538099987309,9.82192052414143,0
0.991,200,200,0.299880909646487,1.21630069623093,2.45541239458673,1.19952363858595,4.86520278492371,9.82164957834693,0
0.992,200,200,0.301098438037626,1.21875607475807,2.45534466000667,1.2043937521505,4.87502429903227,9.82137864002669,0
0.993,200,200,0.302318421773425,1.22121138555156,2.45527692729513,1.2092736870937,4.88484554220626,9.82110770918051,0
0.994,200,200,0.303540860786152,1.22366662861328,2.45520919645205,1.21416344314461,4.89466651445313,9.82083678580818,0
0.995,200,200,0.304765755008075,1.22612180394509,2.45514146747738,1.2190630200323,4.90448721578036,9.8205658699095,0
0.996,200,200,0.305993104371466,1.22857691154886,2.45507374037106,1.22397241748586,4.91430764619544,9.82029496148426,0
0.997,200,200,0.307222908808597,1.23103195142646,2.45500601513306,1.22889163523439,4.92412780570582,9.82002406053225,0
0.998,200,200,0.308455168251744,1.23348692357975,2.45493829176332,1.23382067300698,4.93394769431899,9.81975316705327,0
0.999,200,200,0.309689882633183,1.2359418280106,2.45487057026178,1.23875953053273,4.94376731204242,9.8194822810471,0
1,200,200,0.310927051885192,1.23839666472089,2.45480285062839,1.24370820754077,4.95358665888358,9.81921140251355,0
1.001,200,200,0.312166675940051,1.24085143371248,2.4547351328631,1.24866670376021,4.96340573484994,9.81894053145241,0
1.002,200,200,0.313408754730044,1.24330613498724,2.45466741696587,1.25363501892018,4.97322453994897,9.81866966786347,0
1.003,200,200,0.314653288187454,1.24576076854704,2.45459970293663,1.25861315274982,4.98304307418816,9.81839881174653,0
1.004,200,200,0.315900276244567,1.24821533439374,2.45453199077534,1.26360110497827,4.99286133757496,9.81812796310138,0
1.005,200,200,0.317149718833671,1.25066983252921,2.45446428048195,1.26859887533469,5.00267933011685,9.81785712192781,0
1.006,200,200,0.318401615887056,1.25312426295533,2.4543965720564,1.27360646354822,5.0124970518213,9.81758628822562,0
1.007,200,200,0.319655967337013,1.25557862567395,2.45432886549865,1.27862386934805,5.02231450269579,9.81731546199459,0
1.008,200,200,0.320912773115835,1.25803292068695,2.45426116080864,1.28365109246334,5.03213168274778,9.81704464323454,0
1.009,200,200,0.322172033155819,1.26048714799619,2.45419345798631,1.28868813262328,5.04194859198475,9.81677383194524,0
1.01,200,200,0.32343374738926,1.26294130760354,2.45412575703163,1.29373498955704,5.05176523041416,9.8165030281265,0
1.011,200,200,0.324697915748459,1.26539539951087,2.45405805794453,1.29879166299384,5.06158159804349,9.81623223177811,0
1.012,200,200,0.325964538165716,1.26784942372005,2.45399036072496,1.30385815266286,5.07139769488021,9.81596144289985,0
1.013,200,200,0.327233614573334,1.27030338023295,2.45392266537288,1.30893445829334,5.08121352093178,9.81569066149153,0
1.014,200,200,0.328505144903617,1.27275726905142,2.45385497188824,1.31402057961447,5.09102907620568,9.81541988755294,0
1.015,200,200,0.329779129088873,1.27521109017734,2.45378728027097,1.31911651635549,5.10084436070938,9.81514912108388,0
1.016,200,200,0.331055567061408,1.27766484361259,2.45371959052103,1.32422226824563,5.11065937445034,9.81487836208412,0
1.017,200,200,0.332334458753535,1.28011852935901,2.45365190263837,1.32933783501414,5.12047411743604,9.81460761055348,0
1.018,200,200,0.333615804097564,1.28257214741848,2.45358421662294,1.33446321639026,5.13028858967394,9.81433686649175,0
1.019,200,200,0.33489960302581,1.28502569779288,2.45351653247468,1.33959841210324,5.14010279117151,9.81406612989871,0
1.02,200,200,0.336185855470589,1.28747918048406,2.45344885019354,1.34474342188235,5.14991672193622,9.81379540077417,0
1.021,200,200,0.337474561364218,1.28993259549389,2.45338116977948,1.34989824545687,5.15973038197555,9.81352467911791,0
1.022,200,200,0.338765720639017,1.29238594282424,2.45331349123243,1.35506288255607,5.16954377129695,9.81325396492974,0
1.023,200,200,0.340059333227307,1.29483922247697,2.45324581455236,1.36023733290923,5.1793568899079,9.81298325820943,0
1.024,200,200,0.341355399061412,1.29729243445396,2.4531781397392,1.36542159624565,5.18916973781586,9.8127125589568,0
1.025,200,200,0.342653918073657,1.29974557875707,2.45311046679291,1.37061567229463,5.1989823150283,9.81244186717163,0
1.026,200,200,0.343954890196369,1.30219865538817,2.45304279571343,1.37581956078548,5.20879462155269,9.81217118285372,0
1.027,200,200,0.345258315361877,1.30465166434912,2.45297512650071,1.38103326144751,5.2186066573965,9.81190050600285,0
1.028,200,200,0.346564193502511,1.3071046056418,2.45290745915471,1.38625677401004,5.22841842256718,9.81162983661883,0
1.029,200,200,0.347872524550605,1.30955747926806,2.45283979367536,1.39149009820242,5.23822991707222,9.81135917470145,0
1.03,200,200,0.349183308438492,1.31201028522977,2.45277213006263,1.39673323375397,5.24804114091908,9.8110885202505,0
1.031,200,200,0.35049654509851,1.3144630235288,2.45270446831645,1.40198618039404,5.25785209411521,9.81081787326578,0
1.032,200,200,0.351812234462996,1.31691569416702,2.45263680843677,1.40724893785198,5.2676627766681,9.81054723374708,0
1.033,200,200,0.353130376464291,1.3193682971463,2.45256915042355,1.41252150585716,5.2774731885852,9.8102766016942,0
1.034,200,200,0.354450971034736,1.32182083246849,2.45250149427673,1.41780388413895,5.28728332987397,9.81000597710692,0
1.035,200,200,0.355774018106676,1.32427330013547,2.45243383999626,1.42309607242671,5.2970932005419,9.80973535998505,0
1.036,200,200,0.357099517612456,1.32672570014911,2.45236618758209,1.42839807044983,5.30690280059643,9.80946475032837,0
1.037,200,200,0.358427469484424,1.32917803251126,2.45229853703417,1.4337098779377,5.31671213004504,9.80919414813668,0
1.038,200,200,0.359757873654929,1.3316302972238,2.45223088835245,1.43903149461972,5.32652118889519,9.80892355340978,0
1.039,200,200,0.361090730056322,1.33408249428859,2.45216324153687,1.44436292022529,5.33632997715435,9.80865296614746,0
1.04,200,200,0.362426038620957,1.33653462370749,2.45209559658738,1.44970415448383,5.34613849482998,9.80838238634951,0
1.041,200,200,0.363763799281189,1.33898668548238,2.45202795350393,1.45505519712476,5.35594674192954,9.80811181401573,0
1.042,200,200,0.365104011969375,1.34143867961512,2.45196031228648,1.4604160478775,5.3657547184605,9.80784124914591,0
1.043,200,200,0.366446676617873,1.34389060610758,2.45189267293496,1.46578670647149,5.37556242443032,9.80757069173985,0
1.044,200,200,0.367791793159044,1.34634246496162,2.45182503544933,1.47116717263618,5.38536985984646,9.80730014179733,0
1.045,200,200,0.36913936152525,1.3487942561791,2.45175739982954,1.476557446101,5.3951770247164,9.80702959931816,0
1.046,200,200,0.370489381648857,1.3512459797619,2.45168976607553,1.48195752659543,5.40498391904759,9.80675906430213,0
1.047,200,200,0.37184185346223,1.35369763571187,2.45162213418726,1.48736741384892,5.41479054284749,9.80648853674903,0
1.048,200,200,0.373196776897737,1.35614922403089,2.45155450416466,1.49278710759095,5.42459689612357,9.80621801665866,0
1.049,200,200,0.374554151887749,1.35860074472082,2.4514868760077,1.49821660755099,5.4344029788833,9.8059475040308,0
1.05,200,200,0.375913978364636,1.36105219778353,2.45141924971632,1.50365591345855,5.44420879113412,9.80567699886526,0
1.051,200,200,0.377276256260774,1.36350358322088,2.45135162529046,1.5091050250431,5.45401433288351,9.80540650116183,0
1.052,200,200,0.378640985508537,1.36595490103473,2.45128400273008,1.51456394203415,5.46381960413893,9.8051360109203,0
1.053,200,200,0.380008166040303,1.36840615122696,2.45121638203512,1.52003266416121,5.47362460490784,9.80486552814047,0
1.054,200,200,0.381377797788451,1.37085733379943,2.45114876320553,1.5255111911538,5.4834293351977,9.80459505282213,0
1.055,200,200,0.382749880685362,1.37330844875399,2.45108114624127,1.53099952274145,5.49323379501597,9.80432458496507,0
1.056,200,200,0.38412441466342,1.37575949609253,2.45101353114227,1.53649765865368,5.50303798437012,9.8040541245691,0
1.057,200,200,0.38550139965501,1.3782104758169,2.4509459179085,1.54200559862004,5.5128419032676,9.80378367163399,0
1.058,200,200,0.386880835592517,1.38066138792897,2.45087830653989,1.54752334237007,5.52264555171587,9.80351322615956,0
1.059,200,200,0.388262722408331,1.3831122324306,2.4508106970364,1.55305088963332,5.53244892972241,9.80324278814559,0
1.06,200,200,0.389647060034842,1.38556300932366,2.45074308939797,1.55858824013937,5.54225203729465,9.80297235759187,0
1.061,200,200,0.391033848404442,1.38801371861002,2.45067548362455,1.56413539361777,5.55205487444008,9.8027019344982,0
1.062,200,200,0.392423087449527,1.39046436029153,2.45060787971609,1.56969234979811,5.56185744116614,9.80243151886438,0
1.063,200,200,0.393814777102491,1.39291493437007,2.45054027767255,1.57525910840996,5.57165973748029,9.80216111069019,0
1.064,200,200,0.395208917295733,1.3953654408475,2.45047267749386,1.58083566918293,5.58146176339,9.80189070997544,0
1.065,200,200,0.396605507961653,1.39781587972568,2.45040507917998,1.58642203184661,5.59126351890273,9.80162031671992,0
1.066,200,200,0.398004549032652,1.40026625100648,2.45033748273085,1.59201819613061,5.60106500402593,9.80134993092342,0
1.067,200,200,0.399406040441134,1.40271655469177,2.45026988814643,1.59762416176454,5.61086621876706,9.80107955258573,0
1.068,200,200,0.400809982119505,1.4051667907834,2.45020229542666,1.60323992847802,5.62066716313359,9.80080918170666,0
1.069,200,200,0.40221637400017,1.40761695928324,2.4501347045715,1.60886549600068,5.63046783713296,9.80053881828598,0
1.07,200,200,0.403625216015541,1.41006706019316,2.45006711558088,1.61450086406216,5.64026824077264,9.80026846232351,0
1.071,200,200,0.405036508098027,1.41251709351502,2.44999952845476,1.62014603239211,5.65006837406009,9.79999811381903,0
1.072,200,200,0.406450250180042,1.41496705925069,2.44993194319308,1.62580100072017,5.65986823700277,9.79972777277233,0
1.073,200,200,0.407866442194001,1.41741695740203,2.44986435979581,1.631465768776,5.66966782960812,9.79945743918322,0
1.074,200,200,0.409285084072319,1.4198667879709,2.44979677826287,1.63714033628928,5.67946715188362,9.79918711305148,0
1.075,200,200,0.410706175747416,1.42231655095918,2.44972919859423,1.64282470298966,5.68926620383671,9.79891679437691,0
1.076,200,200,0.412129717151711,1.42476624636871,2.44966162078983,1.64851886860684,5.69906498547486,9.79864648315931,0
1.077,200,200,0.413555708217627,1.42721587420138,2.44959404484962,1.65422283287051,5.70886349680552,9.79837617939847,0
1.078,200,200,0.414984148877589,1.42966543445904,2.44952647077354,1.65993659551036,5.71866173783614,9.79810588309417,0
1.079,200,200,0.416415039064021,1.43211492714355,2.44945889856156,1.66566015625608,5.72845970857419,9.79783559424623,0
1.08,200,200,0.417848378709352,1.43456435225678,2.44939132821361,1.67139351483741,5.73825740902712,9.79756531285442,0
1.081,200,200,0.419284167746012,1.4370137098006,2.44932375972964,1.67713667098405,5.74805483920238,9.79729503891855,0
1.082,200,200,0.420722406106431,1.43946299977686,2.4492561931096,1.68288962442572,5.75785199910744,9.79702477243841,0
1.083,200,200,0.422163093723043,1.44191222218744,2.44918862835345,1.68865237489217,5.76764888874975,9.7967545134138,0
1.084,200,200,0.423606230528284,1.44436137703419,2.44912106546112,1.69442492211314,5.77744550813675,9.7964842618445,0
1.085,200,200,0.425051816454591,1.44681046431898,2.44905350443258,1.70020726581836,5.78724185727592,9.79621401773032,0
1.086,200,200,0.426499851434402,1.44925948404367,2.44898594526776,1.70599940573761,5.7970379361747,9.79594378107104,0
1.087,200,200,0.427950335400159,1.45170843621014,2.44891838796662,1.71180134160064,5.80683374484055,9.79567355186646,0
1.088,200,200,0.429403268284304,1.45415732082023,2.4488508325291,1.71761307313722,5.81662928328092,9.79540333011638,0
1.089,200,200,0.430858650019281,1.45660613787582,2.44878327895515,1.72343460007713,5.82642455150326,9.7951331158206,0
1.09,200,200,0.432316480537538,1.45905488737876,2.44871572724472,1.72926592215015,5.83621954951504,9.79486290897889,0
1.091,200,200,0.433776759771522,1.46150356933093,2.44864817739777,1.73510703908609,5.84601427732371,9.79459270959107,0
1.092,200,200,0.435239487653684,1.46395218373418,2.44858062941423,1.74095795061473,5.85580873493671,9.79432251765691,0
1.093,200,200,0.436704664116475,1.46640073059038,2.44851308329406,1.7468186564659,5.8656029223615,9.79405233317623,0
1.094,200,200,0.438172289092349,1.46884920990139,2.4484455390372,1.7526891563694,5.87539683960555,9.79378215614881,0
1.095,200,200,0.439642362513763,1.47129762166907,2.44837799664361,1.75856945005505,5.88519048667629,9.79351198657444,0
1.096,200,200,0.441114884313173,1.47374596589529,2.44831045611323,1.76445953725269,5.89498386358118,9.79324182445293,0
1.097,200,200,0.44258985442304,1.47619424258192,2.44824291744601,1.77035941769216,5.90477697032768,9.79297166978406,0
1.098,200,200,0.444067272775825,1.47864245173081,2.44817538064191,1.7762690911033,5.91456980692323,9.79270152256763,0
1.099,200,200,0.44554713930399,1.48109059334382,2.44810784570086,1.78218855721596,5.9243623733753,9.79243138280344,0
1.1,200,200,0.447029453940001,1.48353866742283,2.44804031262282,1.78811781576,5.93415466969132,9.79216125049127,0
1.101,200,200,0.448514216616325,1.48598667396969,2.44797278140773,1.7940568664653,5.94394669587876,9.79189112563093,0
1.102,200,200,0.45000142726543,1.48843461298627,2.44790525205555,1.80000570906172,5.95373845194507,9.7916210082222,0
1.103,200,200,0.451491085819788,1.49088248447442,2.44783772456622,1.80596434327915,5.96352993789769,9.79135089826489,0
1.104,200,200,0.45298319221187,1.49333028843602,2.44777019893969,1.81193276884748,5.97332115374408,9.79108079575878,0
1.105,200,200,0.454477746374152,1.49577802487292,2.44770267517592,1.81791098549661,5.98311209949169,9.79081070070367,0
1.106,200,200,0.455974748239108,1.49822569378699,2.44763515327484,1.82389899295643,5.99290277514797,9.79054061309936,0
1.107,200,200,0.457474197739219,1.50067329518009,2.44756763323641,1.82989679095687,6.00269318072037,9.79027053294564,0
1.108,200,200,0.458976094806962,1.50312082905409,2.44750011506058,1.83590437922785,6.01248331621635,9.7900004602423,0
1.109,200,200,0.460480439374821,1.50556829541084,2.44743259874729,1.84192175749928,6.02227318164334,9.78973039498915,0
1.11,200,200,0.461987231375279,1.5080156942522,2.44736508429649,1.84794892550112,6.03206277700881,9.78946033718596,0
1.111,200,200,0.463496470740821,1.51046302558005,2.44729757170814,1.85398588296328,6.0418521023202,9.78919028683254,0
1.112,200,200,0.465008157403935,1.51291028939624,2.44723006098217,1.86003262961574,6.05164115758496,9.78892024392869,0
1.113,200,200,0.46652229129711,1.51535748570263,2.44716255211855,1.86608916518844,6.06142994281054,9.78865020847419,0
1.114,200,200,0.468038872352838,1.5178046145011,2.44709504511721,1.87215548941135,6.07121845800439,9.78838018046884,0
1.115,200,200,0.46955790050361,1.52025167579349,2.44702753997811,1.87823160201444,6.08100670317396,9.78811015991244,0
1.116,200,200,0.471079375681923,1.52269866958167,2.44696003670119,1.88431750272769,6.0907946783267,9.78784014680478,0
1.117,200,200,0.472603297820273,1.52514559586751,2.44689253528641,1.89041319128109,6.10058238347005,9.78757014114565,0
1.118,200,200,0.474129666851158,1.52759245465287,2.44682503573371,1.89651866740463,6.11036981861147,9.78730014293485,0
1.119,200,200,0.475658482707079,1.5300392459396,2.44675753804304,1.90263393082832,6.1201569837584,9.78703015217218,0
1.12,200,200,0.477189745320538,1.53248596972957,2.44669004221436,1.90875898128215,6.1299438789183,9.78676016885742,0
1.121,200,200,0.47872345462404,1.53493262602465,2.44662254824759,1.91489381849616,6.1397305040986,9.78649019299038,0
1.122,200,200,0.48025961055009,1.53737921482669,2.44655505614271,1.92103844220036,6.14951685930676,9.78622022457084,0
1.123,200,200,0.481798213031196,1.53982573613756,2.44648756589965,1.92719285212478,6.15930294455022,9.78595026359861,0
1.124,200,200,0.483339261999869,1.54227218995911,2.44642007751837,1.93335704799947,6.16908875983644,9.78568031007347,0
1.125,200,200,0.484882757388619,1.54471857629321,2.44635259099881,1.93953102955447,6.17887430517285,9.78541036399523,0
1.126,200,200,0.48642869912996,1.54716489514173,2.44628510634092,1.94571479651984,6.18865958056691,9.78514042536367,0
1.127,200,200,0.487977087156408,1.54961114650652,2.44621762354465,1.95190834862563,6.19844458602606,9.78487049417859,0
1.128,200,200,0.489527921400479,1.55205733038944,2.44615014260995,1.95811168560192,6.20822932155775,9.78460057043978,0
1.129,200,200,0.491081201794693,1.55450344679236,2.44608266353676,1.96432480717877,6.21801378716942,9.78433065414705,0
1.13,200,200,0.492636928271571,1.55694949571713,2.44601518632504,1.97054771308628,6.22779798286853,9.78406074530017,0
1.131,200,200,0.494195100763635,1.55939547716563,2.44594771097474,1.97678040305454,6.23758190866251,9.78379084389896,0
1.132,200,200,0.495755719203411,1.5618413911397,2.4458802374858,1.98302287681364,6.24736556455881,9.7835209499432,0
1.133,200,200,0.497318783523424,1.56428723764122,2.44581276585817,1.98927513409369,6.25714895056487,9.78325106343269,0
1.134,200,200,0.498884293656203,1.56673301667204,2.4457452960918,1.99553717462481,6.26693206668815,9.78298118436722,0
1.135,200,200,0.500452249534278,1.56917872823402,2.44567782818665,2.00180899813711,6.27671491293609,9.78271131274659,0
1.136,200,200,0.502022651090182,1.57162437232903,2.44561036214265,2.00809060436073,6.28649748931613,9.78244144857059,0
1.137,200,200,0.503595498256448,1.57406994895893,2.44554289795975,2.01438199302579,6.29627979583571,9.78217159183901,0
1.138,200,200,0.505170790965612,1.57651545812557,2.44547543563791,2.02068316386245,6.30606183250229,9.78190174255166,0
1.139,200,200,0.506748529150212,1.57896089983082,2.44540797517708,2.02699411660085,6.3158435993233,9.78163190070832,0
1.14,200,200,0.508328712742787,1.58140627407655,2.4453405165772,2.03331485097115,6.32562509630619,9.78136206630879,0
1.141,200,200,0.509911341675879,1.5838515808646,2.44527305983822,2.03964536670352,6.3354063234584,9.78109223935287,0
1.142,200,200,0.511496415882031,1.58629682019684,2.44520560496009,2.04598566352813,6.34518728078737,9.78082241984034,0
1.143,200,200,0.513083935293788,1.58874199207514,2.44513815194275,2.05233574117515,6.35496796830056,9.78055260777101,0
1.144,200,200,0.514673899843698,1.59118709650135,2.44507070078617,2.05869559937479,6.3647483860054,9.78028280314468,0
1.145,200,200,0.516266309464308,1.59363213347733,2.44500325149028,2.06506523785723,6.37452853390933,9.78001300596112,0
1.146,200,200,0.51786116408817,1.59607710300495,2.44493580405504,2.07144465635268,6.3843084120198,9.77974321622014,0
1.147,200,200,0.519458463647835,1.59852200508606,2.44486835848038,2.07783385459134,6.39408802034425,9.77947343392153,0
1.148,200,200,0.52105820807586,1.60096683972253,2.44480091476627,2.08423283230344,6.40386735889012,9.7792036590651,0
1.149,200,200,0.5226603973048,1.60341160691621,2.44473347291266,2.0906415892192,6.41364642766486,9.77893389165062,0
1.15,200,200,0.524265031267212,1.60585630666898,2.44466603291948,2.09706012506885,6.4234252266759,9.7786641316779,0
1.151,200,200,0.525872109895658,1.60830093898267,2.44459859478668,2.10348843958263,6.4332037559307,9.77839437914674,0
1.152,200,200,0.527481633122698,1.61074550385917,2.44453115851423,2.10992653249079,6.44298201543668,9.77812463405692,0
1.153,200,200,0.529093600880898,1.61319000130032,2.44446372410206,2.11637440352359,6.45276000520129,9.77785489640824,0
1.154,200,200,0.530708013102821,1.61563443130799,2.44439629155012,2.12283205241128,6.46253772523197,9.77758516620049,0
1.155,200,200,0.532324869721036,1.61807879388404,2.44432886085837,2.12929947888415,6.47231517553617,9.77731544343348,0
1.156,200,200,0.533944170668113,1.62052308903033,2.44426143202675,2.13577668267245,6.48209235612132,9.77704572810699,0
1.157,200,200,0.535565915876621,1.62296731674872,2.44419400505521,2.14226366350648,6.49186926699487,9.77677602022083,0
1.158,200,200,0.537190105279135,1.62541147704106,2.44412657994369,2.14876042111654,6.50164590816424,9.77650631977478,0
1.159,200,200,0.538816738808229,1.62785556990922,2.44405915669216,2.15526695523291,6.51142227963689,9.77623662676863,0
1.16,200,200,0.540445816396479,1.63029959535506,2.44399173530055,2.16178326558592,6.52119838142026,9.7759669412022,0
1.161,200,200,0.542077337976465,1.63274355338044,2.44392431576881,2.16830935190586,6.53097421352178,9.77569726307526,0
1.162,200,200,0.543711303480767,1.63518744398722,2.4438568980969,2.17484521392307,6.54074977594889,9.77542759238761,0
1.163,200,200,0.545347712841967,1.63763126717726,2.44378948228476,2.18139085136787,6.55052506870903,9.77515792913906,0
1.164,200,200,0.54698656599265,1.64007502295241,2.44372206833235,2.1879462639706,6.56030009180965,9.77488827332938,0
1.165,200,200,0.548627862865401,1.64251871131454,2.4436546562396,2.1945114514616,6.57007484525817,9.77461862495839,0
1.166,200,200,0.550271603392809,1.64496233226551,2.44358724600647,2.20108641357124,6.57984932906204,9.77434898402587,0
1.167,200,200,0.551917787507462,1.64740588580718,2.4435198376329,2.20767115002985,6.5896235432287,9.77407935053162,0
1.168,200,200,0.553566415141954,1.6498493719414,2.44345243111886,2.21426566056782,6.59939748776559,9.77380972447543,0
1.169,200,200,0.555217486228877,1.65229279067003,2.44338502646427,2.22086994491551,6.60917116268013,9.7735401058571,0
1.17,200,200,0.556871000700826,1.65473614199495,2.4433176236691,2.2274840028033,6.61894456797978,9.77327049467642,0
1.171,200,200,0.558526958490399,1.65717942591799,2.4432502227333,2.2341078339616,6.62871770367197,9.77300089093318,0
1.172,200,200,0.560185359530195,1.65962264244103,2.4431828236568,2.24074143812078,6.63849056976413,9.77273129462719,0
1.173,200,200,0.561846203752815,1.66206579156592,2.44311542643956,2.24738481501126,6.6482631662637,9.77246170575824,0
1.174,200,200,0.563509491090862,1.66450887329453,2.44304803108153,2.25403796436345,6.65803549317812,9.77219212432612,0
1.175,200,200,0.56517522147694,1.66695188762871,2.44298063758266,2.26070088590776,6.66780755051483,9.77192255033062,0
1.176,200,200,0.566843394843655,1.66939483457032,2.44291324594289,2.26737357937462,6.67757933828126,9.77165298377155,0
1.177,200,200,0.568514011123617,1.67183771412121,2.44284585616217,2.27405604449447,6.68735085648485,9.77138342464869,0
1.178,200,200,0.570187070249434,1.67428052628326,2.44277846824046,2.28074828099774,6.69712210513304,9.77111387296184,0
1.179,200,200,0.571862572153721,1.67672327105831,2.4427110821777,2.28745028861488,6.70689308423325,9.7708443287108,0
1.18,200,200,0.573540516769089,1.67916594844823,2.44264369797384,2.29416206707636,6.71666379379294,9.77057479189536,0
1.181,200,200,0.575220904028156,1.68160855845488,2.44257631562883,2.30088361611262,6.72643423381952,9.77030526251532,0
1.182,200,200,0.576903733863539,1.68405110108011,2.44250893514262,2.30761493545415,6.73620440432045,9.77003574057047,0
1.183,200,200,0.578589006207856,1.68649357632579,2.44244155651515,2.31435602483143,6.74597430530314,9.7697662260606,0
1.184,200,200,0.580276720993731,1.68893598419376,2.44237417974638,2.32110688397492,6.75574393677504,9.76949671898551,0
1.185,200,200,0.581966878153785,1.6913783246859,2.44230680483625,2.32786751261514,6.76551329874359,9.769227219345,0
1.186,200,200,0.583659477620645,1.69382059780405,2.44223943178471,2.33463791048258,6.77528239121621,9.76895772713886,0
1.187,200,200,0.585354519326936,1.69626280355009,2.44217206059172,2.34141807730774,6.78505121420035,9.76868824236688,0
1.188,200,200,0.587052003205288,1.69870494192586,2.44210469125722,2.34820801282115,6.79481976770342,9.76841876502887,0
1.189,200,200,0.588751929188332,1.70114701293322,2.44203732378115,2.35500771675333,6.80458805173288,9.76814929512461,0
1.19,200,200,0.590454297208699,1.70358901657404,2.44196995816347,2.3618171888348,6.81435606629615,9.76787983265389,0
1.191,200,200,0.592159107199025,1.70603095285017,2.44190259440413,2.3686364287961,6.82412381140067,9.76761037761653,0
1.192,200,200,0.593866359091945,1.70847282176347,2.44183523250308,2.37546543636778,6.83389128705386,9.7673409300123,0
1.193,200,200,0.595576052820098,1.71091462331579,2.44176787246025,2.38230421128039,6.84365849326317,9.76707148984101,0
1.194,200,200,0.597288188316124,1.71335635750901,2.44170051427561,2.38915275326449,6.85342543003602,9.76680205710245,0
1.195,200,200,0.599002765512664,1.71579802434496,2.4416331579491,2.39601106205065,6.86319209737985,9.76653263179641,0
1.196,200,200,0.600719784342362,1.71823962382552,2.44156580348067,2.40287913736945,6.87295849530209,9.7662632139227,0
1.197,200,200,0.602439244737863,1.72068115595254,2.44149845087027,2.40975697895145,6.88272462381017,9.76599380348109,0
1.198,200,200,0.604161146631816,1.72312262072788,2.44143110011785,2.41664458652727,6.89249048291153,9.7657244004714,0
1.199,200,200,0.605885489956869,1.7255640181534,2.44136375122335,2.42354195982748,6.90225607261359,9.76545500489341,0
1.2,200,200,0.607612274645674,1.72800534823095,2.44129640418673,2.43044909858269,6.9120213929238,9.76518561674693,0
1.201,200,200,0.609341500630882,1.73044661096239,2.44122905900793,2.43736600252353,6.92178644384957,9.76491623603173,0
1.202,200,200,0.61107316784515,1.73288780634958,2.44116171568691,2.4442926713806,6.93155122539834,9.76464686274763,0
1.203,200,200,0.612807276221134,1.73532893439438,2.4410943742236,2.45122910488454,6.94131573757754,9.76437749689441,0
1.204,200,200,0.614543825691492,1.73776999509865,2.44102703461797,2.45817530276597,6.9510799803946,9.76410813847187,0
1.205,200,200,0.616282816188885,1.74021098846424,2.44095969686995,2.46513126475554,6.96084395385696,9.7638387874798,0
1.206,200,200,0.618024247645975,1.74265191449301,2.4408923609795,2.4720969905839,6.97060765797204,9.76356944391801,0
1.207,200,200,0.619768119995426,1.74509277318682,2.44082502694657,2.4790724799817,6.98037109274727,9.76330010778628,0
1.208,200,200,0.621514433169904,1.74753356454752,2.4407576947711,2.48605773267962,6.99013425819009,9.76303077908441,0
1.209,200,200,0.623263187102078,1.74997428857698,2.44069036445305,2.49305274840831,6.99989715430792,9.76276145781219,0
1.21,200,200,0.625014381724615,1.75241494527705,2.44062303599236,2.50005752689846,7.00965978110819,9.76249214396942,0
1.211,200,200,0.626768016970189,1.75485553464958,2.44055570938898,2.50707206788076,7.01942213859833,9.76222283755591,0
1.212,200,200,0.628524092771472,1.75729605669644,2.44048838464286,2.51409637108589,7.02918422678578,9.76195353857142,0
1.213,200,200,0.630282609061141,1.75973651141949,2.44042106175394,2.52113043624456,7.03894604567795,9.76168424701578,0
1.214,200,200,0.632043565771871,1.76217689882057,2.44035374072219,2.52817426308748,7.04870759528228,9.76141496288876,0
1.215,200,200,0.633806962836342,1.76461721890155,2.44028642154754,2.53522785134537,7.0584688756062,9.76114568619017,0
1.216,200,200,0.635572800187234,1.76705747166429,2.44021910422995,2.54229120074894,7.06822988665714,9.7608764169198,0
1.217,200,200,0.637341077757231,1.76949765711063,2.44015178876936,2.54936431102893,7.07799062844252,9.76060715507744,0
1.218,200,200,0.639111795479018,1.77193777524244,2.44008447516572,2.55644718191607,7.08775110096977,9.7603379006629,0
1.219,200,200,0.640884953285279,1.77437782606158,2.44001716341899,2.56353981314112,7.09751130424632,9.76006865367596,0
1.22,200,200,0.642660551108704,1.7768178095699,2.43994985352911,2.57064220443481,7.1072712382796,9.75979941411642,0
1.221,200,200,0.644438588881982,1.77925772576926,2.43988254549602,2.57775435552793,7.11703090307703,9.75953018198408,0
1.222,200,200,0.646219066537806,1.78169757466151,2.43981523931968,2.58487626615123,7.12679029864604,9.75926095727873,0
1.223,200,200,0.64800198400887,1.78413735624852,2.43974793500004,2.59200793603548,7.13654942499406,9.75899174000016,0
1.224,200,200,0.649787341227869,1.78657707053213,2.43968063253704,2.59914936491148,7.14630828212852,9.75872253014817,0
1.225,200,200,0.651575138127501,1.78901671751421,2.43961333193064,2.60630055251,7.15606687005683,9.75845332772256,0
1.226,200,200,0.653365374640464,1.79145629719661,2.43954603318078,2.61346149856186,7.16582518878644,9.75818413272313,0
1.227,200,200,0.655158050699461,1.79389580958119,2.43947873628741,2.62063220279785,7.17558323832476,9.75791494514966,0
1.228,200,200,0.656953166237195,1.7963352546698,2.43941144125049,2.62781266494878,7.18534101867921,9.75764576500195,0
1.229,200,200,0.658750721186369,1.79877463246431,2.43934414806995,2.63500288474548,7.19509852985724,9.7573765922798,0
1.23,200,200,0.660550715479692,1.80121394296656,2.43927685674575,2.64220286191877,7.20485577186625,9.757107426983,0
1.231,200,200,0.662353149049872,1.80365318617842,2.43920956727784,2.64941259619949,7.21461274471368,9.75683826911134,0
1.232,200,200,0.66415802182962,1.80609236210174,2.43914227966616,2.65663208731848,7.22436944840695,9.75656911866463,0
1.233,200,200,0.665965333751647,1.80853147073837,2.43907499391066,2.66386133500659,7.23412588295348,9.75629997564266,0
1.234,200,200,0.667775084748668,1.81097051209018,2.4390077100113,2.67110033899467,7.24388204836071,9.75603084004522,0
1.235,200,200,0.6695872747534,1.81340948615901,2.43894042796803,2.6783490990136,7.25363794463605,9.7557617118721,0
1.236,200,200,0.671401903698559,1.81584839294673,2.43887314778078,2.68560761479424,7.26339357178693,9.75549259112312,0
1.237,200,200,0.673218971516867,1.81828723245519,2.43880586944951,2.69287588606747,7.27314892982077,9.75522347779804,0
1.238,200,200,0.675038478141044,1.82072600468625,2.43873859297417,2.70015391256418,7.282904018745,9.75495437189669,0
1.239,200,200,0.676860423503814,1.82316470964176,2.43867131835471,2.70744169401526,7.29265883856703,9.75468527341884,0
1.24,200,200,0.678684807537903,1.82560334732358,2.43860404559107,2.71473923015161,7.30241338929431,9.75441618236429,0
1.241,200,200,0.680511630176037,1.82804191773356,2.43853677468321,2.72204652070415,7.31216767093424,9.75414709873285,0
1.242,200,200,0.682340891350947,1.83048042087356,2.43846950563107,2.72936356540379,7.32192168349425,9.75387802252429,0
1.243,200,200,0.684172590995362,1.83291885674544,2.43840223843461,2.73669036398145,7.33167542698176,9.75360895373843,0
1.244,200,200,0.686006729042015,1.83535722535105,2.43833497309376,2.74402691616806,7.3414289014042,9.75333989237505,0
1.245,200,200,0.687843305423642,1.83779552669225,2.43826770960849,2.75137322169457,7.35118210676899,9.75307083843395,0
1.246,200,200,0.689682320072979,1.84023376077089,2.43820044797873,2.75872928029192,7.36093504308354,9.75280179191493,0
1.247,200,200,0.691523772922764,1.84267192758882,2.43813318820445,2.76609509169106,7.37068771035529,9.75253275281778,0
1.248,200,200,0.693367663905737,1.84511002714791,2.43806593028557,2.77347065562295,7.38044010859165,9.7522637211423,0
1.249,200,200,0.695213992954641,1.84754805945001,2.43799867422207,2.78085597181856,7.39019223780005,9.75199469688827,0
1.25,200,200,0.697062760002219,1.84998602449698,2.43793142001388,2.78825104000887,7.3999440979879,9.7517256800555,0
1.251,200,200,0.698913964981217,1.85242392229066,2.43786416766095,2.79565585992487,7.40969568916263,9.75145667064379,0
1.252,200,200,0.700767607824383,1.85486175283292,2.43779691716323,2.80307043129753,7.41944701133166,9.75118766865292,0
1.253,200,200,0.702623688464466,1.8572995161256,2.43772966852067,2.81049475385786,7.42919806450241,9.75091867408269,0
1.254,200,200,0.704482206834218,1.85973721217058,2.43766242173322,2.81792882733687,7.4389488486823,9.7506496869329,0
1.255,200,200,0.706343162866392,1.86217484096969,2.43759517680084,2.82537265146557,7.44869936387875,9.75038070720334,0
1.256,200,200,0.708206556493743,1.8646124025248,2.43752793372345,2.83282622597497,7.45844961009918,9.75011173489381,0
1.257,200,200,0.710072387649028,1.86704989683775,2.43746069250103,2.84028955059611,7.46819958735101,9.74984277000411,0
1.258,200,200,0.711940656265005,1.86948732391042,2.4373934531335,2.84776262506002,7.47794929564166,9.74957381253402,0
1.259,200,200,0.713811362274436,1.87192468374464,2.43732621562084,2.85524544909774,7.48769873497855,9.74930486248335,0
1.26,200,200,0.715684505610082,1.87436197634228,2.43725897996297,2.86273802244033,7.4974479053691,9.74903591985188,0
1.261,200,200,0.717560086204709,1.87679920170518,2.43719174615986,2.87024034481883,7.50719680682073,9.74876698463942,0
1.262,200,200,0.719438103991082,1.87923635983521,2.43712451421144,2.87775241596433,7.51694543934085,9.74849805684577,0
1.263,200,200,0.721318558901969,1.88167345073422,2.43705728411768,2.88527423560787,7.52669380293689,9.7482291364707,0
1.264,200,200,0.72320145087014,1.88411047440407,2.43699005587851,2.89280580348056,7.53644189761627,9.74796022351403,0
1.265,200,200,0.725086779828368,1.8865474308466,2.43692282949389,2.90034711931347,7.54618972338639,9.74769131797554,0
1.266,200,200,0.726974545709425,1.88898432006367,2.43685560496376,2.9078981828377,7.55593728025469,9.74742241985504,0
1.267,200,200,0.728864748446087,1.89142114205714,2.43678838228808,2.91545899378435,7.56568456822858,9.74715352915231,0
1.268,200,200,0.730757387971132,1.89385789682887,2.43672116146679,2.92302955188453,7.57543158731547,9.74688464586716,0
1.269,200,200,0.732652464217338,1.8962945843807,2.43665394249984,2.93060985686935,7.58517833752278,9.74661576999937,0
1.27,200,200,0.734549977117487,1.89873120471448,2.43658672538719,2.93819990846995,7.59492481885794,9.74634690154874,0
1.271,200,200,0.736449926604362,1.90116775783209,2.43651951012877,2.94579970641745,7.60467103132835,9.74607804051508,0
1.272,200,200,0.738352312610747,1.90360424373536,2.43645229672454,2.95340925044299,7.61441697494144,9.74580918689816,0
1.273,200,200,0.740257135069428,1.90604066242616,2.43638508517445,2.96102854027771,7.62416264970462,9.7455403406978,0
1.274,200,200,0.742164393913196,1.90847701390633,2.43631787547845,2.96865757565278,7.63390805562531,9.74527150191378,0
1.275,200,200,0.744074089074838,1.91091329817773,2.43625066763648,2.97629635629935,7.64365319271092,9.7450026705459,0
1.276,200,200,0.745986220487149,1.91334951524222,2.43618346164849,2.98394488194859,7.65339806096887,9.74473384659396,0
1.277,200,200,0.747900788082921,1.91578566510165,2.43611625751444,2.99160315233168,7.66314266040658,9.74446503005774,0
1.278,200,200,0.749817791794951,1.91822174775786,2.43604905523426,2.9992711671798,7.67288699103146,9.74419622093706,0
1.279,200,200,0.751737231556036,1.92065776321273,2.43598185480792,3.00694892622414,7.68263105285093,9.7439274192317,0
1.28,200,200,0.753659107298977,1.9230937114681,2.43591465623536,3.01463642919591,7.69237484587239,9.74365862494145,0
1.281,200,200,0.755583418956573,1.92552959252582,2.43584745951653,3.02233367582629,7.70211837010328,9.74338983806611,0
1.282,200,200,0.75751016646163,1.92796540638775,2.43578026465137,3.03004066584652,7.711861625551,9.74312105860549,0
1.283,200,200,0.759439349746951,1.93040115305574,2.43571307163984,3.0377573989878,7.72160461222296,9.74285228655936,0
1.284,200,200,0.761370968745344,1.93283683253165,2.43564588048188,3.04548387498138,7.73134733012659,9.74258352192754,0
1.285,200,200,0.763305023389617,1.93527244481732,2.43557869117745,3.05322009355847,7.74108977926929,9.74231476470981,0
1.286,200,200,0.765241513612582,1.93770798991462,2.43551150372649,3.06096605445033,7.75083195965848,9.74204601490597,0
1.287,200,200,0.767180439347051,1.94014346782539,2.43544431812895,3.0687217573882,7.76057387130157,9.74177727251582,0
1.288,200,200,0.769121800525838,1.9425788785515,2.43537713438479,3.07648720210335,7.77031551420598,9.74150853753914,0
1.289,200,200,0.77106559708176,1.94501422209478,2.43530995249394,3.08426238832704,7.78005688837912,9.74123980997574,0
1.29,200,200,0.773011828947634,1.9474494984571,2.43524277245636,3.09204731579054,7.7897979938284,9.74097108982542,0
1.291,200,200,0.774960496056281,1.94988470764031,2.43517559427199,3.09984198422512,7.79953883056124,9.74070237708796,0
1.292,200,200,0.776911598340522,1.95231984964626,2.43510841794079,3.10764639336209,7.80927939858505,9.74043367176317,0
1.293,200,200,0.778865135733182,1.95475492447681,2.43504124346271,3.11546054293273,7.81901969790724,9.74016497385083,0
1.294,200,200,0.780821108167085,1.95718993213381,2.43497407083769,3.12328443266834,7.82875972853522,9.73989628335075,0
1.295,200,200,0.782779515575059,1.9596248726191,2.43490690006568,3.13111806230024,7.83849949047641,9.73962760026272,0
1.296,200,200,0.784740357889933,1.96205974593455,2.43483973114663,3.13896143155973,7.84823898373822,9.73935892458653,0
1.297,200,200,0.786703635044539,1.96449455208201,2.4347725640805,3.14681454017815,7.85797820832806,9.73909025632198,0
1.298,200,200,0.788669346971708,1.96692929106333,2.43470539886722,3.15467738788683,7.86771716425333,9.73882159546887,0
1.299,200,200,0.790637493604277,1.96936396288037,2.43463823550675,3.16254997441711,7.87745585152146,9.73855294202699,0
1.3,200,200,0.792608074875082,1.97179856753496,2.43457107399903,3.17043229950033,7.88719427013986,9.73828429599614,0
1.301,200,200,0.79458109071696,1.97423310502898,2.43450391434403,3.17832436286784,7.89693242011593,9.73801565737611,0
1.302,200,200,0.796556541062753,1.97666757536427,2.43443675654167,3.18622616425101,7.90667030145708,9.7377470261667,0
1.303,200,200,0.798534425845303,1.97910197854268,2.43436960059192,3.19413770338121,7.91640791417073,9.7374784023677,0
1.304,200,200,0.800514744997454,1.98153631456607,2.43430244649473,3.20205897998981,7.92614525826429,9.73720978597891,0
1.305,200,200,0.802497498452051,1.98397058343629,2.43423529425003,3.2099899938082,7.93588233374516,9.73694117700013,0
1.306,200,200,0.804482686141943,1.98640478515519,2.43416814385779,3.21793074456777,7.94561914062076,9.73667257543115,0
1.307,200,200,0.806470307999978,1.98883891972462,2.43410099531794,3.22588123199991,7.95535567889849,9.73640398127176,0
1.308,200,200,0.808460363959009,1.99127298714644,2.43403384863044,3.23384145583604,7.96509194858577,9.73613539452177,0
1.309,200,200,0.810452853951889,1.9937069874225,2.43396670379524,3.24181141580756,7.97482794969,9.73586681518096,0
1.31,200,200,0.812447777911473,1.99614092055465,2.43389956081228,3.24979111164589,7.9845636822186,9.73559824324914,0
1.311,200,200,0.814445135770618,1.99857478654474,2.43383241968152,3.25778054308247,7.99429914617897,9.73532967872609,0
1.312,200,200,0.816444927462182,2.00100858539463,2.43376528040291,3.26577970984873,8.00403434157852,9.73506112161162,0
1.313,200,200,0.818447152919027,2.00344231710617,2.43369814297638,3.27378861167611,8.01376926842466,9.73479257190552,0
1.314,200,200,0.820451812074016,2.0058759816812,2.4336310074019,3.28180724829606,8.0235039267248,9.73452402960759,0
1.315,200,200,0.822458904860011,2.00830957912159,2.4335638736794,3.28983561944005,8.03323831648635,9.73425549471761,0
1.316,200,200,0.824468431209881,2.01074310942918,2.43349674180885,3.29787372483952,8.04297243771671,9.7339869672354,0
1.317,200,200,0.826480391056493,2.01317657260582,2.43342961179018,3.30592156422597,8.05270629042329,9.73371844716073,0
1.318,200,200,0.828494784332717,2.01560996865337,2.43336248362335,3.31397913733087,8.0624398746135,9.73344993449342,0
1.319,200,200,0.830511610971424,2.01804329757369,2.43329535730831,3.3220464438857,8.07217319029474,9.73318142923324,0
1.32,200,200,0.832530870905489,2.02047655936861,2.433228232845,3.33012348362195,8.08190623747443,9.73291293138001,0
1.321,200,200,0.834552564067787,2.02290975403999,2.43316111023338,3.33821025627115,8.09163901615997,9.73264444093351,0
1.322,200,200,0.836576690391195,2.02534288158969,2.43309398947339,3.34630676156478,8.10137152635877,9.73237595789355,0
1.323,200,200,0.838603249808593,2.02777594201956,2.43302687056498,3.35441299923437,8.11110376807823,9.73210748225991,0
1.324,200,200,0.840632242252861,2.03020893533144,2.4329597535081,3.36252896901144,8.12083574132576,9.73183901403239,0
1.325,200,200,0.842663667656883,2.03264186152719,2.4328926383027,3.37065467062753,8.13056744610876,9.73157055321079,0
1.326,200,200,0.844697525953544,2.03507472060866,2.43282552494873,3.37879010381418,8.14029888243465,9.7313020997949,0
1.327,200,200,0.84673381707573,2.03750751257771,2.43275841344613,3.38693526830292,8.15003005031082,9.73103365378453,0
1.328,200,200,0.848772540956329,2.03994023743617,2.43269130379486,3.39509016382532,8.15976094974469,9.73076521517945,0
1.329,200,200,0.850813697528233,2.04237289518591,2.43262419599487,3.40325479011293,8.16949158074365,9.73049678397948,0
1.33,200,200,0.852857286724332,2.04480548582878,2.4325570900461,3.41142914689733,8.17922194331511,9.73022836018441,0
1.331,200,200,0.854903308477522,2.04723800936662,2.43248998594851,3.41961323391009,8.18895203746649,9.72995994379402,0
1.332,200,200,0.856951762720698,2.04967046580129,2.43242288370203,3.42780705088279,8.19868186320517,9.72969153480813,0
1.333,200,200,0.859002649386757,2.05210285513464,2.43235578330663,3.43601059754703,8.20841142053857,9.72942313322652,0
1.334,200,200,0.861055968408601,2.05453517736852,2.43228868476225,3.4442238736344,8.21814070947409,9.72915473904899,0
1.335,200,200,0.863111719719129,2.05696743250478,2.43222158806883,3.45244687887651,8.22786973001914,9.72888635227533,0
1.336,200,200,0.865169903251245,2.05939962054528,2.43215449322634,3.46067961300498,8.23759848218111,9.72861797290535,0
1.337,200,200,0.867230518937855,2.06183174149185,2.43208740023471,3.46892207575142,8.24732696596742,9.72834960093883,0
1.338,200,200,0.869293566711865,2.06426379534636,2.43202030909389,3.47717426684746,8.25705518138546,9.72808123637557,0
1.339,200,200,0.871359046506184,2.06669578211066,2.43195321980384,3.48543618602474,8.26678312844263,9.72781287921537,0
1.34,200,200,0.873426958253723,2.06912770178659,2.43188613236451,3.49370783301489,8.27651080714636,9.72754452945803,0
1.341,200,200,0.875497301887395,2.071559554376,2.43181904677583,3.50198920754958,8.28623821750402,9.72727618710333,0
1.342,200,200,0.877570077340113,2.07399133988076,2.43175196303777,3.51028030936045,8.29596535952303,9.72700785215108,0
1.343,200,200,0.879645284544795,2.0764230583027,2.43168488115027,3.51858113817918,8.30569223321079,9.72673952460108,0
1.344,200,200,0.881722923434359,2.07885470964367,2.43161780111328,3.52689169373743,8.3154188385747,9.72647120445311,0
1.345,200,200,0.883802993941723,2.08128629390554,2.43155072292674,3.53521197576689,8.32514517562216,9.72620289170697,0
1.346,200,200,0.885885495999811,2.08371781109014,2.43148364659062,3.54354198399924,8.33487124436058,9.72593458636246,0
1.347,200,200,0.887970429541545,2.08614926119934,2.43141657210484,3.55188171816618,8.34459704479735,9.72566628841938,0
1.348,200,200,0.890057794499851,2.08858064423497,2.43134949946938,3.56023117799941,8.35432257693989,9.72539799787752,0
1.349,200,200,0.892147590807658,2.09101196019889,2.43128242868417,3.56859036323063,8.36404784079558,9.72512971473667,0
1.35,200,200,0.894239818397893,2.09344320909296,2.43121535974916,3.57695927359157,8.37377283637183,9.72486143899664,0
1.351,200,200,0.896334477203487,2.09587439091901,2.4311482926643,3.58533790881395,8.38349756367604,9.72459317065721,0
1.352,200,200,0.898431567157375,2.0983055056789,2.43108122742955,3.5937262686295,8.39322202271561,9.72432490971819,0
1.353,200,200,0.900531088192491,2.10073655337448,2.43101416404484,3.60212435276996,8.40294621349794,9.72405665617936,0
1.354,200,200,0.90263304024177,2.10316753400761,2.43094710251013,3.61053216096708,8.41267013603043,9.72378841004054,0
1.355,200,200,0.904737423238152,2.10559844758012,2.43088004282537,3.61894969295261,8.42239379032049,9.7235201713015,0
1.356,200,200,0.906844237114577,2.10802929409388,2.43081298499051,3.62737694845831,8.4321171763755,9.72325193996205,0
1.357,200,200,0.908953481803988,2.11046007355072,2.4307459290055,3.63581392721595,8.44184029420288,9.72298371602199,0
1.358,200,200,0.911065157239327,2.1128907859525,2.43067887487027,3.64426062895731,8.45156314381001,9.7227154994811,0
1.359,200,200,0.913179263353542,2.11532143130108,2.4306118225848,3.65271705341417,8.46128572520431,9.72244729033919,0
1.36,200,200,0.915295800079579,2.11775200959829,2.43054477214901,3.66118320031832,8.47100803839316,9.72217908859605,0
1.361,200,200,0.917414767350388,2.12018252084599,2.43047772356287,3.66965906940155,8.48073008338396,9.72191089425147,0
1.362,200,200,0.919536165098922,2.12261296504603,2.43041067682632,3.67814466039569,8.49045186018413,9.72164270730526,0
1.363,200,200,0.921659993258132,2.12504334220026,2.4303436319393,3.68663997303253,8.50017336880104,9.72137452775721,0
1.364,200,200,0.923786251760974,2.12747365231053,2.43027658890178,3.6951450070439,8.50989460924211,9.72110635560711,0
1.365,200,200,0.925914940540405,2.12990389537868,2.43020954771369,3.70365976216162,8.51961558151472,9.72083819085476,0
1.366,200,200,0.928046059529385,2.13233407140657,2.43014250837499,3.71218423811754,8.52933628562628,9.72057003349996,0
1.367,200,200,0.930179608660872,2.13476418039605,2.43007547088563,3.72071843464349,8.53905672158419,9.7203018835425,0
1.368,200,200,0.932315587867831,2.13719422234896,2.43000843524555,3.72926235147133,8.54877688939583,9.72003374098218,0
1.369,200,200,0.934453997083226,2.13962419726715,2.4299414014547,3.7378159883329,8.55849678906862,9.71976560581879,0
1.37,200,200,0.936594836240021,2.14205410515248,2.42987436951303,3.74637934496009,8.56821642060994,9.71949747805214,0
1.371,200,200,0.938738105271187,2.1444839460068,2.4298073394205,3.75495242108475,8.57793578402719,9.71922935768201,0
1.372,200,200,0.940883804109692,2.14691371983194,2.42974031117705,3.76353521643877,8.58765487932776,9.7189612447082,0
1.373,200,200,0.943031932688508,2.14934342662977,2.42967328478263,3.77212773075403,8.59737370651907,9.7186931391305,0
1.374,200,200,0.94518249094061,2.15177306640212,2.42960626023718,3.78072996376244,8.60709226560849,9.71842504094873,0
1.375,200,200,0.947335478798971,2.15420263915086,2.42953923754067,3.78934191519589,8.61681055660343,9.71815695016266,0
1.376,200,200,0.949490896196571,2.15663214487782,2.42947221669302,3.79796358478628,8.62652857951128,9.7178888667721,0
1.377,200,200,0.951648743066387,2.15906158358486,2.42940519769421,3.80659497226555,8.63624633433944,9.71762079077684,0
1.378,200,200,0.953809019341401,2.16149095527383,2.42933818054417,3.8152360773656,8.6459638210953,9.71735272217668,0
1.379,200,200,0.955971724954596,2.16392025994656,2.42927116524285,3.82388689981838,8.65568103978626,9.71708466097141,0
1.38,200,200,0.958136859838956,2.16634949760493,2.42920415179021,3.83254743935582,8.66539799041971,9.71681660716083,0
1.381,200,200,0.960304423927468,2.16877866825076,2.42913714018618,3.84121769570987,8.67511467300304,9.71654856074474,0
1.382,200,200,0.962474417153121,2.17120777188592,2.42907013043073,3.84989766861248,8.68483108754366,9.71628052172293,0
1.383,200,200,0.964646839448904,2.17363680851224,2.4290031225238,3.85858735779561,8.69454723404895,9.7160124900952,0
1.384,200,200,0.966821690747809,2.17606577813158,2.42893611646533,3.86728676299124,8.70426311252632,9.71574446586134,0
1.385,200,200,0.968998970982832,2.17849468074579,2.42886911225529,3.87599588393133,8.71397872298314,9.71547644902115,0
1.386,200,200,0.971178680086967,2.18092351635671,2.42880210989361,3.88471472034787,8.72369406542682,9.71520843957443,0
1.387,200,200,0.973360817993211,2.18335228496619,2.42873510938024,3.89344327197285,8.73340913986475,9.71494043752097,0
1.388,200,200,0.975545384634566,2.18578098657608,2.42866811071514,3.90218153853826,8.74312394630433,9.71467244286057,0
1.389,200,200,0.977732379944031,2.18820962118824,2.42860111389825,3.91092951977612,8.75283848475294,9.71440445559302,0
1.39,200,200,0.97992180385461,2.1906381888045,2.42853411892953,3.91968721541844,8.76255275521798,9.71413647571812,0
1.391,200,200,0.982113656299309,2.19306668942671,2.42846712580892,3.92845462519723,8.77226675770684,9.71386850323567,0
1.392,200,200,0.984307937211133,2.19549512305673,2.42840013453637,3.93723174884453,8.78198049222692,9.71360053814546,0
1.393,200,200,0.986504646523092,2.1979234896964,2.42833314511182,3.94601858609237,8.7916939587856,9.71333258044729,0
1.394,200,200,0.988703784168196,2.20035178934757,2.42826615753524,3.95481513667278,8.80140715739028,9.71306463014095,0
1.395,200,200,0.990905350079458,2.20278002201209,2.42819917180656,3.96362140031783,8.81112008804834,9.71279668722625,0
1.396,200,200,0.993109344189892,2.2052081876918,2.42813218792574,3.97243737675957,8.82083275076719,9.71252875170297,0
1.397,200,200,0.995315766432514,2.20763628638855,2.42806520589273,3.98126306573006,8.83054514555421,9.71226082357092,0
1.398,200,200,0.997524616740342,2.2100643181042,2.42799822570747,3.99009846696137,8.8402572724168,9.71199290282988,0
1.399,200,200,0.999735895046396,2.21249228284058,2.42793124736991,3.99894358018558,8.84996913136234,9.71172498947966,0
1.4,200,200,1.0019496012837,2.21492018059956,2.42786427088001,4.00779840513479,8.85968072239822,9.71145708352005,0
1.401,200,200,1.00416573538527,2.21734801138296,2.42779729623771,4.01666294154108,8.86939204553184,9.71118918495084,0
1.402,200,200,1.00638429728414,2.21977577519265,2.42773032344296,4.02553718913656,8.87910310077059,9.71092129377184,0
1.403,200,200,1.00860528691333,2.22220347203046,2.42766335249571,4.03442114765333,8.88881388812185,9.71065340998284,0
1.404,200,200,1.01082870420588,2.22463110189825,2.42759638339591,4.04331481682351,8.89852440759302,9.71038553358364,0
1.405,200,200,1.01305454909481,2.22705866479787,2.42752941614351,4.05221819637922,8.90823465919148,9.71011766457402,0
1.406,200,200,1.01528282151315,2.22948616073116,2.42746245073845,4.0611312860526,8.91794464292463,9.7098498029538,0
1.407,200,200,1.01751352139395,2.23191358969996,2.42739548718069,4.07005408557578,8.92765435879985,9.70958194872276,0
1.408,200,200,1.01974664867023,2.23434095170613,2.42732852547017,4.07898659468092,8.93736380682454,9.7093141018807,0
1.409,200,200,1.02198220327504,2.23676824675152,2.42726156560685,4.08792881310015,8.94707298700607,9.70904626242741,0
1.41,200,200,1.02422018514141,2.23919547483796,2.42719460759068,4.09688074056565,8.95678189935185,9.7087784303627,0
1.411,200,200,1.02646059420239,2.24162263596732,2.42712765142159,4.10584237680958,8.96649054386926,9.70851060568636,0
1.412,200,200,1.02870343039103,2.24404973014142,2.42706069709955,4.11481372156411,8.97619892056569,9.70824278839818,0
1.413,200,200,1.03094869364036,2.24647675736213,2.42699374462449,4.12379477456144,8.98590702944852,9.70797497849797,0
1.414,200,200,1.03319638388344,2.24890371763129,2.42692679399638,4.13278553553374,8.99561487052515,9.70770717598551,0
1.415,200,200,1.03544650105331,2.25133061095074,2.42685984521515,4.14178600421322,9.00532244380295,9.7074393808606,0
1.416,200,200,1.03769904508302,2.25375743732233,2.42679289828076,4.15079618033208,9.01502974928933,9.70717159312305,0
1.417,200,200,1.03995401590563,2.25618419674792,2.42672595319316,4.15981606362254,9.02473678699166,9.70690381277264,0
1.418,200,200,1.0422114134542,2.25861088922933,2.42665900995229,4.16884565381681,9.03444355691734,9.70663603980917,0
1.419,200,200,1.04447123766178,2.26103751476844,2.42659206855811,4.17788495064712,9.04415005907374,9.70636827423245,0
1.42,200,200,1.04673348846143,2.26346407336707,2.42652512901056,4.1869339538457,9.05385629346826,9.70610051604225,0
1.421,200,200,1.0489981657862,2.26589056502707,2.4264581913096,4.1959926631448,9.06356226010829,9.70583276523839,0
1.422,200,200,1.05126526956917,2.2683169897503,2.42639125545516,4.20506107827667,9.0732679590012,9.70556502182065,0
1.423,200,200,1.05353479974339,2.2707433475386,2.42632432144721,4.21413919897356,9.08297339015439,9.70529728578884,0
1.424,200,200,1.05580675624193,2.27316963839381,2.42625738928569,4.22322702496773,9.09267855357524,9.70502955714275,0
1.425,200,200,1.05808113899787,2.27559586231779,2.42619045897054,4.23232455599147,9.10238344927114,9.70476183588217,0
1.426,200,200,1.06035794794426,2.27802201931237,2.42612353050173,4.24143179177704,9.11208807724947,9.70449412200691,0
1.427,200,200,1.06263718301418,2.2804481093794,2.42605660387919,4.25054873205673,9.12179243751762,9.70422641551675,0
1.428,200,200,1.06491884414071,2.28287413252074,2.42598967910288,4.25967537656284,9.13149653008297,9.7039587164115,0
1.429,200,200,1.06720293125692,2.28530008873823,2.42592275617274,4.26881172502766,9.1412003549529,9.70369102469095,0
1.43,200,200,1.06948944429588,2.2877259780337,2.42585583508872,4.27795777718351,9.15090391213481,9.7034233403549,0
1.431,200,200,1.07177838319068,2.29015180040902,2.42578891585078,4.28711353276271,9.16060720163607,9.70315566340314,0
1.432,200,200,1.07406974787439,2.29257755586602,2.42572199845887,4.29627899149756,9.17031022346408,9.70288799383547,0
1.433,200,200,1.0763635382801,2.29500324440655,2.42565508291292,4.30545415312041,9.18001297762621,9.70262033165169,0
1.434,200,200,1.0786597543409,2.29742886603246,2.4255881692129,4.31463901736359,9.18971546412984,9.70235267685159,0
1.435,200,200,1.08095839598986,2.29985442074559,2.42552125735874,4.32383358395945,9.19941768298237,9.70208502943496,0
1.436,200,200,1.08325946316009,2.30227990854779,2.42545434735041,4.33303785264034,9.20911963419118,9.70181738940162,0
1.437,200,200,1.08556295578466,2.30470532944091,2.42538743918784,4.34225182313862,9.21882131776364,9.70154975675134,0
1.438,200,200,1.08786887379667,2.30713068342678,2.42532053287098,4.35147549518666,9.22852273370714,9.70128213148394,0
1.439,200,200,1.09017721712921,2.30955597050727,2.4252536283998,4.36070886851683,9.23822388202906,9.70101451359919,0
1.44,200,200,1.09248798571538,2.3119811906842,2.42518672577423,4.36995194286151,9.2479247627368,9.70074690309691,0
1.441,200,200,1.09480117948828,2.31440634395943,2.42511982499422,4.3792047179531,9.25762537583772,9.70047929997689,0
1.442,200,200,1.097116798381,2.3168314303348,2.42505292605973,4.38846719352399,9.26732572133921,9.70021170423892,0
1.443,200,200,1.09943484232665,2.31925644981216,2.4249860289707,4.39773936930658,9.27702579924866,9.69994411588279,0
1.444,200,200,1.10175531125832,2.32168140239336,2.42491913372708,4.40702124503329,9.28672560957344,9.69967653490832,0
1.445,200,200,1.10407820510913,2.32410628808023,2.42485224032882,4.41631282043654,9.29642515232094,9.69940896131528,0
1.446,200,200,1.10640352381219,2.32653110687463,2.42478534877587,4.42561409524874,9.30612442749853,9.69914139510349,0
1.447,200,200,1.10873126730059,2.3289558587784,2.42471845906818,4.43492506920235,9.3158234351136,9.69887383627272,0
1.448,200,200,1.11106143550745,2.33138054379338,2.4246515712057,4.44424574202979,9.32552217517354,9.69860628482279,0
1.449,200,200,1.11339402836588,2.33380516192143,2.42458468518837,4.45357611346351,9.33522064768571,9.69833874075349,0
1.45,200,200,1.11572904580899,2.33622971316438,2.42451780101615,4.46291618323598,9.3449188526575,9.69807120406462,0
1.451,200,200,1.11806648776991,2.33865419752407,2.42445091868899,4.47226595107965,9.3546167900963,9.69780367475596,0
1.452,200,200,1.12040635418175,2.34107861500237,2.42438403820683,4.48162541672699,9.36431446000948,9.69753615282732,0
1.453,200,200,1.12274864497762,2.3435029656011,2.42431715956962,4.49099457991049,9.37401186240441,9.69726863827849,0
1.454,200,200,1.12509336009066,2.34592724932212,2.42425028277732,4.50037344036263,9.38370899728849,9.69700113110928,0
1.455,200,200,1.12744049945398,2.34835146616727,2.42418340782987,4.5097619978159,9.39340586466909,9.69673363131947,0
1.456,200,200,1.1297900630007,2.3507756161384,2.42411653472722,4.51916025200281,9.40310246455359,9.69646613890886,0
1.457,200,200,1.13214205066396,2.35319969923734,2.42404966346931,4.52856820265585,9.41279879694937,9.69619865387726,0
1.458,200,200,1.13449646237689,2.35562371546595,2.42398279405611,4.53798584950755,9.42249486186381,9.69593117622444,0
1.459,200,200,1.1368532980726,2.35804766482607,2.42391592648756,4.54741319229042,9.43219065930428,9.69566370595022,0
1.46,200,200,1.13921255768425,2.36047154731954,2.4238490607636,4.556850230737,9.44188618927816,9.69539624305439,0
1.461,200,200,1.14157424114496,2.36289536294821,2.42378219688419,4.56629696457982,9.45158145179285,9.69512878753675,0
1.462,200,200,1.14393834838786,2.36531911171392,2.42371533484927,4.57575339355143,9.4612764468557,9.69486133939708,0
1.463,200,200,1.1463048793461,2.36774279361852,2.4236484746588,4.58521951738438,9.4709711744741,9.69459389863519,0
1.464,200,200,1.14867383395281,2.37016640866386,2.42358161631272,4.59469533581123,9.48066563465543,9.69432646525088,0
1.465,200,200,1.15104521214114,2.37258995685176,2.42351475981098,4.60418084856455,9.49035982740706,9.69405903924394,0
1.466,200,200,1.15341901384423,2.37501343818409,2.42344790515354,4.61367605537691,9.50005375273637,9.69379162061417,0
1.467,200,200,1.15579523899522,2.37743685266269,2.42338105234034,4.62318095598089,9.50974741065075,9.69352420936135,0
1.468,200,200,1.15817388752727,2.37986020028939,2.42331420137133,4.63269555010907,9.51944080115755,9.6932568054853,0
1.469,200,200,1.16055495937352,2.38228348106604,2.42324735224645,4.64221983749407,9.52913392426417,9.69298940898581,0
1.47,200,200,1.16293845446712,2.3847066949945,2.42318050496567,4.65175381786847,9.53882677997798,9.69272201986267,0
1.471,200,200,1.16532437274122,2.38712984207659,2.42311365952892,4.66129749096489,9.54851936830636,9.69245463811568,0
1.472,200,200,1.16771271412899,2.38955292231417,2.42304681593616,4.67085085651596,9.55821168925667,9.69218726374464,0
1.473,200,200,1.17010347856357,2.39197593570908,2.42297997418734,4.68041391425428,9.56790374283631,9.69191989674934,0
1.474,200,200,1.17249666597813,2.39439888226316,2.42291313428239,4.68998666391251,9.57759552905263,9.69165253712958,0
1.475,200,200,1.17489227630582,2.39682176197826,2.42284629622129,4.69956910522327,9.58728704791302,9.69138518488515,0
1.476,200,200,1.1772903094798,2.39924457485622,2.42277946000397,4.70916123791922,9.59697829942486,9.69111784001586,0
1.477,200,200,1.17969076543325,2.40166732089888,2.42271262563037,4.71876306173301,9.60666928359551,9.6908505025215,0
1.478,200,200,1.18209364409932,2.40409000010809,2.42264579310047,4.7283745763973,9.61636000043236,9.69058317240186,0
1.479,200,200,1.18449894541119,2.40651261248569,2.42257896241419,4.73799578164476,9.62605044994278,9.69031584965675,0
1.48,200,200,1.18690666930202,2.40893515803353,2.42251213357149,4.74762667720808,9.63574063213413,9.69004853428595,0
1.481,200,200,1.18931681570498,2.41135763675345,2.42244530657232,4.75726726281993,9.6454305470138,9.68978122628927,0
1.482,200,200,1.19172938455325,2.41378004864729,2.42237848141663,4.76691753821301,9.65512019458917,9.6895139256665,0
1.483,200,200,1.19414437578,2.4162023937169,2.42231165810436,4.77657750312001,9.6648095748676,9.68924663241744,0
1.484,200,200,1.19656178931841,2.41862467196412,2.42224483663547,4.78624715727364,9.67449868785646,9.68897934654189,0
1.485,200,200,1.19898162510166,2.42104688339078,2.42217801700991,4.79592650040663,9.68418753356314,9.68871206803963,0
1.486,200,200,1.20140388306292,2.42346902799875,2.42211119922762,4.80561553225168,9.693876111995,9.68844479691048,0
1.487,200,200,1.20382856313538,2.42589110578985,2.42204438328855,4.81531425254153,9.70356442315942,9.68817753315422,0
1.488,200,200,1.20625566525223,2.42831311676594,2.42197756919266,4.82502266100891,9.71325246706376,9.68791027677065,0
1.489,200,200,1.20868518934664,2.43073506092885,2.42191075693989,4.83474075738657,9.72294024371542,9.68764302775957,0
1.49,200,200,1.21111713535181,2.43315693828044,2.42184394653019,4.84446854140726,9.73262775312174,9.68737578612078,0
1.491,200,200,1.21355150320093,2.43557874882253,2.42177713796352,4.85420601280373,9.74231499529012,9.68710855185406,0
1.492,200,200,1.21598829282719,2.43800049255698,2.42171033123981,4.86395317130876,9.75200197022791,9.68684132495923,0
1.493,200,200,1.21842750416378,2.44042216948562,2.42164352635902,4.87371001665512,9.76168867794249,9.68657410543607,0
1.494,200,200,1.22086913714389,2.44284377961031,2.42157672332109,4.88347654857558,9.77137511844124,9.68630689328437,0
1.495,200,200,1.22331319170073,2.44526532293288,2.42150992212599,4.89325276680293,9.78106129173152,9.68603968850395,0
1.496,200,200,1.22575966776749,2.44768679945518,2.42144312277365,4.90303867106997,9.7907471978207,9.6857724910946,0
1.497,200,200,1.22820856527738,2.45010820917904,2.42137632526403,4.9128342611095,9.80043283671616,9.6855053010561,0
1.498,200,200,1.23065988416359,2.45252955210632,2.42130952959707,4.92263953665434,9.81011820842527,9.68523811838826,0
1.499,200,200,1.23311362435932,2.45495082823885,2.42124273577272,4.9324544974373,9.8198033129554,9.68497094309088,0
1.5,0,0,1.2355697857978,2.45571686516468,-7.50981287903903,4.94227914319119,9.82286746065874,-30.0392515161561,0
1.501,0,0,1.23802174779105,2.44820715586832,-7.50960571464464,4.95208699116421,9.79282862347328,-30.0384228585786,0
1.502,0,0,1.24046620017859,2.44069765373349,-7.50939855596506,4.96186480071436,9.76279061493396,-30.0375942238602,0
1.503,0,0,1.24290314316757,2.43318835875448,-7.50919140300012,4.97161257267028,9.73275343501794,-30.0367656120005,0
1.504,0,0,1.24533257696515,2.42567927092559,-7.50898425574967,4.98133030786059,9.70271708370234,-30.0359370229987,0
1.505,0,0,1.24775450177847,2.41817039024108,-7.50877711421355,4.99101800711388,9.67268156096432,-30.0351084568542,0
1.506,0,0,1.25016891781468,2.41066171669525,-7.50856997839159,5.00067567125871,9.64264686678102,-30.0342799135664,0
1.507,0,0,1.2525758252809,2.40315325028239,-7.50836284828365,5.01030330112362,9.61261300112957,-30.0334513931346,0
1.508,0,0,1.25497522438428,2.39564499099678,-7.50815572388957,5.01990089753714,9.58257996398713,-30.0326228955583,0
1.509,0,0,1.25736711533194,2.38813693883271,-7.50794860520918,5.02946846132776,9.55254775533084,-30.0317944208367,0
1.51,0,0,1.25975149833099,2.38062909378446,-7.50774149224233,5.03900599332395,9.52251637513784,-30.0309659689693,0
1.511,0,0,1.26212837358854,2.37312145584632,-7.50753438498887,5.04851349435418,9.49248582338528,-30.0301375399555,0
1.512,0,0,1.26449774131172,2.36561402501258,-7.50732728344862,5.05799096524686,9.46245610005031,-30.0293091337945,0
1.513,0,0,1.2668596017076,2.35810680127752,-7.50712018762145,5.06743840683041,9.43242720511007,-30.0284807504858,0
1.514,0,0,1.2692139549833,2.35059978463543,-7.50691309750719,5.07685581993321,9.40239913854172,-30.0276523900287,0
1.515,0,0,1.2715608013459,2.3430929750806,-7.50670601310567,5.08624320538361,9.3723719003224,-30.0268240524227,0
1.516,0,0,1.27390014100249,2.33558637260731,-7.50649893441676,5.09560056400996,9.34234549042926,-30.025995737667,0
1.517,0,0,1.27623197416014,2.32807997720986,-7.50629186144027,5.10492789664057,9.31231990883945,-30.0251674457611,0
1.518,0,0,1.27855630102593,2.32057378888253,-7.50608479417607,5.11422520410373,9.28229515553012,-30.0243391767043,0
1.519,0,0,1.28087312180693,2.31306780761961,-7.50587773262399,5.12349248722772,9.25227123047842,-30.023510930496,0
1.52,0,0,1.28318243671019,2.30556203341538,-7.50567067678387,5.13272974684077,9.22224813366151,-30.0226827071355,0
1.521,0,0,1.28548424594278,2.29805646626413,-7.50546362665556,5.14193698377111,9.19222586505654,-30.0218545066223,0
1.522,0,0,1.28777854971174,2.29055110616016,-7.5052565822389,5.15111419884694,9.16220442464065,-30.0210263289556,0
1.523,0,0,1.29006534822411,2.28304595309775,-7.50504954353373,5.16026139289645,9.13218381239101,-30.0201981741349,0
1.524,0,0,1.29234464168694,2.27554100707119,-7.5048425105399,5.16937856674777,9.10216402828477,-30.0193700421596,0
1.525,0,0,1.29461643030726,2.26803626807477,-7.50463548325724,5.17846572122906,9.07214507229908,-30.0185419330289,0
1.526,0,0,1.2968807142921,2.26053173610277,-7.5044284616856,5.1875228571684,9.04212694441109,-30.0177138467424,0
1.527,0,0,1.29913749384848,2.25302741114949,-7.50422144582481,5.1965499753939,9.01210964459798,-30.0168857832993,0
1.528,0,0,1.3013867691834,2.24552329320922,-7.50401443567474,5.20554707673362,8.98209317283688,-30.016057742699,0
1.529,0,0,1.3036285405039,2.23801938227624,-7.50380743123521,5.21451416201559,8.95207752910497,-30.0152297249408,0
1.53,0,0,1.30586280801696,2.23051567834485,-7.50360043250607,5.22345123206783,8.92206271337939,-30.0144017300243,0
1.531,0,0,1.30808957192959,2.22301218140933,-7.50339343948716,5.23235828771834,8.8920487256373,-30.0135737579486,0
1.532,0,0,1.31030883244877,2.21550889146397,-7.50318645217832,5.24123532979509,8.86203556585588,-30.0127458087133,0
1.533,0,0,1.31252058978151,2.20800580850307,-7.5029794705794,5.25008235912603,8.83202323401227,-30.0119178823176,0
1.534,0,0,1.31472484413477,2.20050293252091,-7.50277249469023,5.25889937653909,8.80201173008363,-30.0110899787609,0
1.535,0,0,1.31692159571554,2.19300026351178,-7.50256552451067,5.26768638286216,8.77200105404713,-30.0102620980427,0
1.536,0,0,1.31911084473078,2.18549780146998,-7.50235856004055,5.27644337892314,8.74199120587993,-30.0094342401622,0
1.537,0,0,1.32129259138747,2.1779955463898,-7.50215160127972,5.28517036554987,8.71198218555919,-30.0086064051189,0
1.538,0,0,1.32346683589255,2.17049349826552,-7.50194464822801,5.2938673435702,8.68197399306208,-30.0077785929121,0
1.539,0,0,1.32563357845298,2.16299165709144,-7.50173770088528,5.30253431381193,8.65196662836576,-30.0069508035411,0
1.54,0,0,1.32779281927571,2.15549002286185,-7.50153075925136,5.31117127710286,8.62196009144739,-30.0061230370054,0
1.541,0,0,1.32994455856769,2.14798859557103,-7.5013238233261,5.31977823427074,8.59195438228414,-30.0052952933044,0
1.542,0,0,1.33208879653583,2.14048737521329,-7.50111689310933,5.32835518614334,8.56194950085317,-30.0044675724373,0
1.543,0,0,1.33422553338709,2.13298636178291,-7.50090996860091,5.33690213354835,8.53194544713165,-30.0036398744036,0
1.544,0,0,1.33635476932837,2.12548555527419,-7.50070304980067,5.34541907731349,8.50194222109675,-30.0028121992027,0
1.545,0,0,1.33847650456661,2.11798495568141,-7.50049613670845,5.35390601826643,8.47193982272564,-30.0019845468338,0
1.546,0,0,1.34059073930871,2.11048456299887,-7.50028922932411,5.36236295723483,8.44193825199547,-30.0011569172964,0
1.547,0,0,1.34269747376157,2.10298437722086,-7.50008232764747,5.3707898950463,8.41193750888343,-30.0003293105899,0
1.548,0,0,1.34479670813211,2.09548439834167,-7.49987543167839,5.37918683252846,8.38193759336668,-29.9995017267136,0
1.549,0,0,1.34688844262722,2.0879846263556,-7.49966854141671,5.38755377050889,8.3519385054224,-29.9986741656668,0
1.55,0,0,1.34897267745379,2.08048506125693,-7.49946165686226,5.39589070981515,8.32194024502774,-29.997846627449,0
1.551,0,0,1.3510494128187,2.07298570303997,-7.4992547780149,5.40419765127479,8.29194281215989,-29.9970191120596,0
1.552,0,0,1.35311864892883,2.065486551699,-7.49904790487446,5.41247459571531,8.26194620679601,-29.9961916194978,0
1.553,0,0,1.35518038599105,2.05798760722832,-7.49884103744078,5.4207215439642,8.23195042891328,-29.9953641497631,0
1.554,0,0,1.35723462421224,2.05048886962222,-7.49863417571372,5.42893849684895,8.20195547848888,-29.9945367028549,0
1.555,0,0,1.35928136379925,2.04299033887499,-7.4984273196931,5.43712545519699,8.17196135549997,-29.9937092787724,0
1.556,0,0,1.36132060495894,2.03549201498093,-7.49822046937879,5.44528241983576,8.14196805992372,-29.9928818775151,0
1.557,0,0,1.36335234789816,2.02799389793433,-7.4980136247706,5.45340939159264,8.11197559173733,-29.9920544990824,0
1.558,0,0,1.36537659282375,2.02049598772949,-7.4978067858684,5.46150637129502,8.08198395091795,-29.9912271434736,0
1.559,0,0,1.36739333994256,2.01299828436069,-7.49759995267202,5.46957335977025,8.05199313744277,-29.9903998106881,0
1.56,0,0,1.36940258946142,2.00550078782224,-7.4973931251813,5.47761035784568,8.02200315128897,-29.9895725007252,0
1.561,0,0,1.37140434158715,1.99800349810843,-7.4971863033961,5.4856173663486,7.99201399243372,-29.9887452135844,0
1.562,0,0,1.37339859652658,1.99050641521355,-7.49697948731624,5.49359438610631,7.96202566085419,-29.9879179492649,0
1.563,0,0,1.37538535448651,1.98300953913189,-7.49677267694157,5.50154141794606,7.93203815652758,-29.9870907077663,0
1.564,0,0,1.37736461567378,1.97551286985776,-7.49656587227194,5.5094584626951,7.90205147943105,-29.9862634890878,0
1.565,0,0,1.37933638029516,1.96801640738545,-7.49635907330719,5.51734552118066,7.8720656295418,-29.9854362932287,0
1.566,0,0,1.38130064855748,1.96052015170925,-7.49615228004715,5.52520259422992,7.84208060683699,-29.9846091201886,0
1.567,0,0,1.38325742066751,1.95302410282345,-7.49594549249168,5.53302968267005,7.81209641129381,-29.9837819699667,0
1.568,0,0,1.38520669683205,1.94552826072236,-7.49573871064062,5.54082678732822,7.78211304288945,-29.9829548425625,0
1.569,0,0,1.38714847725788,1.93803262540027,-7.4955319344938,5.54859390903154,7.75213050160108,-29.9821277379752,0
1.57,0,0,1.38908276215178,1.93053719685147,-7.49532516405108,5.55633104860712,7.72214878740589,-29.9813006562043,0
1.571,0,0,1.39100955172051,1.92304197507027,-7.49511839931228,5.56403820688204,7.69216790028107,-29.9804735972491,0
1.572,0,0,1.39292884617084,1.91554696005095,-7.49491164027727,5.57171538468336,7.66218784020379,-29.9796465611091,0
1.573,0,0,1.39484064570953,1.90805215178781,-7.49470488694587,5.57936258283812,7.63220860715125,-29.9788195477835,0
1.574,0,0,1.39674495054333,1.90055755027515,-7.49449813931794,5.58697980217333,7.60223020110062,-29.9779925572717,0
1.575,0,0,1.398641760879,1.89306315550727,-7.4942913973933,5.59456704351598,7.5722526220291,-29.9771655895732,0
1.576,0,0,1.40053107692326,1.88556896747847,-7.49408466117182,5.60212430769304,7.54227586991387,-29.9763386446873,0
1.577,0,0,1.40241289888286,1.87807498618303,-7.49387793065333,5.60965159553145,7.51229994473212,-29.9755117226133,0
1.578,0,0,1.40428722696454,1.87058121161526,-7.49367120583766,5.61714890785814,7.48232484646104,-29.9746848233507,0
1.579,0,0,1.406154061375,1.86308764376945,-7.49346448672468,5.6246162455,7.45235057507781,-29.9738579468987,0
1.58,0,0,1.40801340232098,1.85559428263991,-7.49325777331421,5.63205360928392,7.42237713055964,-29.9730310932568,0
1.581,0,0,1.40986525000918,1.84810112822092,-7.4930510656061,5.63946100003674,7.3924045128837,-29.9722042624244,0
1.582,0,0,1.41170960464632,1.8406081805068,-7.49284436360019,5.64683841858529,7.36243272202719,-29.9713774544008,0
1.583,0,0,1.4135464664391,1.83311543949182,-7.49263766729633,5.65418586575639,7.33246175796729,-29.9705506691853,0
1.584,0,0,1.4153758355942,1.8256229051703,-7.49243097669435,5.66150334237682,7.30249162068121,-29.9697239067774,0
1.585,0,0,1.41719771231833,1.81813057753653,-7.49222429179411,5.66879084927334,7.27252231014614,-29.9688971671764,0
1.586,0,0,1.41901209681817,1.81063845658481,-7.49201761259544,5.67604838727269,7.24255382633926,-29.9680704503818,0
1.587,0,0,1.4208189893004,1.80314654230944,-7.49181093909819,5.68327595720158,7.21258616923777,-29.9672437563928,0
1.588,0,0,1.42261838997168,1.79565483470472,-7.4916042713022,5.69047355988672,7.18261933881887,-29.9664170852088,0
1.589,0,0,1.42441029903869,1.78816333376494,-7.49139760920731,5.69764119615478,7.15265333505975,-29.9655904368292,0
1.59,0,0,1.4261947167081,1.7806720394844,-7.49119095281336,5.70477886683239,7.12268815793761,-29.9647638112535,0
1.591,0,0,1.42797164318655,1.77318095185741,-7.49098430212021,5.71188657274619,7.09272380742965,-29.9639372084808,0
1.592,0,0,1.42974107868069,1.76569007087826,-7.49077765712768,5.71896431472278,7.06276028351305,-29.9631106285107,0
1.593,0,0,1.43150302339718,1.75819939654126,-7.49057101783562,5.72601209358874,7.03279758616502,-29.9622840713425,0
1.594,0,0,1.43325747754266,1.75070892884069,-7.49036438424388,5.73302991017062,7.00283571536276,-29.9614575369755,0
1.595,0,0,1.43500444132374,1.74321866777087,-7.4901577563523,5.74001776529497,6.97287467108347,-29.9606310254092,0
1.596,0,0,1.43674391494707,1.73572861332609,-7.48995113416072,5.74697565978829,6.94291445330435,-29.9598045366429,0
1.597,0,0,1.43847589861927,1.72823876550065,-7.48974451766898,5.75390359447707,6.91295506200259,-29.9589780706759,0
1.598,0,0,1.44020039254695,1.72074912428885,-7.48953790687693,5.76080157018778,6.88299649715539,-29.9581516275077,0
1.599,0,0,1.44191739693672,1.71325968968499,-7.48933130178442,5.76766958774686,6.85303875873997,-29.9573252071377,0
1.6,0,0,1.44362691199518,1.70577046168338,-7.48912470239127,5.77450764798073,6.82308184673352,-29.9564988095651,0
1.601,0,0,1.44532893792895,1.69828144027831,-7.48891810869733,5.78131575171579,6.79312576111324,-29.9556724347893,0
1.602,0,0,1.4470234749446,1.69079262546409,-7.48871152070246,5.78809389977841,6.76317050185634,-29.9548460828098,0
1.603,0,0,1.44871052324874,1.68330401723501,-7.48850493840648,5.79484209299495,6.73321606894002,-29.9540197536259,0
1.604,0,0,1.45039008304793,1.67581561558537,-7.48829836180925,5.80156033219173,6.70326246234149,-29.953193447237,0
1.605,0,0,1.45206215454877,1.66832742050949,-7.48809179091061,5.80824861819506,6.67330968203795,-29.9523671636424,0
1.606,0,0,1.45372673795781,1.66083943200165,-7.48788522571039,5.81490695183123,6.64335772800661,-29.9515409028416,0
1.607,0,0,1.45538383348162,1.65335165005617,-7.48767866620845,5.82153533392649,6.61340660022467,-29.9507146648338,0
1.608,0,0,1.45703344132677,1.64586407466734,-7.48747211240462,5.82813376530709,6.58345629866934,-29.9498884496185,0
1.609,0,0,1.45867556169981,1.63837670582946,-7.48726556429874,5.83470224679923,6.55350682331784,-29.949062257195,0
1.61,0,0,1.46031019480728,1.63088954353684,-7.48705902189067,5.84124077922912,6.52355817414736,-29.9482360875627,0
1.611,0,0,1.46193734085573,1.62340258778378,-7.48685248518024,5.84774936342292,6.49361035113511,-29.947409940721,0
1.612,0,0,1.46355700005169,1.61591583856458,-7.4866459541673,5.85422800020677,6.46366335425832,-29.9465838166692,0
1.613,0,0,1.4651691726017,1.60842929587354,-7.48643942885168,5.8606766904068,6.43371718349418,-29.9457577154067,0
1.614,0,0,1.46677385871228,1.60094295970498,-7.48623290923324,5.86709543484912,6.40377183881991,-29.944931636933,0
1.615,0,0,1.46837105858995,1.59345683005318,-7.48602639531181,5.8734842343598,6.37382732021272,-29.9441055812473,0
1.616,0,0,1.46996077244122,1.58597090691245,-7.48581988708724,5.87984308976489,6.34388362764982,-29.943279548349,0
1.617,0,0,1.47154300047261,1.57848519027711,-7.48561338455937,5.88617200189044,6.31394076110842,-29.9424535382375,0
1.618,0,0,1.47311774289061,1.57099968014144,-7.48540688772804,5.89247097156244,6.28399872056575,-29.9416275509122,0
1.619,0,0,1.47468499990172,1.56351437649975,-7.4852003965931,5.89873999960689,6.254057505999,-29.9408015863724,0
1.62,0,0,1.47624477171244,1.55602927934635,-7.48499391115438,5.90497908684976,6.22411711738541,-29.9399756446175,0
1.621,0,0,1.47779705852924,1.54854438867554,-7.48478743141174,5.91118823411698,6.19417755470217,-29.939149725647,0
1.622,0,0,1.47934186055862,1.54105970448163,-7.48458095736501,5.91736744223447,6.16423881792652,-29.93832382946,0
1.623,0,0,1.48087917800703,1.53357522675891,-7.48437448901404,5.92351671202812,6.13430090703566,-29.9374979560562,0
1.624,0,0,1.48240901108096,1.5260909555017,-7.48416802635867,5.92963604432382,6.10436382200681,-29.9366721054347,0
1.625,0,0,1.48393135998685,1.5186068907043,-7.48396156939874,5.93572543994742,6.0744275628172,-29.935846277595,0
1.626,0,0,1.48544622493118,1.51112303236101,-7.4837551181341,5.94178489972473,6.04449212944403,-29.9350204725364,0
1.627,0,0,1.48695360612039,1.50363938046613,-7.48354867256458,5.94781442448157,6.01455752186453,-29.9341946902583,0
1.628,0,0,1.48845350376093,1.49615593501398,-7.48334223269004,5.95381401504372,5.98462374005592,-29.9333689307602,0
1.629,0,0,1.48994591805923,1.48867269599885,-7.48313579851031,5.95978367223693,5.95469078399542,-29.9325431940413,0
1.63,0,0,1.49143084922174,1.48118966341506,-7.48292937002524,5.96572339688695,5.92475865366024,-29.931717480101,0
1.631,0,0,1.49290829745487,1.47370683725691,-7.48272294723467,5.97163318981948,5.89482734902762,-29.9308917889387,0
1.632,0,0,1.49437826296506,1.46622421751869,-7.48251653013845,5.97751305186023,5.86489687007477,-29.9300661205538,0
1.633,0,0,1.49584074595871,1.45874180419473,-7.48231011873641,5.98336298383485,5.83496721677892,-29.9292404749456,0
1.634,0,0,1.49729574664225,1.45125959727932,-7.4821037130284,5.989182986569,5.80503838911729,-29.9284148521136,0
1.635,0,0,1.49874326522207,1.44377759676678,-7.48189731301426,5.99497306088829,5.7751103870671,-29.927589252057,0
1.636,0,0,1.50018330190458,1.4362958026514,-7.48169091869383,6.00073320761833,5.74518321060558,-29.9267636747753,0
1.637,0,0,1.50161585689617,1.42881421492749,-7.48148453006697,6.00646342758469,5.71525685970996,-29.9259381202679,0
1.638,0,0,1.50304093040323,1.42133283358936,-7.4812781471335,6.01216372161293,5.68533133435746,-29.925112588534,0
1.639,0,0,1.50445852263214,1.41385165863133,-7.48107176989328,6.01783409052858,5.6554066345253,-29.9242870795731,0
1.64,0,0,1.50586863378929,1.40637069004768,-7.48086539834615,6.02347453515715,5.62548276019072,-29.9234615933846,0
1.641,0,0,1.50727126408103,1.39888992783274,-7.48065903249194,6.02908505632412,5.59555971133094,-29.9226361299678,0
1.642,0,0,1.50866641371374,1.3914093719808,-7.48045267233051,6.03466565485496,5.56563748792319,-29.921810689322,0
1.643,0,0,1.51005408289378,1.38392902248618,-7.48024631786169,6.04021633157511,5.53571608994471,-29.9209852714468,0
1.644,0,0,1.5114342718275,1.37644887934318,-7.48003996908533,6.04573708730998,5.50579551737271,-29.9201598763413,0
1.645,0,0,1.51280698072125,1.36896894254611,-7.47983362600127,6.05122792288498,5.47587577018444,-29.9193345040051,0
1.646,0,0,1.51417220978137,1.36148921208928,-7.47962728860936,6.05668883912547,5.44595684835711,-29.9185091544374,0
1.647,0,0,1.5155299592142,1.35400968796699,-7.47942095690944,6.06211983685681,5.41603875186797,-29.9176838276377,0
1.648,0,0,1.51688022922608,1.34653037017356,-7.47921463090134,6.06752091690431,5.38612148069425,-29.9168585236054,0
1.649,0,0,1.51822302002332,1.33905125870329,-7.47900831058492,6.07289208009329,5.35620503481317,-29.9160332423397,0
1.65,0,0,1.51955833181226,1.33157235355049,-7.47880199596001,6.07823332724903,5.32628941420198,-29.9152079838401,0
1.651,0,0,1.5208861647992,1.32409365470948,-7.47859568702647,6.08354465919678,5.2963746188379,-29.9143827481059,0
1.652,0,0,1.52220651919045,1.31661516217454,-7.47838938378413,6.08882607676178,5.26646064869818,-29.9135575351365,0
1.653,0,0,1.52351939519231,1.30913687594001,-7.47818308623283,6.09407758076924,5.23654750376004,-29.9127323449313,0
1.654,0,0,1.52482479301109,1.30165879600018,-7.47797679437242,6.09929917204436,5.20663518400073,-29.9119071774897,0
1.655,0,0,1.52612271285307,1.29418092234937,-7.47777050820274,6.1044908514123,5.17672368939748,-29.911082032811,0
1.656,0,0,1.52741315492455,1.28670325498188,-7.47756422772364,6.1096526196982,5.14681301992752,-29.9102569108946,0
1.657,0,0,1.5286961194318,1.27922579389202,-7.47735795293495,6.11478447772719,5.1169031755681,-29.9094318117398,0
1.658,0,0,1.52997160658109,1.27174853907411,-7.47715168383653,6.11988642632437,5.08699415629645,-29.9086067353461,0
1.659,0,0,1.5312396165787,1.26427149052245,-7.47694542042821,6.1249584663148,5.05708596208982,-29.9077816817128,0
1.66,0,0,1.53250014963089,1.25679464823136,-7.47673916270983,6.13000059852356,5.02717859292544,-29.9069566508393,0
1.661,0,0,1.53375320594392,1.24931801219514,-7.47653291068125,6.13501282377566,4.99727204878055,-29.906131642725,0
1.662,0,0,1.53499878572403,1.2418415824081,-7.47632666434229,6.13999514289612,4.9673663296324,-29.9053066573692,0
1.663,0,0,1.53623688917748,1.23436535886456,-7.47612042369282,6.14494755670992,4.93746143545823,-29.9044816947713,0
1.664,0,0,1.53746751651051,1.22688934155882,-7.47591418873266,6.14987006604202,4.90755736623527,-29.9036567549306,0
1.665,0,0,1.53869066792934,1.2194135304852,-7.47570795946166,6.15476267171737,4.87765412194078,-29.9028318378466,0
1.666,0,0,1.53990634364022,1.211937925638,-7.47550173587967,6.15962537456087,4.847751702552,-29.9020069435187,0
1.667,0,0,1.54111454384936,1.20446252701154,-7.47529551798653,6.16445817539743,4.81785010804616,-29.9011820719461,0
1.668,0,0,1.54231526876298,1.19698733460013,-7.47508930578207,6.16926107505192,4.78794933840052,-29.9003572231283,0
1.669,0,0,1.54350851858729,1.18951234839808,-7.47488309926615,6.17403407434918,4.75804939359232,-29.8995323970646,0
1.67,0,0,1.54469429352851,1.1820375683997,-7.47467689843861,6.17877717411404,4.72815027359881,-29.8987075937545,0
1.671,0,0,1.54587259379283,1.17456299459931,-7.47447070329929,6.18349037517131,4.69825197839723,-29.8978828131972,0
1.672,0,0,1.54704341958644,1.16708862699121,-7.47426451384803,6.18817367834576,4.66835450796483,-29.8970580553921,0
1.673,0,0,1.54820677111554,1.15961446556971,-7.47405833008468,6.19282708446215,4.63845786227886,-29.8962333203387,0
1.674,0,0,1.54936264858631,1.15214051032914,-7.47385215200908,6.19745059434522,4.60856204131657,-29.8954086080363,0
1.675,0,0,1.55051105220492,1.1446667612638,-7.47364597962107,6.20204420881968,4.5786670450552,-29.8945839184843,0
1.676,0,0,1.55165198217756,1.137193218368,-7.4734398129205,6.20660792871023,4.54877287347201,-29.893759251682,0
1.677,0,0,1.55278543871038,1.12971988163606,-7.4732336519072,6.21114175484151,4.51887952654425,-29.8929346076288,0
1.678,0,0,1.55391142200955,1.12224675106229,-7.47302749658103,6.21564568803819,4.48898700424917,-29.8921099863241,0
1.679,0,0,1.55502993228122,1.11477382664101,-7.47282134694182,6.22011972912488,4.45909530656402,-29.8912853877673,0
1.68,0,0,1.55614096973155,1.10730110836651,-7.47261520298942,6.22456387892618,4.42920443346606,-29.8904608119577,0
1.681,0,0,1.55724453456667,1.09982859623313,-7.47240906472367,6.22897813826667,4.39931438493252,-29.8896362588947,0
1.682,0,0,1.55834062699272,1.09235629023517,-7.47220293214442,6.23336250797089,4.36942516094068,-29.8888117285777,0
1.683,0,0,1.55942924721585,1.08488419036695,-7.4719968052515,6.23771698886339,4.33953676146779,-29.887987221006,0
1.684,0,0,1.56051039544217,1.07741229662277,-7.47179068404477,6.24204158176866,4.30964918649109,-29.8871627361791,0
1.685,0,0,1.5615840718778,1.06994060899696,-7.47158456852405,6.24633628751119,4.27976243598785,-29.8863382740962,0
1.686,0,0,1.56265027672886,1.06246912748383,-7.47137845868921,6.25060110691545,4.24987650993532,-29.8855138347568,0
1.687,0,0,1.56370901020147,1.05499785207769,-7.47117235454007,6.25483604080587,4.21999140831075,-29.8846894181603,0
1.688,0,0,1.56476027250172,1.04752678277285,-7.47096625607649,6.25904109000688,4.19010713109142,-29.883865024306,0
1.689,0,0,1.56580406383571,1.04005591956364,-7.47076016329831,6.26321625534285,4.16022367825456,-29.8830406531932,0
1.69,0,0,1.56684038440954,1.03258526244436,-7.47055407620536,6.26736153763817,4.13034104977745,-29.8822163048214,0
1.691,0,0,1.5678692344293,1.02511481140933,-7.4703479947975,6.27147693771719,4.10045924563734,-29.88139197919,0
1.692,0,0,1.56889061410105,1.01764456645287,-7.47014191907456,6.27556245640422,4.07057826581149,-29.8805676762983,0
1.693,0,0,1.56990452363089,1.01017452756929,-7.4699358490364,6.27961809452357,4.04069811027716,-29.8797433961456,0
1.694,0,0,1.57091096322488,1.00270469475291,-7.46972978468284,6.28364385289953,4.01081877901162,-29.8789191387314,0
1.695,0,0,1.57190993308909,0.99523506799803,-7.46952372601374,6.28763973235634,3.98094027199212,-29.878094904055,0
1.696,0,0,1.57290143342956,0.987765647298983,-7.46931767302894,6.29160573371825,3.95106258919593,-29.8772706921158,0
1.697,0,0,1.57388546445237,0.980296432650078,-7.46911162572828,6.29554185780947,3.92118573060031,-29.8764465029131,0
1.698,0,0,1.57486202636355,0.972827424045631,-7.4689055841116,6.29944810545418,3.89130969618253,-29.8756223364464,0
1.699,0,0,1.57583111936914,0.96535862147996,-7.46869954817876,6.30332447747655,3.86143448591984,-29.874798192715,0
1.7,0,0,1.57679274367518,0.957890024947379,-7.46849351792958,6.30717097470073,3.83156009978952,-29.8739740717183,0
1.701,0,0,1.57774689948771,0.950421634442206,-7.46828749336392,6.31098759795084,3.80168653776883,-29.8731499734557,0
1.702,0,0,1.57869358701274,0.942953449958757,-7.46808147448162,6.31477434805096,3.77181379983503,-29.8723258979265,0
1.703,0,0,1.5796328064563,0.935485471491349,-7.46787546128252,6.31853122582519,3.74194188596539,-29.8715018451301,0
1.704,0,0,1.58056455802439,0.928017699034298,-7.46766945376646,6.32225823209758,3.71207079613719,-29.8706778150659,0
1.705,0,0,1.58148884192304,0.920550132581921,-7.4674634519333,6.32595536769214,3.68220053032769,-29.8698538077332,0
1.706,0,0,1.58240565835822,0.913082772128537,-7.46725745578286,6.3296226334329,3.65233108851415,-29.8690298231314,0
1.707,0,0,1.58331500753596,0.905615617668462,-7.46705146531499,6.33326003014383,3.62246247067385,-29.86820586126,0
1.708,0,0,1.58421688966222,0.898148669196013,-7.46684548052955,6.33686755864889,3.59259467678405,-29.8673819221182,0
1.709,0,0,1.58511130494301,0.890681926705508,-7.46663950142636,6.34044521977204,3.56272770682203,-29.8665580057054,0
1.71,0,0,1.58599825358429,0.883215390191266,-7.46643352800528,6.34399301433717,3.53286156076506,-29.8657341120211,0
1.711,0,0,1.58687773579205,0.875749059647604,-7.46622756026614,6.34751094316819,3.50299623859042,-29.8649102410646,0
1.712,0,0,1.58774975177224,0.86828293506884,-7.4660215982088,6.35099900708897,3.47313174027536,-29.8640863928352,0
1.713,0,0,1.58861430173084,0.860817016449292,-7.46581564183308,6.35445720692336,3.44326806579717,-29.8632625673323,0
1.714,0,0,1.58947138587379,0.85335130378328,-7.46560969113885,6.35788554349517,3.41340521513312,-29.8624387645554,0
1.715,0,0,1.59032100440706,0.845885797065121,-7.46540374612594,6.36128401762822,3.38354318826048,-29.8616149845037,0
1.716,0,0,1.59116315753657,0.838420496289134,-7.46519780679418,6.36465263014628,3.35368198515654,-29.8607912271767,0
1.717,0,0,1.59199784546828,0.830955401449639,-7.46499187314344,6.36799138187312,3.32382160579856,-29.8599674925738,0
1.718,0,0,1.59282506840811,0.823490512540954,-7.46478594517354,6.37130027363245,3.29396205016382,-29.8591437806942,0
1.719,0,0,1.593644826562,0.816025829557398,-7.46458002288434,6.37457930624801,3.26410331822959,-29.8583200915374,0
1.72,0,0,1.59445712013587,0.808561352493292,-7.46437410627568,6.37782848054347,3.23424540997317,-29.8574964251027,0
1.721,0,0,1.59526194933563,0.801097081342953,-7.46416819534739,6.38104779734251,3.20438832537181,-29.8566727813896,0
1.722,0,0,1.59605931436719,0.793633016100703,-7.46396229009933,6.38423725746876,3.17453206440281,-29.8558491603973,0
1.723,0,0,1.59684921543646,0.786169156760862,-7.46375639053134,6.38739686174585,3.14467662704345,-29.8550255621253,0
1.724,0,0,1.59763165274934,0.778705503317748,-7.46355049664325,6.39052661099738,3.11482201327099,-29.854201986573,0
1.725,0,0,1.59840662651173,0.771242055765682,-7.46334460843492,6.39362650604691,3.08496822306273,-29.8533784337397,0
1.726,0,0,1.5991741369295,0.763778814098985,-7.46313872590618,6.39669654771802,3.05511525639594,-29.8525549036247,0
1.727,0,0,1.59993418420855,0.756315778311976,-7.46293284905688,6.39973673683421,3.02526311324791,-29.8517313962275,0
1.728,0,0,1.60068676855475,0.748852948398978,-7.46272697788687,6.40274707421901,2.99541179359591,-29.8509079115475,0
1.729,0,0,1.60143189017397,0.74139032435431,-7.46252111239598,6.40572756069589,2.96556129741724,-29.8500844495839,0
1.73,0,0,1.60216954927208,0.733927906172293,-7.46231525258407,6.40867819708833,2.93571162468917,-29.8492610103363,0
1.731,0,0,1.60289974605494,0.726465693847249,-7.46210939845096,6.41159898421975,2.90586277538899,-29.8484375938038,0
1.732,0,0,1.60362248072839,0.719003687373498,-7.46190354999651,6.41448992291357,2.87601474949399,-29.847614199986,0
1.733,0,0,1.6043377534983,0.711541886745363,-7.46169770722056,6.4173510139932,2.84616754698145,-29.8467908288822,0
1.734,0,0,1.6050455645705,0.704080291957164,-7.46149187012296,6.42018225828199,2.81632116782866,-29.8459674804918,0
1.735,0,0,1.60574591415083,0.696618903003224,-7.46128603870354,6.4229836566033,2.7864756120129,-29.8451441548142,0
1.736,0,0,1.60643880244511,0.689157719877864,-7.46108021296215,6.42575520978045,2.75663087951146,-29.8443208518486,0
1.737,0,0,1.60712422965919,0.681696742575407,-7.46087439289863,6.42849691863675,2.72678697030163,-29.8434975715945,0
1.738,0,0,1.60780219599887,0.674235971090175,-7.46066857851283,6.43120878399548,2.6969438843607,-29.8426743140513,0
1.739,0,0,1.60847270166997,0.666775405416489,-7.46046276980459,6.43389080667989,2.66710162166596,-29.8418510792184,0
1.74,0,0,1.60913574687831,0.659315045548673,-7.46025696677376,6.43654298751322,2.63726018219469,-29.841027867095,0
1.741,0,0,1.60979133182967,0.651854891481049,-7.46005116942017,6.43916532731868,2.6074195659242,-29.8402046776807,0
1.742,0,0,1.61043945672987,0.64439494320794,-7.45984537774367,6.44175782691946,2.57757977283176,-29.8393815109747,0
1.743,0,0,1.61108012178468,0.636935200723669,-7.4596395917441,6.44432048713873,2.54774080289468,-29.8385583669764,0
1.744,0,0,1.61171332719991,0.62947566402256,-7.45943381142131,6.44685330879963,2.51790265609024,-29.8377352456853,0
1.745,0,0,1.61233907318132,0.622016333098935,-7.45922803677514,6.44935629272528,2.48806533239574,-29.8369121471006,0
1.746,0,0,1.6129573599347,0.614557207947117,-7.45902226780544,6.45182943973878,2.45822883178847,-29.8360890712218,0
1.747,0,0,1.6135681876658,0.607098288561432,-7.45881650451204,6.45427275066321,2.42839315424573,-29.8352660180482,0
1.748,0,0,1.61417155658041,0.599639574936201,-7.45861074689479,6.45668622632162,2.3985582997448,-29.8344429875792,0
1.749,0,0,1.61476746688426,0.59218106706575,-7.45840499495354,6.45906986753704,2.368724268263,-29.8336199798142,0
1.75,0,0,1.61535591878312,0.584722764944402,-7.45819924868812,6.46142367513248,2.33889105977761,-29.8327969947525,0
1.751,0,0,1.61593691248273,0.577264668566482,-7.45799350809839,6.46374764993092,2.30905867426593,-29.8319740323935,0
1.752,0,0,1.61651044818883,0.569806777926314,-7.45778777318418,6.46604179275533,2.27922711170525,-29.8311510927367,0
1.753,0,0,1.61707652610716,0.562349093018222,-7.45758204394533,6.46830610442864,2.24939637207289,-29.8303281757813,0
1.754,0,0,1.61763514644344,0.554891613836531,-7.4573763203817,6.47054058577378,2.21956645534612,-29.8295052815268,0
1.755,0,0,1.61818630940341,0.547434340375567,-7.45717060249312,6.47274523761363,2.18973736150227,-29.8286824099725,0
1.756,0,0,1.61873001519277,0.539977272629653,-7.45696489027944,6.47492006077107,2.15990909051861,-29.8278595611178,0
1.757,0,0,1.61926626401724,0.532520410593116,-7.4567591837405,6.47706505606894,2.13008164237246,-29.827036734962,0
1.758,0,0,1.61979505608252,0.525063754260281,-7.45655348287615,6.47918022433008,2.10025501704112,-29.8262139315046,0
1.759,0,0,1.62031639159432,0.517607303625472,-7.45634778768622,6.48126556637729,2.07042921450189,-29.8253911507449,0
1.76,0,0,1.62083027075834,0.510151058683017,-7.45614209817057,6.48332108303334,2.04060423473207,-29.8245683926823,0
1.761,0,0,1.62133669378025,0.50269501942724,-7.45593641432903,6.485346775121,2.01078007770896,-29.8237456573161,0
1.762,0,0,1.62183566086575,0.495239185852467,-7.45573073616145,6.487342643463,1.98095674340987,-29.8229229446458,0
1.763,0,0,1.62232717222051,0.487783557953026,-7.45552506366767,6.48930868888206,1.9511342318121,-29.8221002546707,0
1.764,0,0,1.62281122805021,0.480328135723241,-7.45531939684754,6.49124491220085,1.92131254289296,-29.8212775873902,0
1.765,0,0,1.62328782856052,0.472872919157439,-7.4551137357009,6.49315131424206,1.89149167662976,-29.8204549428036,0
1.766,0,0,1.62375697395708,0.465417908249948,-7.45490808022759,6.49502789582832,1.86167163299979,-29.8196323209103,0
1.767,0,0,1.62421866444557,0.457963102995093,-7.45470243042745,6.49687465778227,1.83185241198037,-29.8188097217098,0
1.768,0,0,1.62467290023162,0.450508503387202,-7.45449678630034,6.49869160092648,1.80203401354881,-29.8179871452014,0
1.769,0,0,1.62511968152089,0.443054109420602,-7.45429114784609,6.50047872608355,1.77221643768241,-29.8171645913843,0
1.77,0,0,1.62555900851901,0.435599921089619,-7.45408551506454,6.50223603407603,1.74239968435848,-29.8163420602582,0
1.771,0,0,1.62599088143161,0.428145938388582,-7.45387988795555,6.50396352572644,1.71258375355433,-29.8155195518222,0
1.772,0,0,1.62641530046433,0.420692161311817,-7.45367426651895,6.5056612018573,1.68276864524727,-29.8146970660758,0
1.773,0,0,1.62683226582277,0.413238589853653,-7.45346865075459,6.5073290632911,1.65295435941461,-29.8138746030183,0
1.774,0,0,1.62724177771257,0.405785224008417,-7.4532630406623,6.50896711085028,1.62314089603367,-29.8130521626492,0
1.775,0,0,1.62764383633933,0.398332063770438,-7.45305743624194,6.51057534535731,1.59332825508175,-29.8122297449678,0
1.776,0,0,1.62803844190865,0.390879109134043,-7.45285183749335,6.51215376763458,1.56351643653617,-29.8114073499734,0
1.777,0,0,1.62842559462613,0.38342636009356,-7.45264624441637,6.51370237850451,1.53370544037424,-29.8105849776655,0
1.778,0,0,1.62880529469736,0.375973816643319,-7.45244065701085,6.51522117878945,1.50389526657328,-29.8097626280434,0
1.779,0,0,1.62917754232794,0.368521478777648,-7.45223507527663,6.51671016931177,1.47408591511059,-29.8089403011065,0
1.78,0,0,1.62954233772344,0.361069346490876,-7.45202949921354,6.51816935089378,1.4442773859635,-29.8081179968542,0
1.781,0,0,1.62989968108945,0.353617419777331,-7.45182392882144,6.51959872435779,1.41446967910932,-29.8072957152858,0
1.782,0,0,1.63024957263152,0.346165698631343,-7.45161836410018,6.52099829052608,1.38466279452537,-29.8064734564007,0
1.783,0,0,1.63059201255523,0.33871418304724,-7.45141280504958,6.52236805022092,1.35485673218896,-29.8056512201983,0
1.784,0,0,1.63092700106613,0.331262873019353,-7.4512072516695,6.52370800426454,1.32505149207741,-29.804829006678,0
1.785,0,0,1.63125453836979,0.323811768542011,-7.45100170395978,6.52501815347914,1.29524707416804,-29.8040068158391,0
1.786,0,0,1.63157462467173,0.316360869609544,-7.45079616192026,6.52629849868693,1.26544347843817,-29.8031846476811,0
1.787,0,0,1.63188726017752,0.308910176216281,-7.45059062555079,6.52754904071007,1.23564070486512,-29.8023625022032,0
1.788,0,0,1.63219244509268,0.301459688356552,-7.45038509485122,6.52876978037071,1.20583875342621,-29.8015403794049,0
1.789,0,0,1.63249017962274,0.294009406024688,-7.45017956982137,6.52996071849096,1.17603762409875,-29.8007182792855,0
1.79,0,0,1.63278046397323,0.286559329215019,-7.44997405046111,6.53112185589294,1.14623731686008,-29.7998962018444,0
1.791,0,0,1.63306329834968,0.279109457921876,-7.44976853677026,6.5322531933987,1.1164378316875,-29.799074147081,0
1.792,0,0,1.63333868295758,0.271659792139589,-7.44956302874868,6.53335473183033,1.08663916855836,-29.7982521149947,0
1.793,0,0,1.63360661800246,0.264210331862489,-7.44935752639621,6.53442647200983,1.05684132744996,-29.7974301055848,0
1.794,0,0,1.63386710368981,0.256761077084907,-7.44915202971269,6.53546841475922,1.02704430833963,-29.7966081188507,0
1.795,0,0,1.63412014022512,0.249312027801174,-7.44894653869796,6.5364805609005,0.997248111204697,-29.7957861547919,0
1.796,0,0,1.6343657278139,0.241863184005622,-7.44874105335188,6.53746291125562,0.967452736022487,-29.7949642134075,0
1.797,0,0,1.63460386666163,0.234414545692581,-7.44853557367428,6.53841546664652,0.937658182770324,-29.7941422946971,0
1.798,0,0,1.63483455697378,0.226966112856384,-7.448330099665,6.53933822789513,0.907864451425535,-29.79332039866,0
1.799,0,0,1.63505779895583,0.219517885491362,-7.4481246313239,6.54023119582333,0.878071541965446,-29.7924985252956,0
1.8,0,0,1.63527359281325,0.212069863591847,-7.44791916865081,6.54109437125301,0.848279454367386,-29.7916766746032,0
1.801,0,0,1.6354819387515,0.204622047152171,-7.44771371164558,6.54192775500602,0.818488188608683,-29.7908548465823,0
1.802,0,0,1.63568283697604,0.197174436166666,-7.44750826030805,6.54273134790417,0.788697744666665,-29.7900330412322,0
1.803,0,0,1.63587628769232,0.189727030629665,-7.44730281463806,6.54350515076928,0.758908122518662,-29.7892112585522,0
1.804,0,0,1.63606229110578,0.182279830535501,-7.44709737463546,6.54424916442313,0.729119322142004,-29.7883894985419,0
1.805,0,0,1.63624084742187,0.174832835878505,-7.4468919403001,6.54496338968748,0.699331343514021,-29.7875677612004,0
1.806,0,0,1.63641195684602,0.167386046653012,-7.44668651163181,6.54564782738407,0.669544186612047,-29.7867460465272,0
1.807,0,0,1.63657561958365,0.159939462853353,-7.44648108863044,6.54630247833461,0.639757851413411,-29.7859243545218,0
1.808,0,0,1.6367318358402,0.152493084473862,-7.44627567129583,6.54692734336079,0.609972337895447,-29.7851026851833,0
1.809,0,0,1.63688060582107,0.145046911508872,-7.44607025962783,6.54752242328428,0.580187646035489,-29.7842810385113,0
1.81,0,0,1.63702192973168,0.137600943952717,-7.44586485362628,6.54808771892674,0.55040377581087,-29.7834594145051,0
1.811,0,0,1.63715580777744,0.130155181799731,-7.44565945329103,6.54862323110978,0.520620727198924,-29.7826378131641,0
1.812,0,0,1.63728224016375,0.122709625044247,-7.44545405862191,6.549128960655,0.490838500176986,-29.7818162344876,0
1.813,0,0,1.637401227096,0.115264273680598,-7.44524866961878,6.54960490838399,0.461057094722394,-29.7809946784751,0
1.814,0,0,1.63751276877957,0.10781912770312,-7.44504328628147,6.55005107511829,0.431276510812482,-29.7801731451259,0
1.815,0,0,1.63761686541986,0.100374187106147,-7.44483790860983,6.55046746167945,0.401496748424588,-29.7793516344393,0
1.816,0,0,1.63771351722224,0.0929294518840123,-7.4446325366037,6.55085406888898,0.371717807536049,-29.7785301464148,0
1.817,0,0,1.63780272439209,0.0854849220310511,-7.44442717026293,6.55121089756835,0.341939688124204,-29.7777086810517,0
1.818,0,0,1.63788448713476,0.078040597541598,-7.44422180958736,6.55153794853904,0.312162390166392,-29.7768872383494,0
1.819,0,0,1.63795880565562,0.070596478409988,-7.44401645457683,6.55183522262249,0.282385913639952,-29.7760658183073,0
1.82,0,0,1.63802568016003,0.0631525646305561,-7.44381110523119,6.55210272064013,0.252610258522224,-29.7752444209248,0
1.821,0,0,1.63808511085333,0.0557088561976374,-7.44360576155028,6.55234044341333,0.22283542479055,-29.7744230462011,0
1.822,0,0,1.63813709794087,0.0482653531055673,-7.44340042353395,6.5525483917635,0.193061412422269,-29.7736016941358,0
1.823,0,0,1.63818164162799,0.0408220553486814,-7.44319509118203,6.55272656651196,0.163288221394725,-29.7727803647281,0
1.824,0,0,1.63821874212001,0.0333789629213152,-7.44298976449438,6.55287496848006,0.133515851685261,-29.7719590579775,0
1.825,0,0,1.63824839962227,0.0259360758178046,-7.44278444347084,6.5529935984891,0.103744303271218,-29.7711377738833,0
1.826,0,0,1.63827061434009,0.0184933940324855,-7.44257912811124,6.55308245736036,0.0739735761299421,-29.770316512445,0
1.827,0,0,1.63828538647878,0.0110509175596942,-7.44237381841544,6.55314154591511,0.0442036702387767,-29.7694952736618,0
1.828,0,0,1.63829271624364,0.00360864639376677,-7.44216851438328,6.55317086497458,0.0144345855750671,-29.7686740575331,0
1.829,0,0,1.63829260384,-0.00383341947096022,-7.4419632160146,6.55317041535999,-0.0153336778838409,-29.7678528640584,0
1.83,0,0,1.63828504947313,-0.0112752800401502,-7.44175792330924,6.55314019789254,-0.0451011201606008,-29.767031693237,0
1.831,0,0,1.63827005334835,-0.0187169353194664,-7.44155263626705,6.55308021339339,-0.0748677412778657,-29.7662105450682,0
1.832,0,0,1.63824761567092,-0.026158385314572,-7.44134735488788,6.5529904626837,-0.104633541258288,-29.7653894195515,0
1.833,0,0,1.63821773664614,-0.0335996300311298,-7.44114207917156,6.55287094658458,-0.134398520124519,-29.7645683166862,0
1.834,0,0,1.63818041647929,-0.0410406694748026,-7.44093680911794,6.55272166591714,-0.164162677899211,-29.7637472364718,0
1.835,0,0,1.63813565537562,-0.0484815036512532,-7.44073154472686,6.55254262150247,-0.193926014605013,-29.7629261789075,0
1.836,0,0,1.6380834535404,-0.0559221325661438,-7.44052628599818,6.55233381416161,-0.223688530264575,-29.7621051439927,0
1.837,0,0,1.6380238111789,-0.0633625562251369,-7.44032103293172,6.55209524471561,-0.253450224900548,-29.7612841317269,0
1.838,0,0,1.63795672849637,-0.0708027746338946,-7.44011578552734,6.55182691398548,-0.283211098535579,-29.7604631421094,0
1.839,0,0,1.63788220569805,-0.0782427877980789,-7.43991054378488,6.5515288227922,-0.312971151192316,-29.7596421751395,0
1.84,0,0,1.63780024298919,-0.0856825957233516,-7.43970530770418,6.55120097195675,-0.342730382893407,-29.7588212308167,0
1.841,0,0,1.63771084057501,-0.0931221984153745,-7.43950007728509,6.55084336230006,-0.372488793661498,-29.7580003091404,0
1.842,0,0,1.63761399866077,-0.100561595879809,-7.43929485252745,6.55045599464306,-0.402246383519236,-29.7571794101098,0
1.843,0,0,1.63750971745166,-0.108000788122316,-7.43908963343111,6.55003886980665,-0.432003152489266,-29.7563585337244,0
1.844,0,0,1.63739799715293,-0.115439775148558,-7.4388844199959,6.5495919886117,-0.461759100594233,-29.7555376799836,0
1.845,0,0,1.63727883796977,-0.122878556964195,-7.43867921222168,6.54911535187908,-0.491514227856781,-29.7547168488867,0
1.846,0,0,1.6371522401074,-0.130317133574889,-7.43847401010828,6.5486089604296,-0.521268534299554,-29.7538960404331,0
1.847,0,0,1.63701820377102,-0.137755504986299,-7.43826881365555,6.54807281508408,-0.551022019945195,-29.7530752546222,0
1.848,0,0,1.63687672916582,-0.145193671204086,-7.43806362286334,6.5475069166633,-0.580774684816346,-29.7522544914533,0
1.849,0,0,1.63672781649701,-0.152631632233912,-7.43785843773148,6.54691126598803,-0.610526528935649,-29.7514337509259,0
1.85,0,0,1.63657146596975,-0.160069388081436,-7.43765325825982,6.546285863879,-0.640277552325745,-29.7506130330393,0
1.851,0,0,1.63640767778924,-0.167506938752319,-7.43744808444821,6.54563071115694,-0.670027755009274,-29.7497923377929,0
1.852,0,0,1.63623645216064,-0.174944284252219,-7.43724291629649,6.54494580864255,-0.699777137008877,-29.748971665186,0
1.853,0,0,1.63605778928912,-0.182381424586798,-7.4370377538045,6.54423115715648,-0.729525698347192,-29.748151015218,0
1.854,0,0,1.63587168937985,-0.189818359761715,-7.43683259697209,6.5434867575194,-0.759273439046859,-29.7473303878884,0
1.855,0,0,1.63567815263798,-0.197255089782629,-7.4366274457991,6.54271261055193,-0.789020359130515,-29.7465097831964,0
1.856,0,0,1.63547717926867,-0.204691614655199,-7.43642230028537,6.54190871707467,-0.818766458620798,-29.7456892011415,0
1.857,0,0,1.63526876947705,-0.212127934385086,-7.43621716043076,6.54107507790821,-0.848511737540343,-29.744868641723,0
1.858,0,0,1.63505292346828,-0.219564048977947,-7.43601202623509,6.5402116938731,-0.878256195911789,-29.7440481049404,0
1.859,0,0,1.63482964144747,-0.226999958439442,-7.43580689769822,6.53931856578989,-0.907999833757769,-29.7432275907929,0
1.86,0,0,1.63459892361977,-0.23443566277523,-7.43560177481999,6.53839569447909,-0.937742651100919,-29.74240709928,0
1.861,0,0,1.6343607701903,-0.241871161990968,-7.43539665760025,6.53744308076118,-0.967484647963874,-29.741586630401,0
1.862,0,0,1.63411518136416,-0.249306456092316,-7.43519154603883,6.53646072545665,-0.997225824369266,-29.7407661841553,0
1.863,0,0,1.63386215734648,-0.256741545084932,-7.43498644013559,6.53544862938592,-1.02696618033973,-29.7399457605424,0
1.864,0,0,1.63360169834236,-0.264176428974474,-7.43478133989036,6.53440679336944,-1.05670571589789,-29.7391253595614,0
1.865,0,0,1.6333338045569,-0.271611107766599,-7.43457624530299,6.53333521822759,-1.0864444310664,-29.738304981212,0
1.866,0,0,1.63305847619519,-0.279045581466966,-7.43437115637333,6.53223390478076,-1.11618232586786,-29.7374846254933,0
1.867,0,0,1.63277571346233,-0.286479850081231,-7.43416607310121,6.5311028538493,-1.14591940032493,-29.7366642924048,0
1.868,0,0,1.63248551656339,-0.293913913615054,-7.43396099548648,6.52994206625355,-1.17565565446022,-29.7358439819459,0
1.869,0,0,1.63218788570345,-0.30134777207409,-7.43375592352899,6.52875154281382,-1.20539108829636,-29.735023694116,0
1.87,0,0,1.6318828210876,-0.308781425463998,-7.43355085722858,6.52753128435038,-1.23512570185599,-29.7342034289143,0
1.871,0,0,1.63157032292088,-0.316214873790433,-7.43334579658509,6.52628129168352,-1.26485949516173,-29.7333831863404,0
1.872,0,0,1.63125039140837,-0.323648117059053,-7.43314074159837,6.52500156563347,-1.29459246823621,-29.7325629663935,0
1.873,0,0,1.63092302675511,-0.331081155275515,-7.43293569226826,6.52369210702045,-1.32432462110206,-29.7317427690731,0
1.874,0,0,1.63058822916617,-0.338513988445475,-7.43273064859461,6.52235291666466,-1.3540559537819,-29.7309225943784,0
1.875,0,0,1.63024599884657,-0.34594661657459,-7.43252561057725,6.52098399538628,-1.38378646629836,-29.730102442309,0
1.876,0,0,1.62989633600136,-0.353379039668515,-7.43232057821604,6.51958534400545,-1.41351615867406,-29.7292823128642,0
1.877,0,0,1.62953924083558,-0.360811257732907,-7.43211555151082,6.5181569633423,-1.44324503093163,-29.7284622060433,0
1.878,0,0,1.62917471355424,-0.368243270773422,-7.43191053046142,6.51669885421695,-1.47297308309369,-29.7276421218457,0
1.879,0,0,1.62880275436237,-0.375675078795715,-7.4317055150677,6.51521101744947,-1.50270031518286,-29.7268220602708,0
1.88,0,0,1.62842336346498,-0.383106681805443,-7.43150050532951,6.51369345385993,-1.53242672722177,-29.726002021318,0
1.881,0,0,1.62803654106709,-0.39053807980826,-7.43129550124667,6.51214616426837,-1.56215231923304,-29.7251820049867,0
1.882,0,0,1.6276422873737,-0.397969272809821,-7.43109050281904,6.5105691494948,-1.59187709123928,-29.7243620112762,0
1.883,0,0,1.6272406025898,-0.405400260815783,-7.43088551004646,6.50896241035922,-1.62160104326313,-29.7235420401858,0
1.884,0,0,1.6268314869204,-0.412831043831799,-7.43068052292878,6.5073259476816,-1.6513241753272,-29.7227220917151,0
1.885,0,0,1.62641494057047,-0.420261621863525,-7.43047554146584,6.50565976228188,-1.6810464874541,-29.7219021658633,0
1.886,0,0,1.625990963745,-0.427691994916616,-7.43027056565747,6.50396385497999,-1.71076797966646,-29.7210822626299,0
1.887,0,0,1.62555955664896,-0.435122162996725,-7.43006559550354,6.50223822659584,-1.7404886519869,-29.7202623820142,0
1.888,0,0,1.62512071948733,-0.442552126109508,-7.42986063100388,6.50048287794931,-1.77020850443803,-29.7194425240155,0
1.889,0,0,1.62467445246506,-0.449981884260617,-7.42965567215833,6.49869780986025,-1.79992753704247,-29.7186226886333,0
1.89,0,0,1.62422075578712,-0.457411437455709,-7.42945071896674,6.4968830231485,-1.82964574982284,-29.717802875867,0
1.891,0,0,1.62375962965847,-0.464840785700435,-7.42924577142895,6.49503851863387,-1.85936314280174,-29.7169830857158,0
1.892,0,0,1.62329107428404,-0.472269929000451,-7.42904082954482,6.49316429713615,-1.8890797160018,-29.7161633181793,0
1.893,0,0,1.62281508986878,-0.47969886736141,-7.42883589331417,6.49126035947512,-1.91879546944564,-29.7153435732567,0
1.894,0,0,1.62233167661763,-0.487127600788964,-7.42863096273686,6.48932670647051,-1.94851040315586,-29.7145238509474,0
1.895,0,0,1.62184083473551,-0.494556129288768,-7.42842603781273,6.48736333894204,-1.97822451715507,-29.7137041512509,0
1.896,0,0,1.62134256442736,-0.501984452866474,-7.42822111854162,6.48537025770943,-2.0079378114659,-29.7128844741665,0
1.897,0,0,1.62083686589808,-0.509412571527735,-7.42801620492337,6.48334746359233,-2.03765028611094,-29.7120648196935,0
1.898,0,0,1.6203237393526,-0.516840485278205,-7.42781129695784,6.48129495741042,-2.06736194111282,-29.7112451878314,0
1.899,0,0,1.61980318499583,-0.524268194123535,-7.42760639464487,6.47921273998331,-2.09707277649414,-29.7104255785795,0
1.9,0,0,1.61927520303266,-0.531695698069379,-7.42740149798429,6.47710081213063,-2.12678279227751,-29.7096059919372,0
1.901,0,0,1.61873979366799,-0.539122997121388,-7.42719660697596,6.47495917467195,-2.15649198848555,-29.7087864279038,0
1.902,0,0,1.61819695710671,-0.546550091285215,-7.42699172161972,6.47278782842684,-2.18620036514086,-29.7079668864789,0
1.903,0,0,1.61764669355371,-0.553976980566511,-7.42678684191541,6.47058677421485,-2.21590792226604,-29.7071473676616,0
1.904,0,0,1.61708900321387,-0.561403664970929,-7.42658196786287,6.46835601285548,-2.24561465988372,-29.7063278714515,0
1.905,0,0,1.61652388629206,-0.568830144504121,-7.42637709946196,6.46609554516824,-2.27532057801648,-29.7055083978478,0
1.906,0,0,1.61595134299315,-0.576256419171737,-7.4261722367125,6.4638053719726,-2.30502567668695,-29.70468894685,0
1.907,0,0,1.615371373522,-0.583682488979429,-7.42596737961436,6.46148549408801,-2.33472995591772,-29.7038695184574,0
1.908,0,0,1.61478397808348,-0.591108353932849,-7.42576252816737,6.4591359123339,-2.3644334157314,-29.7030501126695,0
1.909,0,0,1.61418915688242,-0.598534014037648,-7.42555768237138,6.45675662752968,-2.39413605615059,-29.7022307294855,0
1.91,0,0,1.61358691012368,-0.605959469299476,-7.42535284222622,6.45434764049473,-2.4238378771979,-29.7014113689049,0
1.911,0,0,1.6129772380121,-0.613384719723984,-7.42514800773175,6.4519089520484,-2.45353887889594,-29.700592030927,0
1.912,0,0,1.61236014075251,-0.620809765316823,-7.42494317888781,6.44944056301004,-2.48323906126729,-29.6997727155512,0
1.913,0,0,1.61173561854974,-0.628234606083643,-7.42473835569425,6.44694247419897,-2.51293842433457,-29.698953422777,0
1.914,0,0,1.61110367160862,-0.635659242030095,-7.42453353815089,6.44441468643447,-2.54263696812038,-29.6981341526036,0
1.915,0,0,1.61046430013395,-0.643083673161828,-7.42432872625761,6.44185720053581,-2.57233469264731,-29.6973149050304,0
1.916,0,0,1.60981750433056,-0.650507899484493,-7.42412392001422,6.43927001732225,-2.60203159793797,-29.6964956800569,0
1.917,0,0,1.60916328440325,-0.65793192100374,-7.42391911942059,6.43665313761301,-2.63172768401496,-29.6956764776823,0
1.918,0,0,1.60850164055682,-0.665355737725218,-7.42371432447655,6.43400656222729,-2.66142295090087,-29.6948572979062,0
1.919,0,0,1.60783257299607,-0.672779349654576,-7.42350953518194,6.43133029198426,-2.6911173986183,-29.6940381407278,0
1.92,0,0,1.60715608192577,-0.680202756797465,-7.42330475153662,6.4286243277031,-2.72081102718986,-29.6932190061465,0
1.921,0,0,1.60647216755073,-0.687625959159532,-7.42309997354043,6.42588867020292,-2.75050383663813,-29.6923998941617,0
1.922,0,0,1.60578083007571,-0.695048956746428,-7.4228952011932,6.42312332030286,-2.78019582698571,-29.6915808047728,0
1.923,0,0,1.60508206970549,-0.702471749563802,-7.42269043449479,6.42032827882198,-2.80988699825521,-29.6907617379792,0
1.924,0,0,1.60437588664484,-0.709894337617301,-7.42248567344504,6.41750354657936,-2.8395773504692,-29.6899426937802,0
1.925,0,0,1.60366228109851,-0.717316720912574,-7.42228091804379,6.41464912439405,-2.8692668836503,-29.6891236721752,0
1.926,0,0,1.60294125327127,-0.724738899455271,-7.42207616829089,6.41176501308507,-2.89895559782108,-29.6883046731636,0
1.927,0,0,1.60221280336785,-0.732160873251039,-7.42187142418618,6.4088512134714,-2.92864349300416,-29.6874856967447,0
1.928,0,0,1.60147693159301,-0.739582642305526,-7.4216666857295,6.40590772637205,-2.9583305692221,-29.686666742918,0
1.929,0,0,1.60073363815149,-0.747004206624381,-7.42146195292071,6.40293455260594,-2.98801682649752,-29.6858478116828,0
1.93,0,0,1.59998292324801,-0.75442556621325,-7.42125722575964,6.39993169299202,-3.017702264853,-29.6850289030385,0
1.931,0,0,1.5992247870873,-0.761846721077782,-7.42105250424613,6.3968991483492,-3.04738688431113,-29.6842100169845,0
1.932,0,0,1.59845922987409,-0.769267671223625,-7.42084778838004,6.39383691949636,-3.0770706848945,-29.6833911535202,0
1.933,0,0,1.59768625181309,-0.776688416656425,-7.4206430781612,6.39074500725236,-3.1067536666257,-29.6825723126448,0
1.934,0,0,1.59690585310901,-0.78410895738183,-7.42043837358947,6.38762341243605,-3.13643582952732,-29.6817534943579,0
1.935,0,0,1.59611803396656,-0.791529293405486,-7.42023367466468,6.38447213586624,-3.16611717362194,-29.6809346986587,0
1.936,0,0,1.59532279459043,-0.798949424733041,-7.42002898138668,6.38129117836174,-3.19579769893217,-29.6801159255467,0
1.937,0,0,1.59452013518532,-0.806369351370142,-7.41982429375531,6.3780805407413,-3.22547740548057,-29.6792971750212,0
1.938,0,0,1.59371005595592,-0.813789073322434,-7.41961961177042,6.37484022382369,-3.25515629328974,-29.6784784470817,0
1.939,0,0,1.59289255710691,-0.821208590595565,-7.41941493543185,6.37157022842763,-3.28483436238226,-29.6776597417274,0
1.94,0,0,1.59206763884296,-0.82862790319518,-7.41921026473944,6.36827055537182,-3.31451161278072,-29.6768410589578,0
1.941,0,0,1.59123530136874,-0.836047011126926,-7.41900559969305,6.36494120547496,-3.3441880445077,-29.6760223987722,0
1.942,0,0,1.59039554488892,-0.843465914396448,-7.41880094029251,6.36158217955569,-3.37386365758579,-29.67520376117,0
1.943,0,0,1.58954836960816,-0.850884613009393,-7.41859628653767,6.35819347843266,-3.40353845203757,-29.6743851461507,0
1.944,0,0,1.58869377573112,-0.858303106971405,-7.41839163842838,6.35477510292448,-3.43321242788562,-29.6735665537135,0
1.945,0,0,1.58783176346244,-0.865721396288131,-7.41818699596447,6.35132705384975,-3.46288558515252,-29.6727479838579,0
1.946,0,0,1.58696233300676,-0.873139480965216,-7.41798235914579,6.34784933202703,-3.49255792386086,-29.6719294365832,0
1.947,0,0,1.58608548456872,-0.880557361008304,-7.41777772797219,6.34434193827487,-3.52222944403322,-29.6711109118887,0
1.948,0,0,1.58520121835295,-0.887975036423042,-7.4175731024435,6.3408048734118,-3.55190014569217,-29.670292409774,0
1.949,0,0,1.58430953456408,-0.895392507215073,-7.41736848255958,6.33723813825632,-3.58157002886029,-29.6694739302383,0
1.95,0,0,1.58341043340673,-0.902809773390042,-7.41716386832027,6.3336417336269,-3.61123909356017,-29.6686554732811,0
1.951,0,0,1.5825039150855,-0.910226834953595,-7.41695925972542,6.33001566034201,-3.64090733981438,-29.6678370389017,0
1.952,0,0,1.58158997980502,-0.917643691911375,-7.41675465677486,6.32635991922008,-3.6705747676455,-29.6670186270994,0
1.953,0,0,1.58066862776988,-0.925060344269026,-7.41655005946844,6.32267451107952,-3.7002413770761,-29.6662002378738,0
1.954,0,0,1.57973985918468,-0.932476792032193,-7.41634546780601,6.31895943673872,-3.72990716812877,-29.665381871224,0
1.955,0,0,1.57880367425401,-0.939893035206519,-7.41614088178741,6.31521469701605,-3.75957214082608,-29.6645635271496,0
1.956,0,0,1.57786007318246,-0.947309073797649,-7.41593630141248,6.31144029272985,-3.7892362951906,-29.6637452056499,0
1.957,0,0,1.57690905617461,-0.954724907811225,-7.41573172668107,6.30763622469844,-3.8188996312449,-29.6629269067243,0
1.958,0,0,1.57595062343503,-0.962140537252892,-7.41552715759302,6.30380249374012,-3.84856214901157,-29.6621086303721,0
1.959,0,0,1.57498477516829,-0.969555962128293,-7.41532259414819,6.29993910067317,-3.87822384851317,-29.6612903765927,0
1.96,0,0,1.57401151157896,-0.97697118244307,-7.4151180363464,6.29604604631584,-3.90788472977228,-29.6604721453856,0
1.961,0,0,1.57303083287159,-0.984386198202866,-7.41491348418751,6.29212333148637,-3.93754479281147,-29.65965393675,0
1.962,0,0,1.57204273925074,-0.991801009413325,-7.41470893767136,6.28817095700295,-3.9672040376533,-29.6588357506854,0
1.963,0,0,1.57104723092095,-0.99921561608009,-7.41450439679779,6.28418892368378,-3.99686246432036,-29.6580175871912,0
1.964,0,0,1.57004430808676,-1.0066300182088,-7.41429986156666,6.28017723234703,-4.02652007283521,-29.6571994462666,0
1.965,0,0,1.56903397095271,-1.0140442158051,-7.41409533197779,6.27613588381082,-4.05617686322042,-29.6563813279112,0
1.966,0,0,1.56801621972332,-1.02145820887464,-7.41389080803105,6.27206487889329,-4.08583283549855,-29.6555632321242,0
1.967,0,0,1.56699105460313,-1.02887199742305,-7.41368628972626,6.26796421841252,-4.11548798969219,-29.654745158905,0
1.968,0,0,1.56595847579665,-1.03628558145597,-7.41348177706328,6.26383390318659,-4.14514232582389,-29.6539271082531,0
1.969,0,0,1.56491848350839,-1.04369896097905,-7.41327727004196,6.25967393403355,-4.17479584391621,-29.6531090801678,0
1.97,0,0,1.56387107794286,-1.05111213599794,-7.41307276866213,6.25548431177143,-4.20444854399174,-29.6522910746485,0
1.971,0,0,1.56281625930456,-1.05852510651826,-7.41286827292364,6.25126503721823,-4.23410042607303,-29.6514730916945,0
1.972,0,0,1.56175402779799,-1.06593787254566,-7.41266378282633,6.24701611119194,-4.26375149018265,-29.6506551313053,0
1.973,0,0,1.56068438362763,-1.07335043408579,-7.41245929837005,6.24273753451052,-4.29340173634317,-29.6498371934802,0
1.974,0,0,1.55960732699797,-1.08076279114428,-7.41225481955464,6.2384293079919,-4.32305116457713,-29.6490192782186,0
1.975,0,0,1.5585228581135,-1.08817494372678,-7.41205034637995,6.234091432454,-4.35269977490712,-29.6482013855198,0
1.976,0,0,1.55743097717868,-1.09558689183892,-7.41184587884582,6.22972390871471,-4.3823475673557,-29.6473835153833,0
1.977,0,0,1.55633168439798,-1.10299863548635,-7.4116414169521,6.22532673759191,-4.41199454194541,-29.6465656678084,0
1.978,0,0,1.55522497997586,-1.11041017467471,-7.41143696069863,6.22089991990343,-4.44164069869883,-29.6457478427945,0
1.979,0,0,1.55411086411678,-1.11782150940963,-7.41123251008525,6.21644345646711,-4.47128603763852,-29.644930040341,0
1.98,0,0,1.55298933702519,-1.12523263969676,-7.41102806511181,6.21195734810075,-4.50093055878703,-29.6441122604473,0
1.981,0,0,1.55186039890553,-1.13264356554173,-7.41082362577816,6.20744159562213,-4.53057426216693,-29.6432945031126,0
1.982,0,0,1.55072404996225,-1.14005428695019,-7.41061919208413,6.202896199849,-4.56021714780078,-29.6424767683365,0
1.983,0,0,1.54958029039978,-1.14746480392778,-7.41041476402958,6.1983211615991,-4.58985921571113,-29.6416590561183,0
1.984,0,0,1.54842912042254,-1.15487511648013,-7.41021034161434,6.19371648169015,-4.61950046592053,-29.6408413664574,0
1.985,0,0,1.54727054023496,-1.16228522461289,-7.41000592483827,6.18908216093982,-4.64914089845156,-29.6400236993531,0
1.986,0,0,1.54610455004145,-1.16969512833169,-7.4098015137012,6.1844182001658,-4.67878051332676,-29.6392060548048,0
1.987,0,0,1.54493115004643,-1.17710482764217,-7.40959710820298,6.17972460018571,-4.70841931056869,-29.6383884328119,0
1.988,0,0,1.5437503404543,-1.18451432254998,-7.40939270834345,6.1750013618172,-4.7380572901999,-29.6375708333738,0
1.989,0,0,1.54256212146946,-1.19192361306074,-7.40918831412246,6.17024848587784,-4.76769445224295,-29.6367532564899,0
1.99,0,0,1.54136649329631,-1.1993326991801,-7.40898392553986,6.16546597318523,-4.7973307967204,-29.6359357021594,0
1.991,0,0,1.54016345613923,-1.2067415809137,-7.40877954259549,6.16065382455692,-4.82696632365479,-29.6351181703819,0
1.992,0,0,1.53895301020261,-1.21415025826717,-7.40857516528918,6.15581204081043,-4.85660103306868,-29.6343006611567,0
1.993,0,0,1.53773515569082,-1.22155873124615,-7.4083707936208,6.15094062276328,-4.88623492498462,-29.6334831744832,0
1.994,0,0,1.53650989280824,-1.22896699985629,-7.40816642759017,6.14603957123295,-4.91586799942516,-29.6326657103607,0
1.995,0,0,1.53527722175923,-1.23637506410321,-7.40796206719715,6.14110888703691,-4.94550025641286,-29.6318482687886,0
1.996,0,0,1.53403714274815,-1.24378292399256,-7.40775771244158,6.1361485709926,-4.97513169597026,-29.6310308497663,0
1.997,0,0,1.53278965597936,-1.25119057952998,-7.40755336332331,6.13115862391744,-5.00476231811991,-29.6302134532932,0
1.998,0,0,1.53153476165721,-1.25859803072109,-7.40734901984218,6.12613904662882,-5.03439212288436,-29.6293960793687,0
1.999,0,0,1.53027245998603,-1.26600527757154,-7.40714468199803,6.12108983994413,-5.06402111028616,-29.6285787279921,0
2,0,0,1.52900275117017,-1.27341232008697,-7.40694034979071,6.1160110046807,-5.09364928034786,-29.6277613991628,0
2.001,0,0,1.52772563541397,-1.280819158273,-7.40673602322006,6.11090254165587,-5.123276633092,-29.6269440928802,0
2.002,0,0,1.52644111292174,-1.28822579213528,-7.40653170228592,6.10576445168695,-5.15290316854114,-29.6261268091437,0
2.003,0,0,1.5251491838978,-1.29563222167945,-7.40632738698815,6.10059673559121,-5.18252888671781,-29.6253095479526,0
2.004,0,0,1.52384984854648,-1.30303844691114,-7.40612307732659,6.09539939418593,-5.21215378764456,-29.6244923093064,0
2.005,0,0,1.52254310707208,-1.31044446783598,-7.40591877330108,6.09017242828833,-5.24177787134393,-29.6236750932043,0
2.006,0,0,1.52122895967891,-1.31785028445962,-7.40571447491146,6.08491583871564,-5.27140113783848,-29.6228578996458,0
2.007,0,0,1.51990740657126,-1.32525589678768,-7.40551018215758,6.07962962628505,-5.30102358715074,-29.6220407286303,0
2.008,0,0,1.51857844795343,-1.33266130482581,-7.40530589503929,6.07431379181373,-5.33064521930325,-29.6212235801572,0
2.009,0,0,1.51724208402971,-1.34006650857964,-7.40510161355642,6.06896833611882,-5.36026603431857,-29.6204064542257,0
2.01,0,0,1.51589831500437,-1.3474715080548,-7.40489733770883,6.06359326001746,-5.38988603221922,-29.6195893508353,0
2.011,0,0,1.51454714108169,-1.35487630325694,-7.40469306749636,6.05818856432675,-5.41950521302775,-29.6187722699854,0
2.012,0,0,1.51318856246594,-1.36228089419168,-7.40448880291885,6.05275424986376,-5.4491235767667,-29.6179552116754,0
2.013,0,0,1.51182257936139,-1.36968528086465,-7.40428454397615,6.04729031744556,-5.47874112345862,-29.6171381759046,0
2.014,0,0,1.5104491919723,-1.37708946328151,-7.4040802906681,6.04179676788919,-5.50835785312603,-29.6163211626724,0
2.015,0,0,1.50906840050291,-1.38449344144787,-7.40387604299454,6.03627360201165,-5.53797376579147,-29.6155041719782,0
2.016,0,0,1.50768020515748,-1.39189721536937,-7.40367180095533,6.03072082062993,-5.56758886147749,-29.6146872038213,0
2.017,0,0,1.50628460614025,-1.39930078505166,-7.4034675645503,6.02513842456101,-5.59720314020663,-29.6138702582012,0
2.018,0,0,1.50488160365546,-1.40670415050035,-7.4032633337793,6.01952641462183,-5.62681660200141,-29.6130533351172,0
2.019,0,0,1.50347119790733,-1.41410731172109,-7.40305910864218,6.01388479162931,-5.65642924688437,-29.6122364345687,0
2.02,0,0,1.50205338910009,-1.42151026871951,-7.40285488913877,6.00821355640036,-5.68604107487806,-29.6114195565551,0
2.021,0,0,1.50062817743796,-1.42891302150125,-7.40265067526893,6.00251270975184,-5.715652086005,-29.6106027010757,0
2.022,0,0,1.49919556312516,-1.43631557007193,-7.4024464670325,5.99678225250063,-5.74526228028772,-29.60978586813,0
2.023,0,0,1.49775554636589,-1.44371791443719,-7.40224226442932,5.99102218546354,-5.77487165774877,-29.6089690577173,0
2.024,0,0,1.49630812736435,-1.45112005460267,-7.40203806745924,5.9852325094574,-5.80448021841067,-29.608152269837,0
2.025,0,0,1.49485330632474,-1.45852199057399,-7.4018338761221,5.97941322529898,-5.83408796229595,-29.6073355044884,0
2.026,0,0,1.49339108345126,-1.46592372235679,-7.40162969041774,5.97356433380506,-5.86369488942715,-29.606518761671,0
2.027,0,0,1.49192145894809,-1.4733252499567,-7.40142551034602,5.96768583579237,-5.8933009998268,-29.6057020413841,0
2.028,0,0,1.49044443301941,-1.48072657337936,-7.40122133590678,5.96177773207764,-5.92290629351743,-29.6048853436271,0
2.029,0,0,1.48896000586939,-1.48812769263039,-7.40101716709985,5.95584002347756,-5.95251077052157,-29.6040686683994,0
2.03,0,0,1.4874681777022,-1.49552860771544,-7.40081300392509,5.94987271080882,-5.98211443086174,-29.6032520157004,0
2.031,0,0,1.48596894872201,-1.50292931864012,-7.40060884638234,5.94387579488805,-6.01171727456048,-29.6024353855294,0
2.032,0,0,1.48446231913298,-1.51032982541008,-7.40040469447145,5.9378492765319,-6.04131930164031,-29.6016187778858,0
2.033,0,0,1.48294828913924,-1.51773012803094,-7.40020054819225,5.93179315655697,-6.07092051212376,-29.600802192769,0
2.034,0,0,1.48142685894496,-1.52513022650834,-7.3999964075446,5.92570743577985,-6.10052090603335,-29.5999856301784,0
2.035,0,0,1.47989802875427,-1.53253012084791,-7.39979227252833,5.91959211501709,-6.13012048339162,-29.5991690901133,0
2.036,0,0,1.47836179877131,-1.53992981105527,-7.3995881431433,5.91344719508524,-6.15971924422109,-29.5983525725732,0
2.037,0,0,1.4768181692002,-1.54732929713607,-7.39938401938935,5.90727267680081,-6.18931718854428,-29.5975360775574,0
2.038,0,0,1.47526714024508,-1.55472857909593,-7.39917990126632,5.90106856098031,-6.21891431638371,-29.5967196050653,0
2.039,0,0,1.47370871211005,-1.56212765694048,-7.39897578877406,5.8948348484402,-6.24851062776192,-29.5959031550962,0
2.04,0,0,1.47214288499923,-1.56952653067535,-7.3987716819124,5.88857153999693,-6.27810612270141,-29.5950867276496,0
2.041,0,0,1.47056965911673,-1.57692520030618,-7.39856758068121,5.88227863646694,-6.30770080122472,-29.5942703227248,0
2.042,0,0,1.46898903466665,-1.58432366583859,-7.39836348508032,5.87595613866661,-6.33729466335437,-29.5934539403213,0
2.043,0,0,1.46740101185309,-1.59172192727822,-7.39815939510957,5.86960404741235,-6.36688770911287,-29.5926375804383,0
2.044,0,0,1.46580559088013,-1.59911998463069,-7.39795531076881,5.86322236352051,-6.39647993852275,-29.5918212430752,0
2.045,0,0,1.46420277195185,-1.60651783790163,-7.39775123205789,5.85681108780742,-6.42607135160653,-29.5910049282316,0
2.046,0,0,1.46259255527235,-1.61391548709668,-7.39754715897664,5.85037022108939,-6.45566194838672,-29.5901886359066,0
2.047,0,0,1.46097494104568,-1.62131293222146,-7.39734309152493,5.84389976418274,-6.48525172888585,-29.5893723660997,0
2.048,0,0,1.45934992947593,-1.62871017328161,-7.39713902970258,5.83739971790371,-6.51484069312643,-29.5885561188103,0
2.049,0,0,1.45771752076714,-1.63610721028274,-7.39693497350944,5.83087008306856,-6.54442884113097,-29.5877398940378,0
2.05,0,0,1.45607771512338,-1.6435040432305,-7.39673092294537,5.82431086049352,-6.57401617292201,-29.5869236917815,0
2.051,0,0,1.4544305127487,-1.65090067213051,-7.39652687801019,5.81772205099478,-6.60360268852204,-29.5861075120408,0
2.052,0,0,1.45277591384713,-1.6582970969884,-7.39632283870377,5.81110365538853,-6.63318838795359,-29.5852913548151,0
2.053,0,0,1.45111391862273,-1.66569331780979,-7.39611880502594,5.80445567449092,-6.66277327123918,-29.5844752201038,0
2.054,0,0,1.44944452727952,-1.67308933460033,-7.39591477697654,5.79777810911809,-6.69235733840131,-29.5836591079062,0
2.055,0,0,1.44776774002154,-1.68048514736562,-7.39571075455543,5.79107096008615,-6.72194058946249,-29.5828430182217,0
2.056,0,0,1.4460835570528,-1.68788075611131,-7.39550673776245,5.78433422821119,-6.75152302444525,-29.5820269510498,0
2.057,0,0,1.44439197857732,-1.69527616084302,-7.39530272659743,5.77756791430928,-6.7811046433721,-29.5812109063897,0
2.058,0,0,1.44269300479912,-1.70267136156638,-7.39509872106024,5.77077201919646,-6.81068544626554,-29.580394884241,0
2.059,0,0,1.44098663592219,-1.71006635828702,-7.3948947211507,5.76394654368875,-6.84026543314808,-29.5795788846028,0
2.06,0,0,1.43927287215054,-1.71746115101056,-7.39469072686867,5.75709148860216,-6.86984460404224,-29.5787629074747,0
2.061,0,0,1.43755171368816,-1.72485573974263,-7.394486738214,5.75020685475266,-6.89942295897053,-29.577946952856,0
2.062,0,0,1.43582316073905,-1.73225012448886,-7.39428275518651,5.7432926429562,-6.92900049795546,-29.5771310207461,0
2.063,0,0,1.43408721350718,-1.73964430525488,-7.39407877778607,5.73634885402872,-6.95857722101953,-29.5763151111443,0
2.064,0,0,1.43234387219653,-1.74703828204631,-7.39387480601252,5.72937548878613,-6.98815312818525,-29.5754992240501,0
2.065,0,0,1.43059313701108,-1.75443205486878,-7.39367083986569,5.72237254804431,-7.01772821947513,-29.5746833594628,0
2.066,0,0,1.42883500815478,-1.76182562372792,-7.39346687934544,5.71534003261913,-7.04730249491168,-29.5738675173817,0
2.067,0,0,1.42706948583161,-1.76921898862935,-7.39326292445161,5.70827794332643,-7.0768759545174,-29.5730516978064,0
2.068,0,0,1.42529657024551,-1.7766121495787,-7.39305897518404,5.70118628098203,-7.10644859831479,-29.5722359007361,0
2.069,0,0,1.42351626160043,-1.78400510658159,-7.39285503154258,5.69406504640173,-7.13602042632637,-29.5714201261703,0
2.07,0,0,1.42172856010032,-1.79139785964366,-7.39265109352707,5.6869142404013,-7.16559143857463,-29.5706043741083,0
2.071,0,0,1.41993346594912,-1.79879040877052,-7.39244716113737,5.67973386379649,-7.19516163508209,-29.5697886445495,0
2.072,0,0,1.41813097935076,-1.80618275396781,-7.3922432343733,5.67252391740304,-7.22473101587123,-29.5689729374932,0
2.073,0,0,1.41632110050916,-1.81357489524114,-7.39203931323473,5.66528440203665,-7.25429958096458,-29.5681572529389,0
2.074,0,0,1.41450382962825,-1.82096683259615,-7.39183539772149,5.658015318513,-7.28386733038461,-29.5673415908859,0
2.075,0,0,1.41267916691194,-1.82835856603846,-7.39163148783342,5.65071666764776,-7.31343426415385,-29.5665259513337,0
2.076,0,0,1.41084711256414,-1.83575009557369,-7.39142758357038,5.64338845025657,-7.34300038229478,-29.5657103342815,0
2.077,0,0,1.40900766678876,-1.84314142120748,-7.39122368493221,5.63603066715504,-7.37256568482991,-29.5648947397288,0
2.078,0,0,1.40716082978969,-1.85053254294543,-7.39101979191875,5.62864331915877,-7.40213017178174,-29.564079167675,0
2.079,0,0,1.40530660177083,-1.85792346079319,-7.39081590452984,5.62122640708333,-7.43169384317276,-29.5632636181194,0
2.08,0,0,1.40344498293607,-1.86531417475637,-7.39061202276534,5.61377993174427,-7.46125669902547,-29.5624480910614,0
2.081,0,0,1.40157597348928,-1.8727046848406,-7.39040814662509,5.60630389395712,-7.49081873936238,-29.5616325865004,0
2.082,0,0,1.39969957363434,-1.88009499105149,-7.39020427610892,5.59879829453738,-7.52037996420597,-29.5608171044357,0
2.083,0,0,1.39781578357513,-1.88748509339469,-7.3900004112167,5.59126313430053,-7.54994037357875,-29.5600016448668,0
2.084,0,0,1.39592460351551,-1.8948749918758,-7.38979655194826,5.58369841406204,-7.57949996750321,-29.559186207793,0
2.085,0,0,1.39402603365933,-1.90226468650046,-7.38959269830344,5.57610413463733,-7.60905874600184,-29.5583707932137,0
2.086,0,0,1.39212007421046,-1.90965417727428,-7.38938885028209,5.56848029684183,-7.63861670909713,-29.5575554011284,0
2.087,0,0,1.39020672537273,-1.9170434642029,-7.38918500788406,5.56082690149093,-7.66817385681159,-29.5567400315362,0
2.088,0,0,1.38828598735,-1.92443254729193,-7.38898117110919,5.5531439494,-7.6977301891677,-29.5559246844368,0
2.089,0,0,1.38635786034609,-1.93182142654699,-7.38877733995732,5.54543144138438,-7.72728570618796,-29.5551093598293,0
2.09,0,0,1.38442234456485,-1.93921010197371,-7.38857351442831,5.53768937825939,-7.75684040789486,-29.5542940577132,0
2.091,0,0,1.38247944021009,-1.94659857357772,-7.38836969452199,5.52991776084035,-7.78639429431088,-29.553478778088,0
2.092,0,0,1.38052914748563,-1.95398684136463,-7.38816588023822,5.52211658994253,-7.81594736545853,-29.5526635209529,0
2.093,0,0,1.3785714665953,-1.96137490534007,-7.38796207157683,5.51428586638118,-7.84549962136029,-29.5518482863073,0
2.094,0,0,1.37660639774289,-1.96876276550966,-7.38775826853767,5.50642559097155,-7.87505106203864,-29.5510330741507,0
2.095,0,0,1.37463394113221,-1.97615042187902,-7.38755447112058,5.49853576452884,-7.90460168751608,-29.5502178844823,0
2.096,0,0,1.37265409696706,-1.98353787445378,-7.38735067932541,5.49061638786824,-7.9341514978151,-29.5494027173017,0
2.097,0,0,1.37066686545123,-1.99092512323955,-7.38714689315201,5.48266746180493,-7.96370049295818,-29.5485875726081,0
2.098,0,0,1.36867224678851,-1.99831216824195,-7.38694311260022,5.47468898715404,-7.99324867296781,-29.5477724504009,0
2.099,0,0,1.36667024118267,-2.00569900946662,-7.38673933766989,5.46668096473069,-8.02279603786648,-29.5469573506795,0
2.1,0,0,1.3646608488375,-2.01308564691917,-7.38653556836085,5.45864339535,-8.05234258767667,-29.5461422734434,0
2.101,0,0,1.36264406995676,-2.02047208060522,-7.38633180467296,5.45057627982703,-8.08188832242086,-29.5453272186918,0
2.102,0,0,1.36061990474421,-2.02785831053039,-7.38612804660606,5.44247961897684,-8.11143324212155,-29.5445121864242,0
2.103,0,0,1.35858835340362,-2.0352443367003,-7.38592429415999,5.43435341361446,-8.1409773468012,-29.54369717664,0
2.104,0,0,1.35654941613873,-2.04263015912058,-7.38572054733461,5.4261976645549,-8.17052063648232,-29.5428821893384,0
2.105,0,0,1.35450309315329,-2.05001577779684,-7.38551680612974,5.41801237261316,-8.20006311118737,-29.542067224519,0
2.106,0,0,1.35244938465105,-2.05740119273471,-7.38531307054525,5.40979753860418,-8.22960477093885,-29.541252282181,0
2.107,0,0,1.35038829083573,-2.06478640393981,-7.38510934058097,5.40155316334292,-8.25914561575923,-29.5404373623239,0
2.108,0,0,1.34831981191107,-2.07217141141775,-7.38490561623675,5.3932792476443,-8.28868564567099,-29.539622464947,0
2.109,0,0,1.3462439480808,-2.07955621517415,-7.38470189751244,5.38497579232321,-8.31822486069662,-29.5388075900498,0
2.11,0,0,1.34416069954863,-2.08694081521465,-7.38449818440787,5.37664279819453,-8.34776326085859,-29.5379927376315,0
2.111,0,0,1.34207006651828,-2.09432521154484,-7.3842944769229,5.3682802660731,-8.37730084617938,-29.5371779076916,0
2.112,0,0,1.33997204919344,-2.10170940417037,-7.38409077505737,5.35988819677377,-8.40683761668146,-29.5363631002295,0
2.113,0,0,1.33786664777783,-2.10909339309683,-7.38388707881112,5.35146659111134,-8.43637357238733,-29.5355483152445,0
2.114,0,0,1.33575386247515,-2.11647717832986,-7.383683388184,5.34301544990059,-8.46590871331944,-29.534733552736,0
2.115,0,0,1.33363369348907,-2.12386075987507,-7.38347970317586,5.33453477395628,-8.49544303950029,-29.5339188127034,0
2.116,0,0,1.33150614102329,-2.13124413773809,-7.38327602378654,5.32602456409317,-8.52497655095234,-29.5331040951461,0
2.117,0,0,1.32937120528149,-2.13862731192452,-7.38307235001588,5.31748482112595,-8.55450924769807,-29.5322894000635,0
2.118,0,0,1.32722888646733,-2.14601028243999,-7.38286868186373,5.30891554586933,-8.58404112975996,-29.5314747274549,0
2.119,0,0,1.3250791847845,-2.15339304929012,-7.38266501932993,5.30031673913798,-8.61357219716048,-29.5306600773197,0
2.12,0,0,1.32292210043664,-2.16077561248052,-7.38246136241433,5.29168840174656,-8.64310244992209,-29.5298454496573,0
2.121,0,0,1.32075763362742,-2.16815797201682,-7.38225771111678,5.28303053450968,-8.67263188806728,-29.5290308444671,0
2.122,0,0,1.31858578456049,-2.17554012790463,-7.38205406543711,5.27434313824195,-8.70216051161852,-29.5282162617485,0
2.123,0,0,1.31640655343949,-2.18292208014957,-7.38185042537518,5.26562621375797,-8.73168832059827,-29.5274017015007,0
2.124,0,0,1.31421994046807,-2.19030382875725,-7.38164679093084,5.25687976187227,-8.76121531502901,-29.5265871637233,0
2.125,0,0,1.31202594584985,-2.1976853737333,-7.38144316210391,5.24810378339942,-8.7907414949332,-29.5257726484156,0
2.126,0,0,1.30982456978848,-2.20506671508333,-7.38123953889425,5.23929827915391,-8.82026686033333,-29.524958155577,0
2.127,0,0,1.30761581248756,-2.21244785281296,-7.38103592130171,5.23046324995024,-8.84979141125185,-29.5241436852069,0
2.128,0,0,1.30539967415072,-2.21982878692781,-7.38083230932613,5.22159869660289,-8.87931514771123,-29.5233292373045,0
2.129,0,0,1.30317615498158,-2.22720951743349,-7.38062870296735,5.2127046199263,-8.90883806973395,-29.5225148118694,0
2.13,0,0,1.30094525518372,-2.23459004433561,-7.38042510222523,5.2037810207349,-8.93836017734246,-29.5217004089009,0
2.131,0,0,1.29870697496077,-2.24197036763981,-7.38022150709959,5.19482789984308,-8.96788147055924,-29.5208860283984,0
2.132,0,0,1.29646131451631,-2.24935048735169,-7.3800179175903,5.18584525806523,-8.99740194940674,-29.5200716703612,0
2.133,0,0,1.29420827405393,-2.25673040347686,-7.37981433369719,5.17683309621572,-9.02692161390745,-29.5192573347888,0
2.134,0,0,1.29194785377722,-2.26411011602095,-7.37961075542011,5.16779141510886,-9.05644046408381,-29.5184430216805,0
2.135,0,0,1.28968005388975,-2.27148962498957,-7.37940718275891,5.15872021555898,-9.08595849995829,-29.5176287310356,0
2.136,0,0,1.28740487459509,-2.27886893038834,-7.37920361571343,5.14961949838037,-9.11547572155337,-29.5168144628537,0
2.137,0,0,1.28512231609682,-2.28624803222287,-7.37900005428351,5.14048926438729,-9.14499212889149,-29.516000217134,0
2.138,0,0,1.2828323785985,-2.29362693049878,-7.378796498469,5.131329514394,-9.17450772199512,-29.515185993876,0
2.139,0,0,1.28053506230368,-2.30100562522168,-7.37859294826975,5.12214024921471,-9.20402250088673,-29.514371793079,0
2.14,0,0,1.27823036741591,-2.30838411639719,-7.3783894036856,5.11292146966362,-9.23353646558877,-29.5135576147424,0
2.141,0,0,1.27591829413873,-2.31576240403093,-7.37818586471639,5.10367317655492,-9.2630496161237,-29.5127434588656,0
2.142,0,0,1.27359884267569,-2.3231404881285,-7.37798233136197,5.09439537070276,-9.29256195251399,-29.5119293254479,0
2.143,0,0,1.27127201323032,-2.33051836869552,-7.37777880362219,5.08508805292127,-9.32207347478208,-29.5111152144888,0
2.144,0,0,1.26893780600614,-2.33789604573761,-7.37757528149689,5.07575122402456,-9.35158418295045,-29.5103011259876,0
2.145,0,0,1.26659622120668,-2.34527351926039,-7.37737176498592,5.06638488482672,-9.38109407704154,-29.5094870599437,0
2.146,0,0,1.26424725903546,-2.35265078926946,-7.37716825408912,5.05698903614183,-9.41060315707782,-29.5086730163565,0
2.147,0,0,1.26189091969598,-2.36002785577044,-7.37696474880633,5.04756367878391,-9.44011142308174,-29.5078589952253,0
2.148,0,0,1.25952720339175,-2.36740471876894,-7.37676124913741,5.038108813567,-9.46961887507576,-29.5070449965496,0
2.149,0,0,1.25715611032627,-2.37478137827058,-7.37655775508219,5.02862444130509,-9.49912551308232,-29.5062310203288,0
2.15,0,0,1.25477764070304,-2.38215783428097,-7.37635426664053,5.01911056281216,-9.5286313371239,-29.5054170665621,0
2.151,0,0,1.25239179472554,-2.38953408680573,-7.37615078381226,5.00956717890215,-9.55813634722293,-29.504603135249,0
2.152,0,0,1.24999857259725,-2.39691013585047,-7.37594730659723,4.99999429038902,-9.58764054340188,-29.5037892263889,0
2.153,0,0,1.24759797452166,-2.4042859814208,-7.37574383499529,4.99039189808665,-9.6171439256832,-29.5029753399812,0
2.154,0,0,1.24519000070224,-2.41166162352233,-7.37554036900628,4.98076000280894,-9.64664649408933,-29.5021614760251,0
2.155,0,0,1.24277465134244,-2.41903706216068,-7.37533690863005,4.97109860536975,-9.67614824864273,-29.5013476345202,0
2.156,0,0,1.24035192664573,-2.42641229734146,-7.37513345386644,4.96140770658293,-9.70564918936585,-29.5005338154658,0
2.157,0,0,1.23792182681557,-2.43378732907029,-7.3749300047153,4.95168730726229,-9.73514931628115,-29.4997200188612,0
2.158,0,0,1.23548435205541,-2.44116215735276,-7.37472656117648,4.94193740822163,-9.76464862941106,-29.4989062447059,0
2.159,0,0,1.23303950256868,-2.44853678219451,-7.37452312324981,4.93215801027472,-9.79414712877804,-29.4980924929992,0
2.16,0,0,1.23058727855883,-2.45591120360113,-7.37431969093514,4.92234911423532,-9.82364481440454,-29.4972787637406,0
2.161,0,0,1.22812768022929,-2.46328542157825,-7.37411626423233,4.91251072091715,-9.853141686313,-29.4964650569293,0
2.162,0,0,1.22566070778348,-2.47065943613147,-7.3739128431412,4.90264283113393,-9.88263774452588,-29.4956513725648,0
2.163,0,0,1.22318636142483,-2.4780332472664,-7.37370942766162,4.89274544569933,-9.91213298906561,-29.4948377106465,0
2.164,0,0,1.22070464135675,-2.48540685498866,-7.37350601779342,4.88281856542701,-9.94162741995465,-29.4940240711737,0
2.165,0,0,1.21821554778266,-2.49278025930386,-7.37330261353645,4.87286219113063,-9.97112103721544,-29.4932104541458,0
2.166,0,0,1.21571908090595,-2.50015346021761,-7.37309921489055,4.86287632362378,-10.0006138408704,-29.4923968595622,0
2.167,0,0,1.21321524093002,-2.50752645773551,-7.37289582185557,4.85286096372008,-10.030105830942,-29.4915832874223,0
2.168,0,0,1.21070402805827,-2.51489925186319,-7.37269243443136,4.84281611223309,-10.0595970074527,-29.4907697377254,0
2.169,0,0,1.20818544249409,-2.52227184260624,-7.37248905261776,4.83274176997635,-10.089087370425,-29.489956210471,0
2.17,0,0,1.20565948444085,-2.52964422997029,-7.37228567641461,4.82263793776341,-10.1185769198812,-29.4891427056585,0
2.171,0,0,1.20312615410194,-2.53701641396094,-7.37208230582177,4.81250461640775,-10.1480656558438,-29.4883292232871,0
2.172,0,0,1.20058545168072,-2.54438839458381,-7.37187894083907,4.80234180672288,-10.1775535783352,-29.4875157633563,0
2.173,0,0,1.19803737738056,-2.55176017184449,-7.37167558146636,4.79214950952223,-10.207040687378,-29.4867023258654,0
2.174,0,0,1.19548193140482,-2.55913174574861,-7.37147222770349,4.78192772561926,-10.2365269829944,-29.4858889108139,0
2.175,0,0,1.19291911395685,-2.56650311630177,-7.3712688795503,4.77167645582738,-10.2660124652071,-29.4850755182012,0
2.176,0,0,1.19034892523999,-2.57387428350958,-7.37106553700663,4.76139570095998,-10.2954971340383,-29.4842621480265,0
2.177,0,0,1.18777136545761,-2.58124524737765,-7.37086220007234,4.75108546183042,-10.3249809895106,-29.4834488002894,0
2.178,0,0,1.18518643481302,-2.58861600791159,-7.37065886874727,4.74074573925207,-10.3544640316464,-29.4826354749891,0
2.179,0,0,1.18259413350956,-2.59598656511702,-7.37045554303126,4.73037653403824,-10.3839462604681,-29.481822172125,0
2.18,0,0,1.17999446175056,-2.60335691899953,-7.37025222292415,4.71997784700223,-10.4134276759981,-29.4810088916966,0
2.181,0,0,1.17738741973933,-2.61072706956473,-7.3700489084258,4.70954967895733,-10.4429082782589,-29.4801956337032,0
2.182,0,0,1.1747730076792,-2.61809701681825,-7.36984559953605,4.69909203071679,-10.472388067273,-29.4793823981442,0
2.183,0,0,1.17215122577346,-2.62546676076568,-7.36964229625474,4.68860490309386,-10.5018670430627,-29.478569185019,0
2.184,0,0,1.16952207422543,-2.63283630141263,-7.36943899858172,4.67808829690174,-10.5313452056505,-29.4777559943269,0
2.185,0,0,1.1668855532384,-2.64020563876471,-7.36923570651684,4.66754221295362,-10.5608225550588,-29.4769428260673,0
2.186,0,0,1.16424166301567,-2.64757477282753,-7.36903242005993,4.65696665206267,-10.5902990913101,-29.4761296802397,0
2.187,0,0,1.16159040376051,-2.6549437036067,-7.36882913921085,4.64636161504204,-10.6197748144268,-29.4753165568434,0
2.188,0,0,1.15893177567621,-2.66231243110782,-7.36862586396944,4.63572710270486,-10.6492497244313,-29.4745034558778,0
2.189,0,0,1.15626577896605,-2.66968095533651,-7.36842259433555,4.62506311586421,-10.678723821346,-29.4736903773422,0
2.19,0,0,1.1535924138333,-2.67704927629836,-7.36821933030901,4.61436965533319,-10.7081971051934,-29.472877321236,0
2.191,0,0,1.15091168048121,-2.68441739399899,-7.36801607188968,4.60364672192484,-10.737669575996,-29.4720642875587,0
2.192,0,0,1.14822357911305,-2.69178530844401,-7.36781281907741,4.5928943164522,-10.767141233776,-29.4712512763096,0
2.193,0,0,1.14552810993207,-2.69915301963902,-7.36760957187203,4.58211243972829,-10.7966120785561,-29.4704382874881,0
2.194,0,0,1.14282527314152,-2.70652052758962,-7.36740633027339,4.57130109256608,-10.8260821103585,-29.4696253210936,0
2.195,0,0,1.14011506894464,-2.71388783230143,-7.36720309428134,4.56046027577855,-10.8555513292057,-29.4688123771254,0
2.196,0,0,1.13739749754466,-2.72125493378005,-7.36699986389572,4.54958999017865,-10.8850197351202,-29.4679994555829,0
2.197,0,0,1.13467255914482,-2.72862183203109,-7.36679663911638,4.53869023657928,-10.9144873281244,-29.4671865564655,0
2.198,0,0,1.13194025394834,-2.73598852706016,-7.36659341994317,4.52776101579336,-10.9439541082406,-29.4663736797727,0
2.199,0,0,1.12920058215844,-2.74335501887285,-7.36639020637592,4.51680232863376,-10.9734200754914,-29.4655608255037,0
2.2,0,0,1.12645354397833,-2.75072130747478,-7.36618699841449,4.50581417591333,-11.0028852298991,-29.464747993658,0
2.201,0,0,1.12369913961123,-2.75808739287155,-7.36598379605872,4.4947965584449,-11.0323495714862,-29.4639351842349,0
2.202,0,0,1.12093736926032,-2.76545327506876,-7.36578059930845,4.48374947704129,-11.061813100275,-29.4631223972338,0
2.203,0,0,1.11816823312882,-2.77281895407203,-7.36557740816353,4.47267293251528,-11.0912758162881,-29.4623096326541,0
2.204,0,0,1.11539173141991,-2.78018442988696,-7.36537422262381,4.46156692567963,-11.1207377195478,-29.4614968904952,0
2.205,0,0,1.11260786433677,-2.78754970251915,-7.36517104268913,4.45043145734709,-11.1501988100766,-29.4606841707565,0
2.206,0,0,1.1098166320826,-2.7949147719742,-7.36496786835933,4.43926652833038,-11.1796590878968,-29.4598714734373,0
2.207,0,0,1.10701803486055,-2.80227963825773,-7.36476469963427,4.42807213944219,-11.2091185530309,-29.4590587985371,0
2.208,0,0,1.1042120728738,-2.80964430137534,-7.36456153651378,4.41684829149521,-11.2385772055014,-29.4582461460551,0
2.209,0,0,1.10139874632552,-2.81700876133263,-7.36435837899772,4.40559498530207,-11.2680350453305,-29.4574335159909,0
2.21,0,0,1.09857805541885,-2.8243730181352,-7.36415522708593,4.39431222167542,-11.2974920725408,-29.4566209083437,0
2.211,0,0,1.09575000035696,-2.83173707178867,-7.36395208077824,4.38300000142785,-11.3269482871547,-29.455808323113,0
2.212,0,0,1.09291458134299,-2.83910092229863,-7.36374894007452,4.37165832537197,-11.3564036891945,-29.4549957602981,0
2.213,0,0,1.09007179858008,-2.84646456967069,-7.3635458049746,4.36028719432032,-11.3858582786827,-29.4541832198984,0
2.214,0,0,1.08722165227136,-2.85382801391045,-7.36334267547833,4.34888660908544,-11.4153120556418,-29.4533707019133,0
2.215,0,0,1.08436414261997,-2.86119125502351,-7.36313955158556,4.33745657047987,-11.444765020094,-29.4525582063422,0
2.216,0,0,1.08149926982902,-2.86855429301548,-7.36293643329612,4.32599707931608,-11.4742171720619,-29.4517457331845,0
2.217,0,0,1.07862703410164,-2.87591712789197,-7.36273332060988,4.31450813640657,-11.5036685115679,-29.4509332824395,0
2.218,0,0,1.07574743564094,-2.88327975965857,-7.36253021352666,4.30298974256376,-11.5331190386343,-29.4501208541066,0
2.219,0,0,1.07286047465003,-2.89064218832089,-7.36232711204632,4.2914418986001,-11.5625687532836,-29.4493084481853,0
2.22,0,0,1.069966151332,-2.89800441388453,-7.3621240161687,4.27986460532799,-11.5920176555381,-29.4484960646748,0
2.221,0,0,1.06706446588995,-2.9053664363551,-7.36192092589365,4.26825786355982,-11.6214657454204,-29.4476837035746,0
2.222,0,0,1.06415541852698,-2.91272825573819,-7.36171784122102,4.25662167410794,-11.6509130229527,-29.4468713648841,0
2.223,0,0,1.06123900944617,-2.92008987203941,-7.36151476215064,4.24495603778469,-11.6803594881576,-29.4460590486026,0
2.224,0,0,1.0583152388506,-2.92745128526436,-7.36131168868236,4.23326095540239,-11.7098051410574,-29.4452467547295,0
2.225,0,0,1.05538410694333,-2.93481249541864,-7.36110862081604,4.22153642777333,-11.7392499816746,-29.4444344832642,0
2.226,0,0,1.05244561392745,-2.94217350250786,-7.36090555855151,4.20978245570979,-11.7686940100314,-29.443622234206,0
2.227,0,0,1.049499760006,-2.94953430653761,-7.36070250188862,4.19799904002402,-11.7981372261504,-29.4428100075545,0
2.228,0,0,1.04654654538206,-2.9568949075135,-7.36049945082721,4.18618618152823,-11.827579630054,-29.4419978033089,0
2.229,0,0,1.04358597025866,-2.96425530544113,-7.36029640536714,4.17434388103464,-11.8570212217645,-29.4411856214686,0
2.23,0,0,1.04061803483886,-2.9716155003261,-7.36009336550825,4.16247213935543,-11.8864620013044,-29.440373462033,0
2.231,0,0,1.03764273932569,-2.97897549217401,-7.35989033125037,4.15057095730275,-11.9159019686961,-29.4395613250015,0
2.232,0,0,1.03466008392219,-2.98633528099047,-7.35968730259337,4.13864033568874,-11.9453411239619,-29.4387492103735,0
2.233,0,0,1.03167006883138,-2.99369486678107,-7.35948427953707,4.12668027532552,-11.9747794671243,-29.4379371181483,0
2.234,0,0,1.0286726942563,-3.00105424955141,-7.35928126208134,4.11469077702519,-12.0042169982056,-29.4371250483254,0
2.235,0,0,1.02566796039995,-3.0084134293071,-7.35907825022601,4.1026718415998,-12.0336537172284,-29.436313000904,0
2.236,0,0,1.02265586746535,-3.01577240605373,-7.35887524397093,4.09062346986141,-12.0630896242149,-29.4355009758837,0
2.237,0,0,1.01963641565551,-3.0231311797969,-7.35867224331595,4.07854566262204,-12.0925247191876,-29.4346889732638,0
2.238,0,0,1.01660960517342,-3.03048975054223,-7.3584692482609,4.0664384206937,-12.1219590021689,-29.4338769930436,0
2.239,0,0,1.01357543622209,-3.03784811829529,-7.35826625880565,4.05430174488836,-12.1513924731812,-29.4330650352226,0
2.24,0,0,1.0105339090045,-3.0452062830617,-7.35806327495002,4.04213563601798,-12.1808251322468,-29.4322530998001,0
2.241,0,0,1.00748502372363,-3.05256424484706,-7.35786029669387,4.02994009489451,-12.2102569793882,-29.4314411867755,0
2.242,0,0,1.00442878058246,-3.05992200365696,-7.35765732403705,4.01771512232984,-12.2396880146278,-29.4306292961482,0
2.243,0,0,1.00136517978397,-3.067279559497,-7.35745435697939,4.00546071913588,-12.269118237988,-29.4298174279176,0
2.244,0,0,0.998294221531121,-3.07463691237278,-7.35725139552075,3.99317688612448,-12.2985476494911,-29.429005582083,0
2.245,0,0,0.995215906026876,-3.08199406228991,-7.35704843966097,3.98086362410751,-12.3279762491596,-29.4281937586439,0
2.246,0,0,0.992130233474192,-3.08935100925397,-7.35684548939989,3.96852093389677,-12.3574040370159,-29.4273819575996,0
2.247,0,0,0.989037204076018,-3.09670775327057,-7.35664254473737,3.95614881630407,-12.3868310130823,-29.4265701789495,0
2.248,0,0,0.985936818035298,-3.10406429434531,-7.35643960567323,3.94374727214119,-12.4162571773813,-29.4257584226929,0
2.249,0,0,0.982829075554973,-3.11142063248379,-7.35623667220734,3.93131630221989,-12.4456825299351,-29.4249466888294,0
2.25,0,0,0.979713976837974,-3.11877676769159,-7.35603374433954,3.9188559073519,-12.4751070707664,-29.4241349773582,0
2.251,0,0,0.976591522087231,-3.12613269997433,-7.35583082206967,3.90636608834892,-12.5045307998973,-29.4233232882787,0
2.252,0,0,0.973461711505665,-3.1334884293376,-7.35562790539758,3.89384684602266,-12.5339537173504,-29.4225116215903,0
2.253,0,0,0.970324545296194,-3.14084395578699,-7.35542499432312,3.88129818118478,-12.563375823148,-29.4216999772925,0
2.254,0,0,0.967180023661728,-3.14819927932811,-7.35522208884612,3.86872009464691,-12.5927971173124,-29.4208883553845,0
2.255,0,0,0.964028146805172,-3.15555439996655,-7.35501918896644,3.85611258722069,-12.6222175998662,-29.4200767558658,0
2.256,0,0,0.960868914929427,-3.16290931770791,-7.35481629468392,3.84347565971771,-12.6516372708316,-29.4192651787357,0
2.257,0,0,0.957702328237387,-3.17026403255778,-7.35461340599841,3.83080931294955,-12.6810561302311,-29.4184536239936,0
2.258,0,0,0.95452838693194,-3.17761854452177,-7.35441052290975,3.81811354772776,-12.7104741780871,-29.417642091639,0
2.259,0,0,0.95134709121597,-3.18497285360547,-7.35420764541778,3.80538836486388,-12.7398914144219,-29.4168305816711,0
2.26,0,0,0.948158441292354,-3.19232695981447,-7.35400477352236,3.79263376516942,-12.7693078392579,-29.4160190940894,0
2.261,0,0,0.944962437363964,-3.19968086315438,-7.35380190722333,3.77984974945586,-12.7987234526175,-29.4152076288933,0
2.262,0,0,0.941759079633666,-3.20703456363078,-7.35359904652053,3.76703631853466,-12.8281382545231,-29.4143961860821,0
2.263,0,0,0.938548368304322,-3.21438806124929,-7.35339619141381,3.75419347321729,-12.8575522449971,-29.4135847656553,0
2.264,0,0,0.935330303578785,-3.22174135601548,-7.35319334190302,3.74132121431514,-12.8869654240619,-29.4127733676121,0
2.265,0,0,0.932104885659906,-3.22909444793496,-7.352990497988,3.72841954263962,-12.9163777917398,-29.411961991952,0
2.266,0,0,0.928872114750529,-3.23644733701332,-7.3527876596686,3.71548845900212,-12.9457893480533,-29.4111506386744,0
2.267,0,0,0.925631991053491,-3.24380002325616,-7.35258482694466,3.70252796421397,-12.9752000930246,-29.4103393077786,0
2.268,0,0,0.922384514771627,-3.25115250666907,-7.35238199981603,3.68953805908651,-13.0046100266763,-29.4095279992641,0
2.269,0,0,0.919129686107761,-3.25850478725766,-7.35217917828255,3.67651874443105,-13.0340191490306,-29.4087167131302,0
2.27,0,0,0.915867505264718,-3.2658568650275,-7.35197636234407,3.66347002105887,-13.06342746011,-29.4079054493763,0
2.271,0,0,0.912597972445311,-3.27320873998421,-7.35177355200044,3.65039188978124,-13.0928349599368,-29.4070942080017,0
2.272,0,0,0.909321087852352,-3.28056041213337,-7.35157074725149,3.63728435140941,-13.1222416485335,-29.406282989006,0
2.273,0,0,0.906036851688645,-3.28791188148058,-7.35136794809709,3.62414740675458,-13.1516475259223,-29.4054717923884,0
2.274,0,0,0.902745264156989,-3.29526314803143,-7.35116515453706,3.61098105662796,-13.1810525921257,-29.4046606181483,0
2.275,0,0,0.899446325460179,-3.30261421179152,-7.35096236657127,3.59778530184072,-13.2104568471661,-29.4038494662851,0
2.276,0,0,0.896140035801002,-3.30996507276644,-7.35075958419955,3.58456014320401,-13.2398602910657,-29.4030383367982,0
2.277,0,0,0.892826395382239,-3.31731573096178,-7.35055680742175,3.57130558152896,-13.2692629238471,-29.402227229687,0
2.278,0,0,0.889505404406669,-3.32466618638314,-7.35035403623771,3.55802161762668,-13.2986647455326,-29.4014161449508,0
2.279,0,0,0.886177063077063,-3.33201643903612,-7.35015127064728,3.54470825230825,-13.3280657561445,-29.4006050825891,0
2.28,0,0,0.882841371596185,-3.3393664889263,-7.34994851065031,3.53136548638474,-13.3574659557052,-29.3997940426012,0
2.281,0,0,0.879498330166796,-3.34671633605929,-7.34974575624664,3.51799332066718,-13.3868653442371,-29.3989830249866,0
2.282,0,0,0.87614793899165,-3.35406598044066,-7.34954300743612,3.5045917559666,-13.4162639217626,-29.3981720297445,0
2.283,0,0,0.872790198273496,-3.36141542207602,-7.34934026421859,3.49116079309399,-13.4456616883041,-29.3973610568744,0
2.284,0,0,0.869425108215078,-3.36876466097096,-7.34913752659391,3.47770043286031,-13.4750586438838,-29.3965501063756,0
2.285,0,0,0.866052669019133,-3.37611369713107,-7.3489347945619,3.46421067607653,-13.5044547885243,-29.3957391782476,0
2.286,0,0,0.862672880888392,-3.38346253056195,-7.34873206812243,3.45069152355357,-13.5338501222478,-29.3949282724897,0
2.287,0,0,0.859285744025583,-3.39081116126918,-7.34852934727533,3.43714297610233,-13.5632446450767,-29.3941173891013,0
2.288,0,0,0.855891258633427,-3.39815958925837,-7.34832663202046,3.42356503453371,-13.5926383570335,-29.3933065280818,0
2.289,0,0,0.852489424914637,-3.40550781453509,-7.34812392235765,3.40995769965855,-13.6220312581404,-29.3924956894306,0
2.29,0,0,0.849080243071925,-3.41285583710494,-7.34792121828676,3.3963209722877,-13.6514233484198,-29.391684873147,0
2.291,0,0,0.845663713307995,-3.42020365697353,-7.34771851980763,3.38265485323198,-13.6808146278941,-29.3908740792305,0
2.292,0,0,0.842239835825544,-3.42755127414642,-7.3475158269201,3.36895934330217,-13.7102050965857,-29.3900633076804,0
2.293,0,0,0.838808610827265,-3.43489868862923,-7.34731313962402,3.35523444330906,-13.7395947545169,-29.3892525584961,0
2.294,0,0,0.835370038515847,-3.44224590042754,-7.34711045791924,3.34148015406339,-13.7689836017101,-29.388441831677,0
2.295,0,0,0.83192411909397,-3.44959290954693,-7.3469077818056,3.32769647637588,-13.7983716381877,-29.3876311272224,0
2.296,0,0,0.828470852764311,-3.45693971599301,-7.34670511128295,3.31388341105724,-13.827758863972,-29.3868204451318,0
2.297,0,0,0.82501023972954,-3.46428631977136,-7.34650244635114,3.30004095891816,-13.8571452790854,-29.3860097854045,0
2.298,0,0,0.821542280192322,-3.47163272088758,-7.34629978701,3.28616912076929,-13.8865308835503,-29.38519914804,0
2.299,0,0,0.818066974355317,-3.47897891934724,-7.34609713325939,3.27226789742127,-13.915915677389,-29.3843885330375,0
2.3,0,0,0.814584322421178,-3.48632491515596,-7.34589448509915,3.25833728968471,-13.9452996606238,-29.3835779403966,0
2.301,0,0,0.811094324592553,-3.49367070831931,-7.34569184252912,3.24437729837021,-13.9746828332772,-29.3827673701165,0
2.302,0,0,0.807596981072086,-3.50101629884288,-7.34548920554916,3.23038792428834,-14.0040651953715,-29.3819568221966,0
2.303,0,0,0.804092292062412,-3.50836168673227,-7.34528657415911,3.21636916824965,-14.0334467469291,-29.3811462966364,0
2.304,0,0,0.800580257766164,-3.51570687199306,-7.34508394835881,3.20232103106466,-14.0628274879722,-29.3803357934353,0
2.305,0,0,0.797060878385967,-3.52305185463085,-7.34488132814811,3.18824351354387,-14.0922074185234,-29.3795253125925,0
2.306,0,0,0.793534154124442,-3.53039663465122,-7.34467871352686,3.17413661649777,-14.1215865386049,-29.3787148541075,0
2.307,0,0,0.790000085184202,-3.53774121205977,-7.3444761044949,3.16000034073681,-14.1509648482391,-29.3779044179796,0
2.308,0,0,0.786458671767857,-3.54508558686207,-7.34427350105208,3.14583468707143,-14.1803423474483,-29.3770940042083,0
2.309,0,0,0.782909914078011,-3.55242975906373,-7.34407090319824,3.13163965631205,-14.2097190362549,-29.376283612793,0
2.31,0,0,0.779353812317262,-3.55977372867033,-7.34386831093323,3.11741524926905,-14.2390949146813,-29.3754732437329,0
2.311,0,0,0.775790366688201,-3.56711749568746,-7.3436657242569,3.1031614667528,-14.2684699827498,-29.3746628970276,0
2.312,0,0,0.772219577393415,-3.57446106012071,-7.34346314316908,3.08887830957366,-14.2978442404828,-29.3738525726763,0
2.313,0,0,0.768641444635485,-3.58180442197566,-7.34326056766964,3.07456577854194,-14.3272176879027,-29.3730422706785,0
2.314,0,0,0.765055968616988,-3.58914758125791,-7.3430579977584,3.06022387446795,-14.3565903250316,-29.3722319910336,0
2.315,0,0,0.761463149540492,-3.59649053797304,-7.34285543343523,3.04585259816197,-14.3859621518922,-29.3714217337409,0
2.316,0,0,0.757862987608562,-3.60383329212664,-7.34265287469996,3.03145195043425,-14.4153331685066,-29.3706114987998,0
2.317,0,0,0.754255483023757,-3.6111758437243,-7.34245032155243,3.01702193209503,-14.4447033748972,-29.3698012862097,0
2.318,0,0,0.75064063598863,-3.61851819277161,-7.34224777399251,3.00256254395452,-14.4740727710864,-29.36899109597,0
2.319,0,0,0.747018446705729,-3.62586033927415,-7.34204523202002,2.98807378682292,-14.5034413570966,-29.3681809280801,0
2.32,0,0,0.743388915377595,-3.63320228323751,-7.34184269563483,2.97355566151038,-14.5328091329501,-29.3673707825393,0
2.321,0,0,0.739752042206765,-3.64054402466728,-7.34164016483677,2.95900816882706,-14.5621760986691,-29.3665606593471,0
2.322,0,0,0.73610782739577,-3.64788556356905,-7.34143763962568,2.94443130958308,-14.5915422542762,-29.3657505585027,0
2.323,0,0,0.732456271147135,-3.6552268999484,-7.34123512000142,2.92982508458854,-14.6209075997936,-29.3649404800057,0
2.324,0,0,0.728797373663379,-3.66256803381092,-7.34103260596384,2.91518949465351,-14.6502721352437,-29.3641304238553,0
2.325,0,0,0.725131135147016,-3.66990896516219,-7.34083009751277,2.90052454058807,-14.6796358606488,-29.3633203900511,0
2.326,0,0,0.721457555800556,-3.6772496940078,-7.34062759464806,2.88583022320222,-14.7089987760312,-29.3625103785922,0
2.327,0,0,0.717776635826501,-3.68459022035335,-7.34042509736956,2.871106543306,-14.7383608814134,-29.3617003894783,0
2.328,0,0,0.714088375427348,-3.6919305442044,-7.34022260567712,2.85635350170939,-14.7677221768176,-29.3608904227085,0
2.329,0,0,0.710392774805588,-3.69927066556656,-7.34002011957058,2.84157109922235,-14.7970826622663,-29.3600804782823,0
2.33,0,0,0.706689834163709,-3.70661058444541,-7.33981763904978,2.82675933665484,-14.8264423377816,-29.3592705561991,0
2.331,0,0,0.70297955370419,-3.71395030084652,-7.33961516411458,2.81191821481676,-14.8558012033861,-29.3584606564583,0
2.332,0,0,0.699261933629507,-3.7212898147755,-7.33941269476481,2.79704773451803,-14.885159259102,-29.3576507790593,0
2.333,0,0,0.695536974142128,-3.72862912623791,-7.33921023100033,2.78214789656851,-14.9145165049517,-29.3568409240013,0
2.334,0,0,0.691804675444518,-3.73596823523936,-7.33900777282098,2.76721870177807,-14.9438729409574,-29.3560310912839,0
2.335,0,0,0.688065037739134,-3.74330714178542,-7.33880532022661,2.75226015095654,-14.9732285671417,-29.3552212809064,0
2.336,0,0,0.68431806122843,-3.75064584588167,-7.33860287321706,2.73727224491372,-15.0025833835267,-29.3544114928682,0
2.337,0,0,0.680563746114852,-3.75798434753371,-7.33840043179217,2.72225498445941,-15.0319373901349,-29.3536017271687,0
2.338,0,0,0.676802092600842,-3.76532264674712,-7.3381979959518,2.70720837040337,-15.0612905869885,-29.3527919838072,0
2.339,0,0,0.673033100888836,-3.77266074352748,-7.3379955656958,2.69213240355534,-15.0906429741099,-29.3519822627832,0
2.34,0,0,0.669256771181263,-3.77999863788037,-7.33779314102399,2.67702708472505,-15.1199945515215,-29.351172564096,0
2.341,0,0,0.665473103680549,-3.78733632981139,-7.33759072193624,2.6618924147222,-15.1493453192456,-29.350362887745,0
2.342,0,0,0.661682098589112,-3.79467381932611,-7.33738830843238,2.64672839435645,-15.1786952773044,-29.3495532337295,0
2.343,0,0,0.657883756109367,-3.80201110643011,-7.33718590051227,2.63153502443747,-15.2080444257205,-29.3487436020491,0
2.344,0,0,0.654078076443721,-3.80934819112899,-7.33698349817575,2.61631230577488,-15.237392764516,-29.347933992703,0
2.345,0,0,0.650265059794576,-3.81668507342833,-7.33678110142267,2.6010602391783,-15.2667402937133,-29.3471244056907,0
2.346,0,0,0.646444706364329,-3.8240217533337,-7.33657871025286,2.58577882545731,-15.2960870133348,-29.3463148410115,0
2.347,0,0,0.642617016355371,-3.83135823085069,-7.33637632466619,2.57046806542148,-15.3254329234028,-29.3455052986648,0
2.348,0,0,0.638781989970088,-3.83869450598489,-7.33617394466249,2.55512795988035,-15.3547780239396,-29.3446957786499,0
2.349,0,0,0.63493962741086,-3.84603057874188,-7.3359715702416,2.53975850964344,-15.3841223149675,-29.3438862809664,0
2.35,0,0,0.631089928880062,-3.85336644912724,-7.33576920140339,2.52435971552025,-15.4134657965089,-29.3430768056135,0
2.351,0,0,0.627232894580061,-3.86070211714655,-7.33556683814768,2.50893157832025,-15.4428084685862,-29.3422673525907,0
2.352,0,0,0.623368524713222,-3.86803758280539,-7.33536448047433,2.49347409885289,-15.4721503312216,-29.3414579218973,0
2.353,0,0,0.619496819481902,-3.87537284610936,-7.33516212838319,2.47798727792761,-15.5014913844374,-29.3406485135328,0
2.354,0,0,0.615617779088453,-3.88270790706402,-7.3349597818741,2.46247111635381,-15.5308316282561,-29.3398391274964,0
2.355,0,0,0.611731403735222,-3.89004276567497,-7.3347574409469,2.44692561494089,-15.5601710626999,-29.3390297637876,0
2.356,0,0,0.607837693624549,-3.89737742194778,-7.33455510560144,2.4313507744982,-15.5895096877911,-29.3382204224058,0
2.357,0,0,0.603936648958771,-3.90471187588803,-7.33435277583757,2.41574659583508,-15.6188475035521,-29.3374111033503,0
2.358,0,0,0.600028269940216,-3.91204612750131,-7.33415045165514,2.40011307976086,-15.6481845100052,-29.3366018066205,0
2.359,0,0,0.596112556771208,-3.9193801767932,-7.33394813305398,2.38445022708483,-15.6775207071728,-29.3357925322159,0
2.36,0,0,0.592189509654068,-3.92671402376928,-7.33374582003395,2.36875803861627,-15.7068560950771,-29.3349832801358,0
2.361,0,0,0.588259128791107,-3.93404766843513,-7.33354351259489,2.35303651516443,-15.7361906737405,-29.3341740503796,0
2.362,0,0,0.584321414384632,-3.94138111079633,-7.33334121073665,2.33728565753853,-15.7655244431853,-29.3333648429466,0
2.363,0,0,0.580376366636947,-3.94871435085846,-7.33313891445908,2.32150546654779,-15.7948574034338,-29.3325556578363,0
2.364,0,0,0.576423985750347,-3.95604738862711,-7.33293662376201,2.30569594300139,-15.8241895545084,-29.331746495048,0
2.365,0,0,0.572464271927122,-3.96338022410785,-7.3327343386453,2.28985708770849,-15.8535208964314,-29.3309373545812,0
2.366,0,0,0.568497225369558,-3.97071285730626,-7.33253205910879,2.27398890147823,-15.882851429225,-29.3301282364352,0
2.367,0,0,0.564522846279935,-3.97804528822792,-7.33232978515233,2.25809138511974,-15.9121811529117,-29.3293191406093,0
2.368,0,0,0.560541134860526,-3.98537751687842,-7.33212751677577,2.24216453944211,-15.9415100675137,-29.3285100671031,0
2.369,0,0,0.5565520913136,-3.99270954326333,-7.33192525397894,2.2262083652544,-15.9708381730533,-29.3277010159158,0
2.37,0,0,0.55255571584142,-4.00004136738824,-7.33172299676171,2.21022286336568,-16.000165469553,-29.3268919870468,0
2.371,0,0,0.548552008646242,-4.00737298925872,-7.3315207451239,2.19420803458497,-16.0294919570349,-29.3260829804956,0
2.372,0,0,0.544540969930319,-4.01470440888035,-7.33131849906537,2.17816387972127,-16.0588176355214,-29.3252739962615,0
2.373,0,0,0.540522599895896,-4.02203562625871,-7.33111625858597,2.16209039958358,-16.0881425050348,-29.3244650343439,0
2.374,0,0,0.536496898745214,-4.02936664139938,-7.33091402368554,2.14598759498086,-16.1174665655975,-29.3236560947421,0
2.375,0,0,0.532463866680508,-4.03669745430794,-7.33071179436392,2.12985546672203,-16.1467898172317,-29.3228471774557,0
2.376,0,0,0.528423503904007,-4.04402806498996,-7.33050957062097,2.11369401561603,-16.1761122599599,-29.3220382824839,0
2.377,0,0,0.524375810617935,-4.05135847345104,-7.33030735245652,2.09750324247174,-16.2054338938042,-29.3212294098261,0
2.378,0,0,0.52032078702451,-4.05868867969674,-7.33010513987044,2.08128314809804,-16.2347547187869,-29.3204205594817,0
2.379,0,0,0.516258433325945,-4.06601868373264,-7.32990293286255,2.06503373330378,-16.2640747349306,-29.3196117314502,0
2.38,0,0,0.512188749724446,-4.07334848556432,-7.32970073143271,2.04875499889778,-16.2933939422573,-29.3188029257308,0
2.381,0,0,0.508111736422216,-4.08067808519736,-7.32949853558076,2.03244694568886,-16.3227123407895,-29.3179941423231,0
2.382,0,0,0.504027393621449,-4.08800748263734,-7.32929634530656,2.0161095744858,-16.3520299305494,-29.3171853812262,0
2.383,0,0,0.499935721524337,-4.09533667788984,-7.32909416060994,1.99974288609735,-16.3813467115593,-29.3163766424397,0
2.384,0,0,0.495836720333063,-4.10266567096042,-7.32889198149075,1.98334688133225,-16.4106626838417,-29.315567925963,0
2.385,0,0,0.491730390249808,-4.10999446185468,-7.32868980794884,1.96692156099923,-16.4399778474187,-29.3147592317953,0
2.386,0,0,0.487616731476744,-4.11732305057818,-7.32848763998405,1.95046692590698,-16.4692922023127,-29.3139505599362,0
2.387,0,0,0.48349574421604,-4.1246514371365,-7.32828547759624,1.93398297686416,-16.498605748546,-29.3131419103849,0
2.388,0,0,0.479367428669858,-4.13197962153523,-7.32808332078524,1.91746971467943,-16.5279184861409,-29.3123332831409,0
2.389,0,0,0.475231785040354,-4.13930760377993,-7.3278811695509,1.90092714016142,-16.5572304151197,-29.3115246782036,0
2.39,0,0,0.471088813529681,-4.14663538387619,-7.32767902389307,1.88435525411872,-16.5865415355048,-29.3107160955723,0
2.391,0,0,0.466938514339983,-4.15396296182958,-7.3274768838116,1.86775405735993,-16.6158518473183,-29.3099075352464,0
2.392,0,0,0.462780887673401,-4.16129033764567,-7.32727474930633,1.8511235506936,-16.6451613505827,-29.3090989972253,0
2.393,0,0,0.458615933732069,-4.16861751133005,-7.3270726203771,1.83446373492828,-16.6744700453202,-29.3082904815084,0
2.394,0,0,0.454443652718116,-4.17594448288828,-7.32687049702377,1.81777461087246,-16.7037779315531,-29.3074819880951,0
2.395,0,0,0.450264044833666,-4.18327125232595,-7.32666837924618,1.80105617933466,-16.7330850093038,-29.3066735169847,0
2.396,0,0,0.446077110280836,-4.19059781964863,-7.32646626704418,1.78430844112334,-16.7623912785945,-29.3058650681767,0
2.397,0,0,0.441882849261738,-4.1979241848619,-7.3262641604176,1.76753139704695,-16.7916967394476,-29.3050566416704,0
2.398,0,0,0.43768126197848,-4.20525034797133,-7.32606205936631,1.75072504791392,-16.8210013918853,-29.3042482374652,0
2.399,0,0,0.433472348633162,-4.21257630898249,-7.32585996389014,1.73388939453265,-16.85030523593,-29.3034398555606,0
2.4,0,0,0.429256109427879,-4.21990206790097,-7.32565787398894,1.71702443771152,-16.8796082716039,-29.3026314959558,0
2.401,0,0,0.425032544564722,-4.22722762473233,-7.32545578966256,1.70013017825889,-16.9089104989293,-29.3018231586502,0
2.402,0,0,0.420801654245775,-4.23455297948215,-7.32525371091084,1.6832066169831,-16.9382119179286,-29.3010148436434,0
2.403,0,0,0.416563438673117,-4.24187813215601,-7.32505163773363,1.66625375469247,-16.967512528624,-29.3002065509345,0
2.404,0,0,0.41231789804882,-4.24920308275948,-7.32484957013077,1.64927159219528,-16.9968123310379,-29.2993982805231,0
2.405,0,0,0.408065032574952,-4.25652783129813,-7.32464750810212,1.63226013029981,-17.0261113251925,-29.2985900324085,0
2.406,0,0,0.403804842453577,-4.26385237777754,-7.32444545164752,1.61521936981431,-17.0554095111102,-29.2977818065901,0
2.407,0,0,0.399537327886749,-4.27117672220328,-7.32424340076681,1.59814931154699,-17.0847068888131,-29.2969736030672,0
2.408,0,0,0.395262489076519,-4.27850086458093,-7.32404135545984,1.58104995630608,-17.1140034583237,-29.2961654218394,0
2.409,0,0,0.390980326224934,-4.28582480491606,-7.32383931572646,1.56392130489974,-17.1432992196642,-29.2953572629058,0
2.41,0,0,0.386690839534033,-4.29314854321424,-7.3236372815665,1.54676335813613,-17.172594172857,-29.294549126266,0
2.411,0,0,0.38239402920585,-4.30047207948105,-7.32343525297983,1.5295761168234,-17.2018883179242,-29.2937410119193,0
2.412,0,0,0.378089895442413,-4.30779541372206,-7.32323322996629,1.51235958176965,-17.2311816548882,-29.2929329198652,0
2.413,0,0,0.373778438445746,-4.31511854594284,-7.32303121252572,1.49511375378298,-17.2604741837714,-29.2921248501029,0
2.414,0,0,0.369459658417865,-4.32244147614897,-7.32282920065796,1.47783863367146,-17.2897659045959,-29.2913168026318,0
2.415,0,0,0.365133555560784,-4.32976420434601,-7.32262719436287,1.46053422224314,-17.3190568173841,-29.2905087774515,0
2.416,0,0,0.360800130076508,-4.33708673053955,-7.32242519364029,1.44320052030603,-17.3483469221582,-29.2897007745612,0
2.417,0,0,0.356459382167038,-4.34440905473515,-7.32222319849007,1.42583752866815,-17.3776362189406,-29.2888927939603,0
2.418,0,0,0.352111312034368,-4.35173117693839,-7.32202120891204,1.40844524813747,-17.4069247077536,-29.2880848356482,0
2.419,0,0,0.34775591988049,-4.35905309715483,-7.32181922490607,1.39102367952196,-17.4362123886193,-29.2872768996243,0
2.42,0,0,0.343393205907386,-4.36637481539006,-7.321617246472,1.37357282362954,-17.4654992615602,-29.286468985888,0
2.421,0,0,0.339023170317035,-4.37369633164963,-7.32141527360967,1.35609268126814,-17.4947853265985,-29.2856610944387,0
2.422,0,0,0.33464581331141,-4.38101764593913,-7.32121330631892,1.33858325324564,-17.5240705837565,-29.2848532252757,0
2.423,0,0,0.330261135092478,-4.38833875826413,-7.32101134459961,1.32104454036991,-17.5533550330565,-29.2840453783984,0
2.424,0,0,0.325869135862201,-4.39565966863019,-7.32080938845158,1.3034765434488,-17.5826386745208,-29.2832375538063,0
2.425,0,0,0.321469815822535,-4.40298037704289,-7.32060743787468,1.28587926329014,-17.6119215081716,-29.2824297514987,0
2.426,0,0,0.317063175175431,-4.4103008835078,-7.32040549286875,1.26825270070173,-17.6412035340312,-29.281621971475,0
2.427,0,0,0.312649214122834,-4.41762118803048,-7.32020355343364,1.25059685649134,-17.6704847521219,-29.2808142137346,0
2.428,0,0,0.308227932866683,-4.42494129061652,-7.3200016195692,1.23291173146673,-17.6997651624661,-29.2800064782768,0
2.429,0,0,0.303799331608911,-4.43226119127148,-7.31979969127527,1.21519732643564,-17.7290447650859,-29.2791987651011,0
2.43,0,0,0.299363410551448,-4.43958089000093,-7.3195977685517,1.19745364220579,-17.7583235600037,-29.2783910742068,0
2.431,0,0,0.294920169896216,-4.44690038681044,-7.31939585139833,1.17968067958486,-17.7876015472418,-29.2775834055933,0
2.432,0,0,0.290469609845132,-4.45421968170558,-7.31919393981502,1.16187843938053,-17.8168787268223,-29.2767757592601,0
2.433,0,0,0.286011730600108,-4.46153877469193,-7.3189920338016,1.14404692240043,-17.8461550987677,-29.2759681352064,0
2.434,0,0,0.281546532363049,-4.46885766577504,-7.31879013335793,1.1261861294522,-17.8754306631002,-29.2751605334317,0
2.435,0,0,0.277074015335857,-4.4761763549605,-7.31858823848385,1.10829606134343,-17.904705419842,-29.2743529539354,0
2.436,0,0,0.272594179720426,-4.48349484225387,-7.3183863491792,1.0903767188817,-17.9339793690155,-29.2735453967168,0
2.437,0,0,0.268107025718645,-4.49081312766071,-7.31818446544384,1.07242810287458,-17.9632525106428,-29.2727378617754,0
2.438,0,0,0.263612553532398,-4.49813121118661,-7.31798258727761,1.05445021412959,-17.9925248447464,-29.2719303491104,0
2.439,0,0,0.259110763363563,-4.50544909283712,-7.31778071468036,1.03644305345425,-18.0217963713485,-29.2711228587214,0
2.44,0,0,0.254601655414013,-4.51276677261783,-7.31757884765192,1.01840662165605,-18.0510670904713,-29.2703153906077,0
2.441,0,0,0.250085229885616,-4.52008425053428,-7.31737698619216,1.00034091954246,-18.0803370021371,-29.2695079447686,0
2.442,0,0,0.245561486980231,-4.52740152659207,-7.31717513030091,0.982245947920925,-18.1096061063683,-29.2687005212036,0
2.443,0,0,0.241030426899716,-4.53471860079674,-7.31697327997802,0.964121707598864,-18.138874403187,-29.2678931199121,0
2.444,0,0,0.23649204984592,-4.54203547315388,-7.31677143522334,0.945968199383681,-18.1681418926155,-29.2670857408934,0
2.445,0,0,0.231946356020689,-4.54935214366905,-7.31656959603672,0.927785424082755,-18.1974085746762,-29.2662783841469,0
2.446,0,0,0.227393345625861,-4.55666861234781,-7.31636776241799,0.909573382503444,-18.2266744493912,-29.265471049672,0
2.447,0,0,0.22283301886327,-4.56398487919574,-7.31616593436701,0.891332075453081,-18.255939516783,-29.2646637374681,0
2.448,0,0,0.218265375934745,-4.5713009442184,-7.31596411188363,0.873061503738978,-18.2852037768736,-29.2638564475345,0
2.449,0,0,0.213690417042107,-4.57861680742136,-7.31576229496769,0.854761668168426,-18.3144672296854,-29.2630491798707,0
2.45,0,0,0.209108142387173,-4.58593246881019,-7.31556048361903,0.836432569548693,-18.3437298752408,-29.2622419344761,0
2.451,0,0,0.204518552171756,-4.59324792839046,-7.31535867783751,0.818074208687023,-18.3729917135618,-29.26143471135,0
2.452,0,0,0.19992164659766,-4.60056318616772,-7.31515687762296,0.79968658639064,-18.4022527446709,-29.2606275104918,0
2.453,0,0,0.195317425866686,-4.60787824214756,-7.31495508297524,0.781269703466744,-18.4315129685902,-29.259820331901,0
2.454,0,0,0.190705890180629,-4.61519309633553,-7.31475329389419,0.762823560722515,-18.4607723853421,-29.2590131755768,0
2.455,0,0,0.186087039741277,-4.6225077487372,-7.31455151037967,0.744348158965109,-18.4900309949488,-29.2582060415187,0
2.456,0,0,0.181460874750415,-4.62982219935814,-7.3143497324315,0.725843499001659,-18.5192887974326,-29.257398929726,0
2.457,0,0,0.176827395409819,-4.63713644820392,-7.31414796004955,0.707309581639277,-18.5485457928157,-29.2565918401982,0
2.458,0,0,0.172186601921263,-4.6444504952801,-7.31394619323365,0.688746407685053,-18.5778019811204,-29.2557847729346,0
2.459,0,0,0.167538494486514,-4.65176434059224,-7.31374443198366,0.670153977946055,-18.607057362369,-29.2549777279347,0
2.46,0,0,0.162883073307332,-4.65907798414592,-7.31354267629942,0.651532293229327,-18.6363119365837,-29.2541707051977,0
2.461,0,0,0.158220338585473,-4.6663914259467,-7.31334092618078,0.632881354341891,-18.6655657037868,-29.2533637047231,0
2.462,0,0,0.153550290522687,-4.67370466600014,-7.31313918162758,0.61420116209075,-18.6948186640005,-29.2525567265103,0
2.463,0,0,0.14887292932072,-4.68101770431181,-7.31293744263968,0.595491717282879,-18.7240708172472,-29.2517497705587,0
2.464,0,0,0.144188255181309,-4.68833054088727,-7.3127357092169,0.576753020725237,-18.7533221635491,-29.2509428368676,0
2.465,0,0,0.139496268306189,-4.6956431757321,-7.31253398135912,0.557985073224755,-18.7825727029284,-29.2501359254365,0
2.466,0,0,0.134796968897087,-4.70295560885184,-7.31233225906616,0.539187875588347,-18.8118224354074,-29.2493290362646,0
2.467,0,0,0.130090357155725,-4.71026784025208,-7.31213054233787,0.5203614286229,-18.8410713610083,-29.2485221693515,0
2.468,0,0,0.125376433283821,-4.71757986993838,-7.31192883117411,0.501505733135282,-18.8703194797535,-29.2477153246965,0
2.469,0,0,0.120655197483084,-4.72489169791629,-7.31172712557472,0.482620789932337,-18.8995667916651,-29.2469085022989,0
2.47,0,0,0.115926649955222,-4.73220332419138,-7.31152542553955,0.463706599820889,-18.9288132967655,-29.2461017021582,0
2.471,0,0,0.111190790901934,-4.73951474876922,-7.31132373106844,0.444763163607736,-18.9580589950769,-29.2452949242737,0
2.472,0,0,0.106447620524914,-4.74682597165537,-7.31112204216123,0.425790482099657,-18.9873038866215,-29.2444881686449,0
2.473,0,0,0.101697139025852,-4.7541369928554,-7.31092035881778,0.406788556103408,-19.0165479714216,-29.2436814352711,0
2.474,0,0,0.0969393466064304,-4.76144781237486,-7.31071868103794,0.387757386425722,-19.0457912494994,-29.2428747241517,0
2.475,0,0,0.0921742434683273,-4.76875843021933,-7.31051700882154,0.368696973873309,-19.0750337208773,-29.2420680352861,0
2.476,0,0,0.0874018298132149,-4.77606884639436,-7.31031534216843,0.34960731925286,-19.1042753855774,-29.2412613686737,0
2.477,0,0,0.0826221058427598,-4.78337906090552,-7.31011368107847,0.330488423371039,-19.1335162436221,-29.2404547243139,0
2.478,0,0,0.0778350717586233,-4.79068907375837,-7.30991202555149,0.311340287034493,-19.1627562950335,-29.239648102206,0
2.479,0,0,0.0730407277624607,-4.79799888495848,-7.30971037558735,0.292162911049843,-19.1919955398339,-29.2388415023494,0
2.48,0,0,0.0682390740559221,-4.8053084945114,-7.30950873118589,0.272956296223688,-19.2212339780456,-29.2380349247436,0
2.481,0,0,0.0634301108406518,-4.8126179024227,-7.30930709234696,0.253720443362607,-19.2504716096908,-29.2372283693878,0
2.482,0,0,0.0586138383182887,-4.81992710869795,-7.3091054590704,0.234455353273155,-19.2797084347918,-29.2364218362816,0
2.483,0,0,0.053790256690466,-4.8272361133427,-7.30890383135606,0.215161026761864,-19.3089444533708,-29.2356153254243,0
2.484,0,0,0.0489593661588116,-4.83454491636251,-7.30870220920379,0.195837464635246,-19.33817966545,-29.2348088368152,0
2.485,0,0,0.0441211669249475,-4.84185351776296,-7.30850059261344,0.17648466769979,-19.3674140710518,-29.2340023704537,0
2.486,0,0,0.0392756591904903,-4.84916191754959,-7.30829898158484,0.157102636761961,-19.3966476701984,-29.2331959263394,0
2.487,0,0,0.034422843157051,-4.85647011572798,-7.30809737611785,0.137691372628204,-19.4258804629119,-29.2323895044714,0
2.488,0,0,0.0295627190262352,-4.86377811230368,-7.30789577621231,0.118250876104941,-19.4551124492147,-29.2315831048492,0
2.489,0,0,0.0246952869996427,-4.87108590728226,-7.30769418186808,0.0987811479985709,-19.484343629129,-29.2307767274723,0
2.49,0,0,0.0198205472788679,-4.87839350066927,-7.30749259308499,0.0792821891154715,-19.5135740026771,-29.2299703723399,0
2.491,0,0,0.0149385000654995,-4.88570089247028,-7.30729100986289,0.059754000261998,-19.5428035698811,-29.2291640394516,0
2.492,0,0,0.0100491455611208,-4.89300808269085,-7.30708943220163,0.0401965822444832,-19.5720323307634,-29.2283577288065,0
2.493,0,0,0.00515248396730943,-4.90031507133654,-7.30688786010106,0.0206099358692377,-19.6012602853462,-29.2275514404042,0
2.494,0,0,0.000248515485637493,-4.90762185841291,-7.30668629356103,0.000994061942549973,-19.6304874336516,-29.2267451742441,0
2.495,0,0,0,0,0,0,0,0,539.55
2.496,0,0,0,0,0,0,0,0,539.55
2.497,0,0,0,0,0,0,0,0,539.55
2.498,0,0,0,0,0,0,0,0,539.55
2.499,0,0,0,0,0,0,0,0,539.55
2.5,0,0,0,0,0,0,0,0,539.55
2.501,0,0,0,0,0,0,0,0,539.55
2.502,0,0,0,0,0,0,0,0,539.55
2.503,0,0,0,0,0,0,0,0,539.55
2.504,0,0,0,0,0,0,0,0,539.55
2.505,0,0,0,0,0,0,0,0,539.55
2.506,0,0,0,0,0,0,0,0,539.55
2.507,0,0,0,0,0,0,0,0,539.55
2.508,0,0,0,0,0,0,0,0,539.55
2.509,0,0,0,0,0,0,0,0,539.55
2.51,0,0,0,0,0,0,0,0,539.55
2.511,0,0,0,0,0,0,0,0,539.55
2.512,0,0,0,0,0,0,0,0,539.55
2.513,0,0,0,0,0,0,0,0,539.55
2.514,0,0,0,0,0,0,0,0,539.55
2.515,0,0,0,0,0,0,0,0,539.55
2.516,0,0,0,0,0,0,0,0,539.55
2.517,0,0,0,0,0,0,0,0,539.55
2.518,0,0,0,0,0,0,0,0,539.55
2.519,0,0,0,0,0,0,0,0,539.55
2.52,0,0,0,0,0,0,0,0,539.55
2.521,0,0,0,0,0,0,0,0,539.55
2.522,0,0,0,0,0,0,0,0,539.55
2.523,0,0,0,0,0,0,0,0,539.55
2.524,0,0,0,0,0,0,0,0,539.55
2.525,0,0,0,0,0,0,0,0,539.55
2.526,0,0,0,0,0,0,0,0,539.55
2.527,0,0,0,0,0,0,0,0,539.55
2.528,0,0,0,0,0,0,0,0,539.55
2.529,0,0,0,0,0,0,0,0,539.55
2.53,0,0,0,0,0,0,0,0,539.55
2.531,0,0,0,0,0,0,0,0,539.55
2.532,0,0,0,0,0,0,0,0,539.55
2.533,0,0,0,0,0,0,0,0,539.55
2.534,0,0,0,0,0,0,0,0,539.55
2.535,0,0,0,0,0,0,0,0,539.55
2.536,0,0,0,0,0,0,0,0,539.55
2.537,0,0,0,0,0,0,0,0,539.55
2.538,0,0,0,0,0,0,0,0,539.55
2.539,0,0,0,0,0,0,0,0,539.55
2.54,0,0,0,0,0,0,0,0,539.55
2.541,0,0,0,0,0,0,0,0,539.55
2.542,0,0,0,0,0,0,0,0,539.55
2.543,0,0,0,0,0,0,0,0,539.55
2.544,0,0,0,0,0,0,0,0,539.55
2.545,0,0,0,0,0,0,0,0,539.55
2.546,0,0,0,0,0,0,0,0,539.55
2.547,0,0,0,0,0,0,0,0,539.55
2.548,0,0,0,0,0,0,0,0,539.55
2.549,0,0,0,0,0,0,0,0,539.55
2.55,0,0,0,0,0,0,0,0,539.55
2.551,0,0,0,0,0,0,0,0,539.55
2.552,0,0,0,0,0,0,0,0,539.55
2.553,0,0,0,0,0,0,0,0,539.55
2.554,0,0,0,0,0,0,0,0,539.55
2.555,0,0,0,0,0,0,0,0,539.55
2.556,0,0,0,0,0,0,0,0,539.55
2.557,0,0,0,0,0,0,0,0,539.55
2.558,0,0,0,0,0,0,0,0,539.55
2.559,0,0,0,0,0,0,0,0,539.55
2.56,0,0,0,0,0,0,0,0,539.55
2.561,0,0,0,0,0,0,0,0,539.55
2.562,0,0,0,0,0,0,0,0,539.55
2.563,0,0,0,0,0,0,0,0,539.55
2.564,0,0,0,0,0,0,0,0,539.55
2.565,0,0,0,0,0,0,0,0,539.55
2.566,0,0,0,0,0,0,0,0,539.55
2.567,0,0,0,0,0,0,0,0,539.55
2.568,0,0,0,0,0,0,0,0,539.55
2.569,0,0,0,0,0,0,0,0,539.55
2.57,0,0,0,0,0,0,0,0,539.55
2.571,0,0,0,0,0,0,0,0,539.55
2.572,0,0,0,0,0,0,0,0,539.55
2.573,0,0,0,0,0,0,0,0,539.55
2.574,0,0,0,0,0,0,0,0,539.55
2.575,0,0,0,0,0,0,0,0,539.55
2.576,0,0,0,0,0,0,0,0,539.55
2.577,0,0,0,0,0,0,0,0,539.55
2.578,0,0,0,0,0,0,0,0,539.55
2.579,0,0,0,0,0,0,0,0,539.55
2.58,0,0,0,0,0,0,0,0,539.55
2.581,0,0,0,0,0,0,0,0,539.55
2.582,0,0,0,0,0,0,0,0,539.55
2.583,0,0,0,0,0,0,0,0,539.55
2.584,0,0,0,0,0,0,0,0,539.55
2.585,0,0,0,0,0,0,0,0,539.55
2.586,0,0,0,0,0,0,0,0,539.55
2.587,0,0,0,0,0,0,0,0,539.55
2.588,0,0,0,0,0,0,0,0,539.55
2.589,0,0,0,0,0,0,0,0,539.55
2.59,0,0,0,0,0,0,0,0,539.55
2.591,0,0,0,0,0,0,0,0,539.55
2.592,0,0,0,0,0,0,0,0,539.55
2.593,0,0,0,0,0,0,0,0,539.55
2.594,0,0,0,0,0,0,0,0,539.55
2.595,0,0,0,0,0,0,0,0,539.55
2.596,0,0,0,0,0,0,0,0,539.55
2.597,0,0,0,0,0,0,0,0,539.55
2.598,0,0,0,0,0,0,0,0,539.55
2.599,0,0,0,0,0,0,0,0,539.55
2.6,0,0,0,0,0,0,0,0,539.55
2.601,0,0,0,0,0,0,0,0,539.55
2.602,0,0,0,0,0,0,0,0,539.55
2.603,0,0,0,0,0,0,0,0,539.55
2.604,0,0,0,0,0,0,0,0,539.55
2.605,0,0,0,0,0,0,0,0,539.55
2.606,0,0,0,0,0,0,0,0,539.55
2.607,0,0,0,0,0,0,0,0,539.55
2.608,0,0,0,0,0,0,0,0,539.55
2.609,0,0,0,0,0,0,0,0,539.55
2.61,0,0,0,0,0,0,0,0,539.55
2.611,0,0,0,0,0,0,0,0,539.55
2.612,0,0,0,0,0,0,0,0,539.55
2.613,0,0,0,0,0,0,0,0,539.55
2.614,0,0,0,0,0,0,0,0,539.55
2.615,0,0,0,0,0,0,0,0,539.55
2.616,0,0,0,0,0,0,0,0,539.55
2.617,0,0,0,0,0,0,0,0,539.55
2.618,0,0,0,0,0,0,0,0,539.55
2.619,0,0,0,0,0,0,0,0,539.55
2.62,0,0,0,0,0,0,0,0,539.55
2.621,0,0,0,0,0,0,0,0,539.55
2.622,0,0,0,0,0,0,0,0,539.55
2.623,0,0,0,0,0,0,0,0,539.55
2.624,0,0,0,0,0,0,0,0,539.55
2.625,0,0,0,0,0,0,0,0,539.55
2.626,0,0,0,0,0,0,0,0,539.55
2.627,0,0,0,0,0,0,0,0,539.55
2.628,0,0,0,0,0,0,0,0,539.55
2.629,0,0,0,0,0,0,0,0,539.55
2.63,0,0,0,0,0,0,0,0,539.55
2.631,0,0,0,0,0,0,0,0,539.55
2.632,0,0,0,0,0,0,0,0,539.55
2.633,0,0,0,0,0,0,0,0,539.55
2.634,0,0,0,0,0,0,0,0,539.55
2.635,0,0,0,0,0,0,0,0,539.55
2.636,0,0,0,0,0,0,0,0,539.55
2.637,0,0,0,0,0,0,0,0,539.55
2.638,0,0,0,0,0,0,0,0,539.55
2.639,0,0,0,0,0,0,0,0,539.55
2.64,0,0,0,0,0,0,0,0,539.55
2.641,0,0,0,0,0,0,0,0,539.55
2.642,0,0,0,0,0,0,0,0,539.55
2.643,0,0,0,0,0,0,0,0,539.55
2.644,0,0,0,0,0,0,0,0,539.55
2.645,0,0,0,0,0,0,0,0,539.55
2.646,0,0,0,0,0,0,0,0,539.55
2.647,0,0,0,0,0,0,0,0,539.55
2.648,0,0,0,0,0,0,0,0,539.55
2.649,0,0,0,0,0,0,0,0,539.55
2.65,0,0,0,0,0,0,0,0,539.55
2.651,0,0,0,0,0,0,0,0,539.55
2.652,0,0,0,0,0,0,0,0,539.55
2.653,0,0,0,0,0,0,0,0,539.55
2.654,0,0,0,0,0,0,0,0,539.55
2.655,0,0,0,0,0,0,0,0,539.55
2.656,0,0,0,0,0,0,0,0,539.55
2.657,0,0,0,0,0,0,0,0,539.55
2.658,0,0,0,0,0,0,0,0,539.55
2.659,0,0,0,0,0,0,0,0,539.55
2.66,0,0,0,0,0,0,0,0,539.55
2.661,0,0,0,0,0,0,0,0,539.55
2.662,0,0,0,0,0,0,0,0,539.55
2.663,0,0,0,0,0,0,0,0,539.55
2.664,0,0,0,0,0,0,0,0,539.55
2.665,0,0,0,0,0,0,0,0,539.55
2.666,0,0,0,0,0,0,0,0,539.55
2.667,0,0,0,0,0,0,0,0,539.55
2.668,0,0,0,0,0,0,0,0,539.55
2.669,0,0,0,0,0,0,0,0,539.55
2.67,0,0,0,0,0,0,0,0,539.55
2.671,0,0,0,0,0,0,0,0,539.55
2.672,0,0,0,0,0,0,0,0,539.55
2.673,0,0,0,0,0,0,0,0,539.55
2.674,0,0,0,0,0,0,0,0,539.55
2.675,0,0,0,0,0,0,0,0,539.55
2.676,0,0,0,0,0,0,0,0,539.55
2.677,0,0,0,0,0,0,0,0,539.55
2.678,0,0,0,0,0,0,0,0,539.55
2.679,0,0,0,0,0,0,0,0,539.55
2.68,0,0,0,0,0,0,0,0,539.55
2.681,0,0,0,0,0,0,0,0,539.55
2.682,0,0,0,0,0,0,0,0,539.55
2.683,0,0,0,0,0,0,0,0,539.55
2.684,0,0,0,0,0,0,0,0,539.55
2.685,0,0,0,0,0,0,0,0,539.55
2.686,0,0,0,0,0,0,0,0,539.55
2.687,0,0,0,0,0,0,0,0,539.55
2.688,0,0,0,0,0,0,0,0,539.55
2.689,0,0,0,0,0,0,0,0,539.55
2.69,0,0,0,0,0,0,0,0,539.55
2.691,0,0,0,0,0,0,0,0,539.55
2.692,0,0,0,0,0,0,0,0,539.55
2.693,0,0,0,0,0,0,0,0,539.55
2.694,0,0,0,0,0,0,0,0,539.55
2.695,0,0,0,0,0,0,0,0,539.55
2.696,0,0,0,0,0,0,0,0,539.55
2.697,0,0,0,0,0,0,0,0,539.55
2.698,0,0,0,0,0,0,0,0,539.55
2.699,0,0,0,0,0,0,0,0,539.55
2.7,0,0,0,0,0,0,0,0,539.55
2.701,0,0,0,0,0,0,0,0,539.55
2.702,0,0,0,0,0,0,0,0,539.55
2.703,0,0,0,0,0,0,0,0,539.55
2.704,0,0,0,0,0,0,0,0,539.55
2.705,0,0,0,0,0,0,0,0,539.55
2.706,0,0,0,0,0,0,0,0,539.55
2.707,0,0,0,0,0,0,0,0,539.55
2.708,0,0,0,0,0,0,0,0,539.55
2.709,0,0,0,0,0,0,0,0,539.55
2.71,0,0,0,0,0,0,0,0,539.55
2.711,0,0,0,0,0,0,0,0,539.55
2.712,0,0,0,0,0,0,0,0,539.55
2.713,0,0,0,0,0,0,0,0,539.55
2.714,0,0,0,0,0,0,0,0,539.55
2.715,0,0,0,0,0,0,0,0,539.55
2.716,0,0,0,0,0,0,0,0,539.55
2.717,0,0,0,0,0,0,0,0,539.55
2.718,0,0,0,0,0,0,0,0,539.55
2.719,0,0,0,0,0,0,0,0,539.55
2.72,0,0,0,0,0,0,0,0,539.55
2.721,0,0,0,0,0,0,0,0,539.55
2.722,0,0,0,0,0,0,0,0,539.55
2.723,0,0,0,0,0,0,0,0,539.55
2.724,0,0,0,0,0,0,0,0,539.55
2.725,0,0,0,0,0,0,0,0,539.55
2.726,0,0,0,0,0,0,0,0,539.55
2.727,0,0,0,0,0,0,0,0,539.55
2.728,0,0,0,0,0,0,0,0,539.55
2.729,0,0,0,0,0,0,0,0,539.55
2.73,0,0,0,0,0,0,0,0,539.55
2.731,0,0,0,0,0,0,0,0,539.55
2.732,0,0,0,0,0,0,0,0,539.55
2.733,0,0,0,0,0,0,0,0,539.55
2.734,0,0,0,0,0,0,0,0,539.55
2.735,0,0,0,0,0,0,0,0,539.55
2.736,0,0,0,0,0,0,0,0,539.55
2.737,0,0,0,0,0,0,0,0,539.55
2.738,0,0,0,0,0,0,0,0,539.55
2.739,0,0,0,0,0,0,0,0,539.55
2.74,0,0,0,0,0,0,0,0,539.55
2.741,0,0,0,0,0,0,0,0,539.55
2.742,0,0,0,0,0,0,0,0,539.55
2.743,0,0,0,0,0,0,0,0,539.55
2.744,0,0,0,0,0,0,0,0,539.55
2.745,0,0,0,0,0,0,0,0,539.55
2.746,0,0,0,0,0,0,0,0,539.55
2.747,0,0,0,0,0,0,0,0,539.55
2.748,0,0,0,0,0,0,0,0,539.55
2.749,0,0,0,0,0,0,0,0,539.55
2.75,0,0,0,0,0,0,0,0,539.55
2.751,0,0,0,0,0,0,0,0,539.55
2.752,0,0,0,0,0,0,0,0,539.55
2.753,0,0,0,0,0,0,0,0,539.55
2.754,0,0,0,0,0,0,0,0,539.55
2.755,0,0,0,0,0,0,0,0,539.55
2.756,0,0,0,0,0,0,0,0,539.55
2.757,0,0,0,0,0,0,0,0,539.55
2.758,0,0,0,0,0,0,0,0,539.55
2.759,0,0,0,0,0,0,0,0,539.55
2.76,0,0,0,0,0,0,0,0,539.55
2.761,0,0,0,0,0,0,0,0,539.55
2.762,0,0,0,0,0,0,0,0,539.55
2.763,0,0,0,0,0,0,0,0,539.55
2.764,0,0,0,0,0,0,0,0,539.55
2.765,0,0,0,0,0,0,0,0,539.55
2.766,0,0,0,0,0,0,0,0,539.55
2.767,0,0,0,0,0,0,0,0,539.55
2.768,0,0,0,0,0,0,0,0,539.55
2.769,0,0,0,0,0,0,0,0,539.55
2.77,0,0,0,0,0,0,0,0,539.55
2.771,0,0,0,0,0,0,0,0,539.55
2.772,0,0,0,0,0,0,0,0,539.55
2.773,0,0,0,0,0,0,0,0,539.55
2.774,0,0,0,0,0,0,0,0,539.55
2.775,0,0,0,0,0,0,0,0,539.55
2.776,0,0,0,0,0,0,0,0,539.55
2.777,0,0,0,0,0,0,0,0,539.55
2.778,0,0,0,0,0,0,0,0,539.55
2.779,0,0,0,0,0,0,0,0,539.55
2.78,0,0,0,0,0,0,0,0,539.55
2.781,0,0,0,0,0,0,0,0,539.55
2.782,0,0,0,0,0,0,0,0,539.55
2.783,0,0,0,0,0,0,0,0,539.55
2.784,0,0,0,0,0,0,0,0,539.55
2.785,0,0,0,0,0,0,0,0,539.55
2.786,0,0,0,0,0,0,0,0,539.55
2.787,0,0,0,0,0,0,0,0,539.55
2.788,0,0,0,0,0,0,0,0,539.55
2.789,0,0,0,0,0,0,0,0,539.55
2.79,0,0,0,0,0,0,0,0,539.55
2.791,0,0,0,0,0,0,0,0,539.55
2.792,0,0,0,0,0,0,0,0,539.55
2.793,0,0,0,0,0,0,0,0,539.55
2.794,0,0,0,0,0,0,0,0,539.55
2.795,0,0,0,0,0,0,0,0,539.55
2.796,0,0,0,0,0,0,0,0,539.55
2.797,0,0,0,0,0,0,0,0,539.55
2.798,0,0,0,0,0,0,0,0,539.55
2.799,0,0,0,0,0,0,0,0,539.55
2.8,0,0,0,0,0,0,0,0,539.55
2.801,0,0,0,0,0,0,0,0,539.55
2.802,0,0,0,0,0,0,0,0,539.55
2.803,0,0,0,0,0,0,0,0,539.55
2.804,0,0,0,0,0,0,0,0,539.55
2.805,0,0,0,0,0,0,0,0,539.55
2.806,0,0,0,0,0,0,0,0,539.55
2.807,0,0,0,0,0,0,0,0,539.55
2.808,0,0,0,0,0,0,0,0,539.55
2.809,0,0,0,0,0,0,0,0,539.55
2.81,0,0,0,0,0,0,0,0,539.55
2.811,0,0,0,0,0,0,0,0,539.55
2.812,0,0,0,0,0,0,0,0,539.55
2.813,0,0,0,0,0,0,0,0,539.55
2.814,0,0,0,0,0,0,0,0,539.55
2.815,0,0,0,0,0,0,0,0,539.55
2.816,0,0,0,0,0,0,0,0,539.55
2.817,0,0,0,0,0,0,0,0,539.55
2.818,0,0,0,0,0,0,0,0,539.55
2.819,0,0,0,0,0,0,0,0,539.55
2.82,0,0,0,0,0,0,0,0,539.55
2.821,0,0,0,0,0,0,0,0,539.55
2.822,0,0,0,0,0,0,0,0,539.55
2.823,0,0,0,0,0,0,0,0,539.55
2.824,0,0,0,0,0,0,0,0,539.55
2.825,0,0,0,0,0,0,0,0,539.55
2.826,0,0,0,0,0,0,0,0,539.55
2.827,0,0,0,0,0,0,0,0,539.55
2.828,0,0,0,0,0,0,0,0,539.55
2.829,0,0,0,0,0,0,0,0,539.55
2.83,0,0,0,0,0,0,0,0,539.55
2.831,0,0,0,0,0,0,0,0,539.55
2.832,0,0,0,0,0,0,0,0,539.55
2.833,0,0,0,0,0,0,0,0,539.55
2.834,0,0,0,0,0,0,0,0,539.55
2.835,0,0,0,0,0,0,0,0,539.55
2.836,0,0,0,0,0,0,0,0,539.55
2.837,0,0,0,0,0,0,0,0,539.55
2.838,0,0,0,0,0,0,0,0,539.55
2.839,0,0,0,0,0,0,0,0,539.55
2.84,0,0,0,0,0,0,0,0,539.55
2.841,0,0,0,0,0,0,0,0,539.55
2.842,0,0,0,0,0,0,0,0,539.55
2.843,0,0,0,0,0,0,0,0,539.55
2.844,0,0,0,0,0,0,0,0,539.55
2.845,0,0,0,0,0,0,0,0,539.55
2.846,0,0,0,0,0,0,0,0,539.55
2.847,0,0,0,0,0,0,0,0,539.55
2.848,0,0,0,0,0,0,0,0,539.55
2.849,0,0,0,0,0,0,0,0,539.55
2.85,0,0,0,0,0,0,0,0,539.55
2.851,0,0,0,0,0,0,0,0,539.55
2.852,0,0,0,0,0,0,0,0,539.55
2.853,0,0,0,0,0,0,0,0,539.55
2.854,0,0,0,0,0,0,0,0,539.55
2.855,0,0,0,0,0,0,0,0,539.55
2.856,0,0,0,0,0,0,0,0,539.55
2.857,0,0,0,0,0,0,0,0,539.55
2.858,0,0,0,0,0,0,0,0,539.55
2.859,0,0,0,0,0,0,0,0,539.55
2.86,0,0,0,0,0,0,0,0,539.55
2.861,0,0,0,0,0,0,0,0,539.55
2.862,0,0,0,0,0,0,0,0,539.55
2.863,0,0,0,0,0,0,0,0,539.55
2.864,0,0,0,0,0,0,0,0,539.55
2.865,0,0,0,0,0,0,0,0,539.55
2.866,0,0,0,0,0,0,0,0,539.55
2.867,0,0,0,0,0,0,0,0,539.55
2.868,0,0,0,0,0,0,0,0,539.55
2.869,0,0,0,0,0,0,0,0,539.55
2.87,0,0,0,0,0,0,0,0,539.55
2.871,0,0,0,0,0,0,0,0,539.55
2.872,0,0,0,0,0,0,0,0,539.55
2.873,0,0,0,0,0,0,0,0,539.55
2.874,0,0,0,0,0,0,0,0,539.55
2.875,0,0,0,0,0,0,0,0,539.55
2.876,0,0,0,0,0,0,0,0,539.55
2.877,0,0,0,0,0,0,0,0,539.55
2.878,0,0,0,0,0,0,0,0,539.55
2.879,0,0,0,0,0,0,0,0,539.55
2.88,0,0,0,0,0,0,0,0,539.55
2.881,0,0,0,0,0,0,0,0,539.55
2.882,0,0,0,0,0,0,0,0,539.55
2.883,0,0,0,0,0,0,0,0,539.55
2.884,0,0,0,0,0,0,0,0,539.55
2.885,0,0,0,0,0,0,0,0,539.55
2.886,0,0,0,0,0,0,0,0,539.55
2.887,0,0,0,0,0,0,0,0,539.55
2.888,0,0,0,0,0,0,0,0,539.55
2.889,0,0,0,0,0,0,0,0,539.55
2.89,0,0,0,0,0,0,0,0,539.55
2.891,0,0,0,0,0,0,0,0,539.55
2.892,0,0,0,0,0,0,0,0,539.55
2.893,0,0,0,0,0,0,0,0,539.55
2.894,0,0,0,0,0,0,0,0,539.55
2.895,0,0,0,0,0,0,0,0,539.55
2.896,0,0,0,0,0,0,0,0,539.55
2.897,0,0,0,0,0,0,0,0,539.55
2.898,0,0,0,0,0,0,0,0,539.55
2.899,0,0,0,0,0,0,0,0,539.55
2.9,0,0,0,0,0,0,0,0,539.55
2.901,0,0,0,0,0,0,0,0,539.55
2.902,0,0,0,0,0,0,0,0,539.55
2.903,0,0,0,0,0,0,0,0,539.55
2.904,0,0,0,0,0,0,0,0,539.55
2.905,0,0,0,0,0,0,0,0,539.55
2.906,0,0,0,0,0,0,0,0,539.55
2.907,0,0,0,0,0,0,0,0,539.55
2.908,0,0,0,0,0,0,0,0,539.55
2.909,0,0,0,0,0,0,0,0,539.55
2.91,0,0,0,0,0,0,0,0,539.55
2.911,0,0,0,0,0,0,0,0,539.55
2.912,0,0,0,0,0,0,0,0,539.55
2.913,0,0,0,0,0,0,0,0,539.55
2.914,0,0,0,0,0,0,0,0,539.55
2.915,0,0,0,0,0,0,0,0,539.55
2.916,0,0,0,0,0,0,0,0,539.55
2.917,0,0,0,0,0,0,0,0,539.55
2.918,0,0,0,0,0,0,0,0,539.55
2.919,0,0,0,0,0,0,0,0,539.55
2.92,0,0,0,0,0,0,0,0,539.55
2.921,0,0,0,0,0,0,0,0,539.55
2.922,0,0,0,0,0,0,0,0,539.55
2.923,0,0,0,0,0,0,0,0,539.55
2.924,0,0,0,0,0,0,0,0,539.55
2.925,0,0,0,0,0,0,0,0,539.55
2.926,0,0,0,0,0,0,0,0,539.55
2.927,0,0,0,0,0,0,0,0,539.55
2.928,0,0,0,0,0,0,0,0,539.55
2.929,0,0,0,0,0,0,0,0,539.55
2.93,0,0,0,0,0,0,0,0,539.55
2.931,0,0,0,0,0,0,0,0,539.55
2.932,0,0,0,0,0,0,0,0,539.55
2.933,0,0,0,0,0,0,0,0,539.55
2.934,0,0,0,0,0,0,0,0,539.55
2.935,0,0,0,0,0,0,0,0,539.55
2.936,0,0,0,0,0,0,0,0,539.55
2.937,0,0,0,0,0,0,0,0,539.55
2.938,0,0,0,0,0,0,0,0,539.55
2.939,0,0,0,0,0,0,0,0,539.55
2.94,0,0,0,0,0,0,0,0,539.55
2.941,0,0,0,0,0,0,0,0,539.55
2.942,0,0,0,0,0,0,0,0,539.55
2.943,0,0,0,0,0,0,0,0,539.55
2.944,0,0,0,0,0,0,0,0,539.55
2.945,0,0,0,0,0,0,0,0,539.55
2.946,0,0,0,0,0,0,0,0,539.55
2.947,0,0,0,0,0,0,0,0,539.55
2.948,0,0,0,0,0,0,0,0,539.55
2.949,0,0,0,0,0,0,0,0,539.55
2.95,0,0,0,0,0,0,0,0,539.55
2.951,0,0,0,0,0,0,0,0,539.55
2.952,0,0,0,0,0,0,0,0,539.55
2.953,0,0,0,0,0,0,0,0,539.55
2.954,0,0,0,0,0,0,0,0,539.55
2.955,0,0,0,0,0,0,0,0,539.55
2.956,0,0,0,0,0,0,0,0,539.55
2.957,0,0,0,0,0,0,0,0,539.55
2.958,0,0,0,0,0,0,0,0,539.55
2.959,0,0,0,0,0,0,0,0,539.55
2.96,0,0,0,0,0,0,0,0,539.55
2.961,0,0,0,0,0,0,0,0,539.55
2.962,0,0,0,0,0,0,0,0,539.55
2.963,0,0,0,0,0,0,0,0,539.55
2.964,0,0,0,0,0,0,0,0,539.55
2.965,0,0,0,0,0,0,0,0,539.55
2.966,0,0,0,0,0,0,0,0,539.55
2.967,0,0,0,0,0,0,0,0,539.55
2.968,0,0,0,0,0,0,0,0,539.55
2.969,0,0,0,0,0,0,0,0,539.55
2.97,0,0,0,0,0,0,0,0,539.55
2.971,0,0,0,0,0,0,0,0,539.55
2.972,0,0,0,0,0,0,0,0,539.55
2.973,0,0,0,0,0,0,0,0,539.55
2.974,0,0,0,0,0,0,0,0,539.55
2.975,0,0,0,0,0,0,0,0,539.55
2.976,0,0,0,0,0,0,0,0,539.55
2.977,0,0,0,0,0,0,0,0,539.55
2.978,0,0,0,0,0,0,0,0,539.55
2.979,0,0,0,0,0,0,0,0,539.55
2.98,0,0,0,0,0,0,0,0,539.55
2.981,0,0,0,0,0,0,0,0,539.55
2.982,0,0,0,0,0,0,0,0,539.55
2.983,0,0,0,0,0,0,0,0,539.55
2.984,0,0,0,0,0,0,0,0,539.55
2.985,0,0,0,0,0,0,0,0,539.55
2.986,0,0,0,0,0,0,0,0,539.55
2.987,0,0,0,0,0,0,0,0,539.55
2.988,0,0,0,0,0,0,0,0,539.55
2.989,0,0,0,0,0,0,0,0,539.55
2.99,0,0,0,0,0,0,0,0,539.55
2.991,0,0,0,0,0,0,0,0,539.55
2.992,0,0,0,0,0,0,0,0,539.55
2.993,0,0,0,0,0,0,0,0,539.55
2.994,0,0,0,0,0,0,0,0,539.55
2.995,0,0,0,0,0,0,0,0,539.55
2.996,0,0,0,0,0,0,0,0,539.55
2.997,0,0,0,0,0,0,0,0,539.55
2.998,0,0,0,0,0,0,0,0,539.55
2.999,0,0,0,0,0,0,0,0,539.55
3,0,0,0,0,0,0,0,0,539.55
3.001,0,0,0,0,0,0,0,0,539.55
3.002,0,0,0,0,0,0,0,0,539.55
3.003,0,0,0,0,0,0,0,0,539.55
3.004,0,0,0,0,0,0,0,0,539.55
3.005,0,0,0,0,0,0,0,0,539.55
3.006,0,0,0,0,0,0,0,0,539.55
3.007,0,0,0,0,0,0,0,0,539.55
3.008,0,0,0,0,0,0,0,0,539.55
3.009,0,0,0,0,0,0,0,0,539.55
3.01,0,0,0,0,0,0,0,0,539.55
3.011,0,0,0,0,0,0,0,0,539.55
3.012,0,0,0,0,0,0,0,0,539.55
3.013,0,0,0,0,0,0,0,0,539.55
3.014,0,0,0,0,0,0,0,0,539.55
3.015,0,0,0,0,0,0,0,0,539.55
3.016,0,0,0,0,0,0,0,0,539.55
3.017,0,0,0,0,0,0,0,0,539.55
3.018,0,0,0,0,0,0,0,0,539.55
3.019,0,0,0,0,0,0,0,0,539.55
3.02,0,0,0,0,0,0,0,0,539.55
3.021,0,0,0,0,0,0,0,0,539.55
3.022,0,0,0,0,0,0,0,0,539.55
3.023,0,0,0,0,0,0,0,0,539.55
3.024,0,0,0,0,0,0,0,0,539.55
3.025,0,0,0,0,0,0,0,0,539.55
3.026,0,0,0,0,0,0,0,0,539.55
3.027,0,0,0,0,0,0,0,0,539.55
3.028,0,0,0,0,0,0,0,0,539.55
3.029,0,0,0,0,0,0,0,0,539.55
3.03,0,0,0,0,0,0,0,0,539.55
3.031,0,0,0,0,0,0,0,0,539.55
3.032,0,0,0,0,0,0,0,0,539.55
3.033,0,0,0,0,0,0,0,0,539.55
3.034,0,0,0,0,0,0,0,0,539.55
3.035,0,0,0,0,0,0,0,0,539.55
3.036,0,0,0,0,0,0,0,0,539.55
3.037,0,0,0,0,0,0,0,0,539.55
3.038,0,0,0,0,0,0,0,0,539.55
3.039,0,0,0,0,0,0,0,0,539.55
3.04,0,0,0,0,0,0,0,0,539.55
3.041,0,0,0,0,0,0,0,0,539.55
3.042,0,0,0,0,0,0,0,0,539.55
3.043,0,0,0,0,0,0,0,0,539.55
3.044,0,0,0,0,0,0,0,0,539.55
3.045,0,0,0,0,0,0,0,0,539.55
3.046,0,0,0,0,0,0,0,0,539.55
3.047,0,0,0,0,0,0,0,0,539.55
3.048,0,0,0,0,0,0,0,0,539.55
3.049,0,0,0,0,0,0,0,0,539.55
3.05,0,0,0,0,0,0,0,0,539.55
3.051,0,0,0,0,0,0,0,0,539.55
3.052,0,0,0,0,0,0,0,0,539.55
3.053,0,0,0,0,0,0,0,0,539.55
3.054,0,0,0,0,0,0,0,0,539.55
3.055,0,0,0,0,0,0,0,0,539.55
3.056,0,0,0,0,0,0,0,0,539.55
3.057,0,0,0,0,0,0,0,0,539.55
3.058,0,0,0,0,0,0,0,0,539.55
3.059,0,0,0,0,0,0,0,0,539.55
3.06,0,0,0,0,0,0,0,0,539.55
3.061,0,0,0,0,0,0,0,0,539.55
3.062,0,0,0,0,0,0,0,0,539.55
3.063,0,0,0,0,0,0,0,0,539.55
3.064,0,0,0,0,0,0,0,0,539.55
3.065,0,0,0,0,0,0,0,0,539.55
3.066,0,0,0,0,0,0,0,0,539.55
3.067,0,0,0,0,0,0,0,0,539.55
3.068,0,0,0,0,0,0,0,0,539.55
3.069,0,0,0,0,0,0,0,0,539.55
3.07,0,0,0,0,0,0,0,0,539.55
3.071,0,0,0,0,0,0,0,0,539.55
3.072,0,0,0,0,0,0,0,0,539.55
3.073,0,0,0,0,0,0,0,0,539.55
3.074,0,0,0,0,0,0,0,0,539.55
3.075,0,0,0,0,0,0,0,0,539.55
3.076,0,0,0,0,0,0,0,0,539.55
3.077,0,0,0,0,0,0,0,0,539.55
3.078,0,0,0,0,0,0,0,0,539.55
3.079,0,0,0,0,0,0,0,0,539.55
3.08,0,0,0,0,0,0,0,0,539.55
3.081,0,0,0,0,0,0,0,0,539.55
3.082,0,0,0,0,0,0,0,0,539.55
3.083,0,0,0,0,0,0,0,0,539.55
3.084,0,0,0,0,0,0,0,0,539.55
3.085,0,0,0,0,0,0,0,0,539.55
3.086,0,0,0,0,0,0,0,0,539.55
3.087,0,0,0,0,0,0,0,0,539.55
3.088,0,0,0,0,0,0,0,0,539.55
3.089,0,0,0,0,0,0,0,0,539.55
3.09,0,0,0,0,0,0,0,0,539.55
3.091,0,0,0,0,0,0,0,0,539.55
3.092,0,0,0,0,0,0,0,0,539.55
3.093,0,0,0,0,0,0,0,0,539.55
3.094,0,0,0,0,0,0,0,0,539.55
3.095,0,0,0,0,0,0,0,0,539.55
3.096,0,0,0,0,0,0,0,0,539.55
3.097,0,0,0,0,0,0,0,0,539.55
3.098,0,0,0,0,0,0,0,0,539.55
3.099,0,0,0,0,0,0,0,0,539.55
3.1,0,0,0,0,0,0,0,0,539.55
3.101,0,0,0,0,0,0,0,0,539.55
3.102,0,0,0,0,0,0,0,0,539.55
3.103,0,0,0,0,0,0,0,0,539.55
3.104,0,0,0,0,0,0,0,0,539.55
3.105,0,0,0,0,0,0,0,0,539.55
3.106,0,0,0,0,0,0,0,0,539.55
3.107,0,0,0,0,0,0,0,0,539.55
3.108,0,0,0,0,0,0,0,0,539.55
3.109,0,0,0,0,0,0,0,0,539.55
3.11,0,0,0,0,0,0,0,0,539.55
3.111,0,0,0,0,0,0,0,0,539.55
3.112,0,0,0,0,0,0,0,0,539.55
3.113,0,0,0,0,0,0,0,0,539.55
3.114,0,0,0,0,0,0,0,0,539.55
3.115,0,0,0,0,0,0,0,0,539.55
3.116,0,0,0,0,0,0,0,0,539.55
3.117,0,0,0,0,0,0,0,0,539.55
3.118,0,0,0,0,0,0,0,0,539.55
3.119,0,0,0,0,0,0,0,0,539.55
3.12,0,0,0,0,0,0,0,0,539.55
3.121,0,0,0,0,0,0,0,0,539.55
3.122,0,0,0,0,0,0,0,0,539.55
3.123,0,0,0,0,0,0,0,0,539.55
3.124,0,0,0,0,0,0,0,0,539.55
3.125,0,0,0,0,0,0,0,0,539.55
3.126,0,0,0,0,0,0,0,0,539.55
3.127,0,0,0,0,0,0,0,0,539.55
3.128,0,0,0,0,0,0,0,0,539.55
3.129,0,0,0,0,0,0,0,0,539.55
3.13,0,0,0,0,0,0,0,0,539.55
3.131,0,0,0,0,0,0,0,0,539.55
3.132,0,0,0,0,0,0,0,0,539.55
3.133,0,0,0,0,0,0,0,0,539.55
3.134,0,0,0,0,0,0,0,0,539.55
3.135,0,0,0,0,0,0,0,0,539.55
3.136,0,0,0,0,0,0,0,0,539.55
3.137,0,0,0,0,0,0,0,0,539.55
3.138,0,0,0,0,0,0,0,0,539.55
3.139,0,0,0,0,0,0,0,0,539.55
3.14,0,0,0,0,0,0,0,0,539.55
3.141,0,0,0,0,0,0,0,0,539.55
3.142,0,0,0,0,0,0,0,0,539.55
3.143,0,0,0,0,0,0,0,0,539.55
3.144,0,0,0,0,0,0,0,0,539.55
3.145,0,0,0,0,0,0,0,0,539.55
3.146,0,0,0,0,0,0,0,0,539.55
3.147,0,0,0,0,0,0,0,0,539.55
3.148,0,0,0,0,0,0,0,0,539.55
3.149,0,0,0,0,0,0,0,0,539.55
3.15,0,0,0,0,0,0,0,0,539.55
3.151,0,0,0,0,0,0,0,0,539.55
3.152,0,0,0,0,0,0,0,0,539.55
3.153,0,0,0,0,0,0,0,0,539.55
3.154,0,0,0,0,0,0,0,0,539.55
3.155,0,0,0,0,0,0,0,0,539.55
3.156,0,0,0,0,0,0,0,0,539.55
3.157,0,0,0,0,0,0,0,0,539.55
3.158,0,0,0,0,0,0,0,0,539.55
3.159,0,0,0,0,0,0,0,0,539.55
3.16,0,0,0,0,0,0,0,0,539.55
3.161,0,0,0,0,0,0,0,0,539.55
3.162,0,0,0,0,0,0,0,0,539.55
3.163,0,0,0,0,0,0,0,0,539.55
3.164,0,0,0,0,0,0,0,0,539.55
3.165,0,0,0,0,0,0,0,0,539.55
3.166,0,0,0,0,0,0,0,0,539.55
3.167,0,0,0,0,0,0,0,0,539.55
3.168,0,0,0,0,0,0,0,0,539.55
3.169,0,0,0,0,0,0,0,0,539.55
3.17,0,0,0,0,0,0,0,0,539.55
3.171,0,0,0,0,0,0,0,0,539.55
3.172,0,0,0,0,0,0,0,0,539.55
3.173,0,0,0,0,0,0,0,0,539.55
3.174,0,0,0,0,0,0,0,0,539.55
3.175,0,0,0,0,0,0,0,0,539.55
3.176,0,0,0,0,0,0,0,0,539.55
3.177,0,0,0,0,0,0,0,0,539.55
3.178,0,0,0,0,0,0,0,0,539.55
3.179,0,0,0,0,0,0,0,0,539.55
3.18,0,0,0,0,0,0,0,0,539.55
3.181,0,0,0,0,0,0,0,0,539.55
3.182,0,0,0,0,0,0,0,0,539.55
3.183,0,0,0,0,0,0,0,0,539.55
3.184,0,0,0,0,0,0,0,0,539.55
3.185,0,0,0,0,0,0,0,0,539.55
3.186,0,0,0,0,0,0,0,0,539.55
3.187,0,0,0,0,0,0,0,0,539.55
3.188,0,0,0,0,0,0,0,0,539.55
3.189,0,0,0,0,0,0,0,0,539.55
3.19,0,0,0,0,0,0,0,0,539.55
3.191,0,0,0,0,0,0,0,0,539.55
3.192,0,0,0,0,0,0,0,0,539.55
3.193,0,0,0,0,0,0,0,0,539.55
3.194,0,0,0,0,0,0,0,0,539.55
3.195,0,0,0,0,0,0,0,0,539.55
3.196,0,0,0,0,0,0,0,0,539.55
3.197,0,0,0,0,0,0,0,0,539.55
3.198,0,0,0,0,0,0,0,0,539.55
3.199,0,0,0,0,0,0,0,0,539.55
3.2,0,0,0,0,0,0,0,0,539.55
3.201,0,0,0,0,0,0,0,0,539.55
3.202,0,0,0,0,0,0,0,0,539.55
3.203,0,0,0,0,0,0,0,0,539.55
3.204,0,0,0,0,0,0,0,0,539.55
3.205,0,0,0,0,0,0,0,0,539.55
3.206,0,0,0,0,0,0,0,0,539.55
3.207,0,0,0,0,0,0,0,0,539.55
3.208,0,0,0,0,0,0,0,0,539.55
3.209,0,0,0,0,0,0,0,0,539.55
3.21,0,0,0,0,0,0,0,0,539.55
3.211,0,0,0,0,0,0,0,0,539.55
3.212,0,0,0,0,0,0,0,0,539.55
3.213,0,0,0,0,0,0,0,0,539.55
3.214,0,0,0,0,0,0,0,0,539.55
3.215,0,0,0,0,0,0,0,0,539.55
3.216,0,0,0,0,0,0,0,0,539.55
3.217,0,0,0,0,0,0,0,0,539.55
3.218,0,0,0,0,0,0,0,0,539.55
3.219,0,0,0,0,0,0,0,0,539.55
3.22,0,0,0,0,0,0,0,0,539.55
3.221,0,0,0,0,0,0,0,0,539.55
3.222,0,0,0,0,0,0,0,0,539.55
3.223,0,0,0,0,0,0,0,0,539.55
3.224,0,0,0,0,0,0,0,0,539.55
3.225,0,0,0,0,0,0,0,0,539.55
3.226,0,0,0,0,0,0,0,0,539.55
3.227,0,0,0,0,0,0,0,0,539.55
3.228,0,0,0,0,0,0,0,0,539.55
3.229,0,0,0,0,0,0,0,0,539.55
3.23,0,0,0,0,0,0,0,0,539.55
3.231,0,0,0,0,0,0,0,0,539.55
3.232,0,0,0,0,0,0,0,0,539.55
3.233,0,0,0,0,0,0,0,0,539.55
3.234,0,0,0,0,0,0,0,0,539.55
3.235,0,0,0,0,0,0,0,0,539.55
3.236,0,0,0,0,0,0,0,0,539.55
3.237,0,0,0,0,0,0,0,0,539.55
3.238,0,0,0,0,0,0,0,0,539.55
3.239,0,0,0,0,0,0,0,0,539.55
3.24,0,0,0,0,0,0,0,0,539.55
3.241,0,0,0,0,0,0,0,0,539.55
3.242,0,0,0,0,0,0,0,0,539.55
3.243,0,0,0,0,0,0,0,0,539.55
3.244,0,0,0,0,0,0,0,0,539.55
3.245,0,0,0,0,0,0,0,0,539.55
3.246,0,0,0,0,0,0,0,0,539.55
3.247,0,0,0,0,0,0,0,0,539.55
3.248,0,0,0,0,0,0,0,0,539.55
3.249,0,0,0,0,0,0,0,0,539.55
3.25,0,0,0,0,0,0,0,0,539.55
3.251,0,0,0,0,0,0,0,0,539.55
3.252,0,0,0,0,0,0,0,0,539.55
3.253,0,0,0,0,0,0,0,0,539.55
3.254,0,0,0,0,0,0,0,0,539.55
3.255,0,0,0,0,0,0,0,0,539.55
3.256,0,0,0,0,0,0,0,0,539.55
3.257,0,0,0,0,0,0,0,0,539.55
3.258,0,0,0,0,0,0,0,0,539.55
3.259,0,0,0,0,0,0,0,0,539.55
3.26,0,0,0,0,0,0,0,0,539.55
3.261,0,0,0,0,0,0,0,0,539.55
3.262,0,0,0,0,0,0,0,0,539.55
3.263,0,0,0,0,0,0,0,0,539.55
3.264,0,0,0,0,0,0,0,0,539.55
3.265,0,0,0,0,0,0,0,0,539.55
3.266,0,0,0,0,0,0,0,0,539.55
3.267,0,0,0,0,0,0,0,0,539.55
3.268,0,0,0,0,0,0,0,0,539.55
3.269,0,0,0,0,0,0,0,0,539.55
3.27,0,0,0,0,0,0,0,0,539.55
3.271,0,0,0,0,0,0,0,0,539.55
3.272,0,0,0,0,0,0,0,0,539.55
3.273,0,0,0,0,0,0,0,0,539.55
3.274,0,0,0,0,0,0,0,0,539.55
3.275,0,0,0,0,0,0,0,0,539.55
3.276,0,0,0,0,0,0,0,0,539.55
3.277,0,0,0,0,0,0,0,0,539.55
3.278,0,0,0,0,0,0,0,0,539.55
3.279,0,0,0,0,0,0,0,0,539.55
3.28,0,0,0,0,0,0,0,0,539.55
3.281,0,0,0,0,0,0,0,0,539.55
3.282,0,0,0,0,0,0,0,0,539.55
3.283,0,0,0,0,0,0,0,0,539.55
3.284,0,0,0,0,0,0,0,0,539.55
3.285,0,0,0,0,0,0,0,0,539.55
3.286,0,0,0,0,0,0,0,0,539.55
3.287,0,0,0,0,0,0,0,0,539.55
3.288,0,0,0,0,0,0,0,0,539.55
3.289,0,0,0,0,0,0,0,0,539.55
3.29,0,0,0,0,0,0,0,0,539.55
3.291,0,0,0,0,0,0,0,0,539.55
3.292,0,0,0,0,0,0,0,0,539.55
3.293,0,0,0,0,0,0,0,0,539.55
3.294,0,0,0,0,0,0,0,0,539.55
3.295,0,0,0,0,0,0,0,0,539.55
3.296,0,0,0,0,0,0,0,0,539.55
3.297,0,0,0,0,0,0,0,0,539.55
3.298,0,0,0,0,0,0,0,0,539.55
3.299,0,0,0,0,0,0,0,0,539.55
3.3,0,0,0,0,0,0,0,0,539.55
3.301,0,0,0,0,0,0,0,0,539.55
3.302,0,0,0,0,0,0,0,0,539.55
3.303,0,0,0,0,0,0,0,0,539.55
3.304,0,0,0,0,0,0,0,0,539.55
3.305,0,0,0,0,0,0,0,0,539.55
3.306,0,0,0,0,0,0,0,0,539.55
3.307,0,0,0,0,0,0,0,0,539.55
3.308,0,0,0,0,0,0,0,0,539.55
3.309,0,0,0,0,0,0,0,0,539.55
3.31,0,0,0,0,0,0,0,0,539.55
3.311,0,0,0,0,0,0,0,0,539.55
3.312,0,0,0,0,0,0,0,0,539.55
3.313,0,0,0,0,0,0,0,0,539.55
3.314,0,0,0,0,0,0,0,0,539.55
3.315,0,0,0,0,0,0,0,0,539.55
3.316,0,0,0,0,0,0,0,0,539.55
3.317,0,0,0,0,0,0,0,0,539.55
3.318,0,0,0,0,0,0,0,0,539.55
3.319,0,0,0,0,0,0,0,0,539.55
3.32,0,0,0,0,0,0,0,0,539.55
3.321,0,0,0,0,0,0,0,0,539.55
3.322,0,0,0,0,0,0,0,0,539.55
3.323,0,0,0,0,0,0,0,0,539.55
3.324,0,0,0,0,0,0,0,0,539.55
3.325,0,0,0,0,0,0,0,0,539.55
3.326,0,0,0,0,0,0,0,0,539.55
3.327,0,0,0,0,0,0,0,0,539.55
3.328,0,0,0,0,0,0,0,0,539.55
3.329,0,0,0,0,0,0,0,0,539.55
3.33,0,0,0,0,0,0,0,0,539.55
3.331,0,0,0,0,0,0,0,0,539.55
3.332,0,0,0,0,0,0,0,0,539.55
3.333,0,0,0,0,0,0,0,0,539.55
3.334,0,0,0,0,0,0,0,0,539.55
3.335,0,0,0,0,0,0,0,0,539.55
3.336,0,0,0,0,0,0,0,0,539.55
3.337,0,0,0,0,0,0,0,0,539.55
3.338,0,0,0,0,0,0,0,0,539.55
3.339,0,0,0,0,0,0,0,0,539.55
3.34,0,0,0,0,0,0,0,0,539.55
3.341,0,0,0,0,0,0,0,0,539.55
3.342,0,0,0,0,0,0,0,0,539.55
3.343,0,0,0,0,0,0,0,0,539.55
3.344,0,0,0,0,0,0,0,0,539.55
3.345,0,0,0,0,0,0,0,0,539.55
3.346,0,0,0,0,0,0,0,0,539.55
3.347,0,0,0,0,0,0,0,0,539.55
3.348,0,0,0,0,0,0,0,0,539.55
3.349,0,0,0,0,0,0,0,0,539.55
3.35,0,0,0,0,0,0,0,0,539.55
3.351,0,0,0,0,0,0,0,0,539.55
3.352,0,0,0,0,0,0,0,0,539.55
3.353,0,0,0,0,0,0,0,0,539.55
3.354,0,0,0,0,0,0,0,0,539.55
3.355,0,0,0,0,0,0,0,0,539.55
3.356,0,0,0,0,0,0,0,0,539.55
3.357,0,0,0,0,0,0,0,0,539.55
3.358,0,0,0,0,0,0,0,0,539.55
3.359,0,0,0,0,0,0,0,0,539.55
3.36,0,0,0,0,0,0,0,0,539.55
3.361,0,0,0,0,0,0,0,0,539.55
3.362,0,0,0,0,0,0,0,0,539.55
3.363,0,0,0,0,0,0,0,0,539.55
3.364,0,0,0,0,0,0,0,0,539.55
3.365,0,0,0,0,0,0,0,0,539.55
3.366,0,0,0,0,0,0,0,0,539.55
3.367,0,0,0,0,0,0,0,0,539.55
3.368,0,0,0,0,0,0,0,0,539.55
3.369,0,0,0,0,0,0,0,0,539.55
3.37,0,0,0,0,0,0,0,0,539.55
3.371,0,0,0,0,0,0,0,0,539.55
3.372,0,0,0,0,0,0,0,0,539.55
3.373,0,0,0,0,0,0,0,0,539.55
3.374,0,0,0,0,0,0,0,0,539.55
3.375,0,0,0,0,0,0,0,0,539.55
3.376,0,0,0,0,0,0,0,0,539.55
3.377,0,0,0,0,0,0,0,0,539.55
3.378,0,0,0,0,0,0,0,0,539.55
3.379,0,0,0,0,0,0,0,0,539.55
3.38,0,0,0,0,0,0,0,0,539.55
3.381,0,0,0,0,0,0,0,0,539.55
3.382,0,0,0,0,0,0,0,0,539.55
3.383,0,0,0,0,0,0,0,0,539.55
3.384,0,0,0,0,0,0,0,0,539.55
3.385,0,0,0,0,0,0,0,0,539.55
3.386,0,0,0,0,0,0,0,0,539.55
3.387,0,0,0,0,0,0,0,0,539.55
3.388,0,0,0,0,0,0,0,0,539.55
3.389,0,0,0,0,0,0,0,0,539.55
3.39,0,0,0,0,0,0,0,0,539.55
3.391,0,0,0,0,0,0,0,0,539.55
3.392,0,0,0,0,0,0,0,0,539.55
3.393,0,0,0,0,0,0,0,0,539.55
3.394,0,0,0,0,0,0,0,0,539.55
3.395,0,0,0,0,0,0,0,0,539.55
3.396,0,0,0,0,0,0,0,0,539.55
3.397,0,0,0,0,0,0,0,0,539.55
3.398,0,0,0,0,0,0,0,0,539.55
3.399,0,0,0,0,0,0,0,0,539.55
3.4,0,0,0,0,0,0,0,0,539.55
3.401,0,0,0,0,0,0,0,0,539.55
3.402,0,0,0,0,0,0,0,0,539.55
3.403,0,0,0,0,0,0,0,0,539.55
3.404,0,0,0,0,0,0,0,0,539.55
3.405,0,0,0,0,0,0,0,0,539.55
3.406,0,0,0,0,0,0,0,0,539.55
3.407,0,0,0,0,0,0,0,0,539.55
3.408,0,0,0,0,0,0,0,0,539.55
3.409,0,0,0,0,0,0,0,0,539.55
3.41,0,0,0,0,0,0,0,0,539.55
3.411,0,0,0,0,0,0,0,0,539.55
3.412,0,0,0,0,0,0,0,0,539.55
3.413,0,0,0,0,0,0,0,0,539.55
3.414,0,0,0,0,0,0,0,0,539.55
3.415,0,0,0,0,0,0,0,0,539.55
3.416,0,0,0,0,0,0,0,0,539.55
3.417,0,0,0,0,0,0,0,0,539.55
3.418,0,0,0,0,0,0,0,0,539.55
3.419,0,0,0,0,0,0,0,0,539.55
3.42,0,0,0,0,0,0,0,0,539.55
3.421,0,0,0,0,0,0,0,0,539.55
3.422,0,0,0,0,0,0,0,0,539.55
3.423,0,0,0,0,0,0,0,0,539.55
3.424,0,0,0,0,0,0,0,0,539.55
3.425,0,0,0,0,0,0,0,0,539.55
3.426,0,0,0,0,0,0,0,0,539.55
3.427,0,0,0,0,0,0,0,0,539.55
3.428,0,0,0,0,0,0,0,0,539.55
3.429,0,0,0,0,0,0,0,0,539.55
3.43,0,0,0,0,0,0,0,0,539.55
3.431,0,0,0,0,0,0,0,0,539.55
3.432,0,0,0,0,0,0,0,0,539.55
3.433,0,0,0,0,0,0,0,0,539.55
3.434,0,0,0,0,0,0,0,0,539.55
3.435,0,0,0,0,0,0,0,0,539.55
3.436,0,0,0,0,0,0,0,0,539.55
3.437,0,0,0,0,0,0,0,0,539.55
3.438,0,0,0,0,0,0,0,0,539.55
3.439,0,0,0,0,0,0,0,0,539.55
3.44,0,0,0,0,0,0,0,0,539.55
3.441,0,0,0,0,0,0,0,0,539.55
3.442,0,0,0,0,0,0,0,0,539.55
3.443,0,0,0,0,0,0,0,0,539.55
3.444,0,0,0,0,0,0,0,0,539.55
3.445,0,0,0,0,0,0,0,0,539.55
3.446,0,0,0,0,0,0,0,0,539.55
3.447,0,0,0,0,0,0,0,0,539.55
3.448,0,0,0,0,0,0,0,0,539.55
3.449,0,0,0,0,0,0,0,0,539.55
3.45,0,0,0,0,0,0,0,0,539.55
3.451,0,0,0,0,0,0,0,0,539.55
3.452,0,0,0,0,0,0,0,0,539.55
3.453,0,0,0,0,0,0,0,0,539.55
3.454,0,0,0,0,0,0,0,0,539.55
3.455,0,0,0,0,0,0,0,0,539.55
3.456,0,0,0,0,0,0,0,0,539.55
3.457,0,0,0,0,0,0,0,0,539.55
3.458,0,0,0,0,0,0,0,0,539.55
3.459,0,0,0,0,0,0,0,0,539.55
3.46,0,0,0,0,0,0,0,0,539.55
3.461,0,0,0,0,0,0,0,0,539.55
3.462,0,0,0,0,0,0,0,0,539.55
3.463,0,0,0,0,0,0,0,0,539.55
3.464,0,0,0,0,0,0,0,0,539.55
3.465,0,0,0,0,0,0,0,0,539.55
3.466,0,0,0,0,0,0,0,0,539.55
3.467,0,0,0,0,0,0,0,0,539.55
3.468,0,0,0,0,0,0,0,0,539.55
3.469,0,0,0,0,0,0,0,0,539.55
3.47,0,0,0,0,0,0,0,0,539.55
3.471,0,0,0,0,0,0,0,0,539.55
3.472,0,0,0,0,0,0,0,0,539.55
3.473,0,0,0,0,0,0,0,0,539.55
3.474,0,0,0,0,0,0,0,0,539.55
3.475,0,0,0,0,0,0,0,0,539.55
3.476,0,0,0,0,0,0,0,0,539.55
3.477,0,0,0,0,0,0,0,0,539.55
3.478,0,0,0,0,0,0,0,0,539.55
3.479,0,0,0,0,0,0,0,0,539.55
3.48,0,0,0,0,0,0,0,0,539.55
3.481,0,0,0,0,0,0,0,0,539.55
3.482,0,0,0,0,0,0,0,0,539.55
3.483,0,0,0,0,0,0,0,0,539.55
3.484,0,0,0,0,0,0,0,0,539.55
3.485,0,0,0,0,0,0,0,0,539.55
3.486,0,0,0,0,0,0,0,0,539.55
3.487,0,0,0,0,0,0,0,0,539.55
3.488,0,0,0,0,0,0,0,0,539.55
3.489,0,0,0,0,0,0,0,0,539.55
3.49,0,0,0,0,0,0,0,0,539.55
3.491,0,0,0,0,0,0,0,0,539.55
3.492,0,0,0,0,0,0,0,0,539.55
3.493,0,0,0,0,0,0,0,0,539.55
3.494,0,0,0,0,0,0,0,0,539.55
3.495,0,0,0,0,0,0,0,0,539.55
3.496,0,0,0,0,0,0,0,0,539.55
3.497,0,0,0,0,0,0,0,0,539.55
3.498,0,0,0,0,0,0,0,0,539.55
3.499,0,0,0,0,0,0,0,0,539.55
3.5,0,0,0,0,0,0,0,0,539.55
3.501,0,0,0,0,0,0,0,0,539.55
3.502,0,0,0,0,0,0,0,0,539.55
3.503,0,0,0,0,0,0,0,0,539.55
3.504,0,0,0,0,0,0,0,0,539.55
3.505,0,0,0,0,0,0,0,0,539.55
3.506,0,0,0,0,0,0,0,0,539.55
3.507,0,0,0,0,0,0,0,0,539.55
3.508,0,0,0,0,0,0,0,0,539.55
3.509,0,0,0,0,0,0,0,0,539.55
3.51,0,0,0,0,0,0,0,0,539.55
3.511,0,0,0,0,0,0,0,0,539.55
3.512,0,0,0,0,0,0,0,0,539.55
3.513,0,0,0,0,0,0,0,0,539.55
3.514,0,0,0,0,0,0,0,0,539.55
3.515,0,0,0,0,0,0,0,0,539.55
3.516,0,0,0,0,0,0,0,0,539.55
3.517,0,0,0,0,0,0,0,0,539.55
3.518,0,0,0,0,0,0,0,0,539.55
3.519,0,0,0,0,0,0,0,0,539.55
3.52,0,0,0,0,0,0,0,0,539.55
3.521,0,0,0,0,0,0,0,0,539.55
3.522,0,0,0,0,0,0,0,0,539.55
3.523,0,0,0,0,0,0,0,0,539.55
3.524,0,0,0,0,0,0,0,0,539.55
3.525,0,0,0,0,0,0,0,0,539.55
3.526,0,0,0,0,0,0,0,0,539.55
3.527,0,0,0,0,0,0,0,0,539.55
3.528,0,0,0,0,0,0,0,0,539.55
3.529,0,0,0,0,0,0,0,0,539.55
3.53,0,0,0,0,0,0,0,0,539.55
3.531,0,0,0,0,0,0,0,0,539.55
3.532,0,0,0,0,0,0,0,0,539.55
3.533,0,0,0,0,0,0,0,0,539.55
3.534,0,0,0,0,0,0,0,0,539.55
3.535,0,0,0,0,0,0,0,0,539.55
3.536,0,0,0,0,0,0,0,0,539.55
3.537,0,0,0,0,0,0,0,0,539.55
3.538,0,0,0,0,0,0,0,0,539.55
3.539,0,0,0,0,0,0,0,0,539.55
3.54,0,0,0,0,0,0,0,0,539.55
3.541,0,0,0,0,0,0,0,0,539.55
3.542,0,0,0,0,0,0,0,0,539.55
3.543,0,0,0,0,0,0,0,0,539.55
3.544,0,0,0,0,0,0,0,0,539.55
3.545,0,0,0,0,0,0,0,0,539.55
3.546,0,0,0,0,0,0,0,0,539.55
3.547,0,0,0,0,0,0,0,0,539.55
3.548,0,0,0,0,0,0,0,0,539.55
3.549,0,0,0,0,0,0,0,0,539.55
3.55,0,0,0,0,0,0,0,0,539.55
3.551,0,0,0,0,0,0,0,0,539.55
3.552,0,0,0,0,0,0,0,0,539.55
3.553,0,0,0,0,0,0,0,0,539.55
3.554,0,0,0,0,0,0,0,0,539.55
3.555,0,0,0,0,0,0,0,0,539.55
3.556,0,0,0,0,0,0,0,0,539.55
3.557,0,0,0,0,0,0,0,0,539.55
3.558,0,0,0,0,0,0,0,0,539.55
3.559,0,0,0,0,0,0,0,0,539.55
3.56,0,0,0,0,0,0,0,0,539.55
3.561,0,0,0,0,0,0,0,0,539.55
3.562,0,0,0,0,0,0,0,0,539.55
3.563,0,0,0,0,0,0,0,0,539.55
3.564,0,0,0,0,0,0,0,0,539.55
3.565,0,0,0,0,0,0,0,0,539.55
3.566,0,0,0,0,0,0,0,0,539.55
3.567,0,0,0,0,0,0,0,0,539.55
3.568,0,0,0,0,0,0,0,0,539.55
3.569,0,0,0,0,0,0,0,0,539.55
3.57,0,0,0,0,0,0,0,0,539.55
3.571,0,0,0,0,0,0,0,0,539.55
3.572,0,0,0,0,0,0,0,0,539.55
3.573,0,0,0,0,0,0,0,0,539.55
3.574,0,0,0,0,0,0,0,0,539.55
3.575,0,0,0,0,0,0,0,0,539.55
3.576,0,0,0,0,0,0,0,0,539.55
3.577,0,0,0,0,0,0,0,0,539.55
3.578,0,0,0,0,0,0,0,0,539.55
3.579,0,0,0,0,0,0,0,0,539.55
3.58,0,0,0,0,0,0,0,0,539.55
3.581,0,0,0,0,0,0,0,0,539.55
3.582,0,0,0,0,0,0,0,0,539.55
3.583,0,0,0,0,0,0,0,0,539.55
3.584,0,0,0,0,0,0,0,0,539.55
3.585,0,0,0,0,0,0,0,0,539.55
3.586,0,0,0,0,0,0,0,0,539.55
3.587,0,0,0,0,0,0,0,0,539.55
3.588,0,0,0,0,0,0,0,0,539.55
3.589,0,0,0,0,0,0,0,0,539.55
3.59,0,0,0,0,0,0,0,0,539.55
3.591,0,0,0,0,0,0,0,0,539.55
3.592,0,0,0,0,0,0,0,0,539.55
3.593,0,0,0,0,0,0,0,0,539.55
3.594,0,0,0,0,0,0,0,0,539.55
3.595,0,0,0,0,0,0,0,0,539.55
3.596,0,0,0,0,0,0,0,0,539.55
3.597,0,0,0,0,0,0,0,0,539.55
3.598,0,0,0,0,0,0,0,0,539.55
3.599,0,0,0,0,0,0,0,0,539.55
3.6,0,0,0,0,0,0,0,0,539.55
3.601,0,0,0,0,0,0,0,0,539.55
3.602,0,0,0,0,0,0,0,0,539.55
3.603,0,0,0,0,0,0,0,0,539.55
3.604,0,0,0,0,0,0,0,0,539.55
3.605,0,0,0,0,0,0,0,0,539.55
3.606,0,0,0,0,0,0,0,0,539.55
3.607,0,0,0,0,0,0,0,0,539.55
3.608,0,0,0,0,0,0,0,0,539.55
3.609,0,0,0,0,0,0,0,0,539.55
3.61,0,0,0,0,0,0,0,0,539.55
3.611,0,0,0,0,0,0,0,0,539.55
3.612,0,0,0,0,0,0,0,0,539.55
3.613,0,0,0,0,0,0,0,0,539.55
3.614,0,0,0,0,0,0,0,0,539.55
3.615,0,0,0,0,0,0,0,0,539.55
3.616,0,0,0,0,0,0,0,0,539.55
3.617,0,0,0,0,0,0,0,0,539.55
3.618,0,0,0,0,0,0,0,0,539.55
3.619,0,0,0,0,0,0,0,0,539.55
3.62,0,0,0,0,0,0,0,0,539.55
3.621,0,0,0,0,0,0,0,0,539.55
3.622,0,0,0,0,0,0,0,0,539.55
3.623,0,0,0,0,0,0,0,0,539.55
3.624,0,0,0,0,0,0,0,0,539.55
3.625,0,0,0,0,0,0,0,0,539.55
3.626,0,0,0,0,0,0,0,0,539.55
3.627,0,0,0,0,0,0,0,0,539.55
3.628,0,0,0,0,0,0,0,0,539.55
3.629,0,0,0,0,0,0,0,0,539.55
3.63,0,0,0,0,0,0,0,0,539.55
3.631,0,0,0,0,0,0,0,0,539.55
3.632,0,0,0,0,0,0,0,0,539.55
3.633,0,0,0,0,0,0,0,0,539.55
3.634,0,0,0,0,0,0,0,0,539.55
3.635,0,0,0,0,0,0,0,0,539.55
3.636,0,0,0,0,0,0,0,0,539.55
3.637,0,0,0,0,0,0,0,0,539.55
3.638,0,0,0,0,0,0,0,0,539.55
3.639,0,0,0,0,0,0,0,0,539.55
3.64,0,0,0,0,0,0,0,0,539.55
3.641,0,0,0,0,0,0,0,0,539.55
3.642,0,0,0,0,0,0,0,0,539.55
3.643,0,0,0,0,0,0,0,0,539.55
3.644,0,0,0,0,0,0,0,0,539.55
3.645,0,0,0,0,0,0,0,0,539.55
3.646,0,0,0,0,0,0,0,0,539.55
3.647,0,0,0,0,0,0,0,0,539.55
3.648,0,0,0,0,0,0,0,0,539.55
3.649,0,0,0,0,0,0,0,0,539.55
3.65,0,0,0,0,0,0,0,0,539.55
3.651,0,0,0,0,0,0,0,0,539.55
3.652,0,0,0,0,0,0,0,0,539.55
3.653,0,0,0,0,0,0,0,0,539.55
3.654,0,0,0,0,0,0,0,0,539.55
3.655,0,0,0,0,0,0,0,0,539.55
3.656,0,0,0,0,0,0,0,0,539.55
3.657,0,0,0,0,0,0,0,0,539.55
3.658,0,0,0,0,0,0,0,0,539.55
3.659,0,0,0,0,0,0,0,0,539.55
3.66,0,0,0,0,0,0,0,0,539.55
3.661,0,0,0,0,0,0,0,0,539.55
3.662,0,0,0,0,0,0,0,0,539.55
3.663,0,0,0,0,0,0,0,0,539.55
3.664,0,0,0,0,0,0,0,0,539.55
3.665,0,0,0,0,0,0,0,0,539.55
3.666,0,0,0,0,0,0,0,0,539.55
3.667,0,0,0,0,0,0,0,0,539.55
3.668,0,0,0,0,0,0,0,0,539.55
3.669,0,0,0,0,0,0,0,0,539.55
3.67,0,0,0,0,0,0,0,0,539.55
3.671,0,0,0,0,0,0,0,0,539.55
3.672,0,0,0,0,0,0,0,0,539.55
3.673,0,0,0,0,0,0,0,0,539.55
3.674,0,0,0,0,0,0,0,0,539.55
3.675,0,0,0,0,0,0,0,0,539.55
3.676,0,0,0,0,0,0,0,0,539.55
3.677,0,0,0,0,0,0,0,0,539.55
3.678,0,0,0,0,0,0,0,0,539.55
3.679,0,0,0,0,0,0,0,0,539.55
3.68,0,0,0,0,0,0,0,0,539.55
3.681,0,0,0,0,0,0,0,0,539.55
3.682,0,0,0,0,0,0,0,0,539.55
3.683,0,0,0,0,0,0,0,0,539.55
3.684,0,0,0,0,0,0,0,0,539.55
3.685,0,0,0,0,0,0,0,0,539.55
3.686,0,0,0,0,0,0,0,0,539.55
3.687,0,0,0,0,0,0,0,0,539.55
3.688,0,0,0,0,0,0,0,0,539.55
3.689,0,0,0,0,0,0,0,0,539.55
3.69,0,0,0,0,0,0,0,0,539.55
3.691,0,0,0,0,0,0,0,0,539.55
3.692,0,0,0,0,0,0,0,0,539.55
3.693,0,0,0,0,0,0,0,0,539.55
3.694,0,0,0,0,0,0,0,0,539.55
3.695,0,0,0,0,0,0,0,0,539.55
3.696,0,0,0,0,0,0,0,0,539.55
3.697,0,0,0,0,0,0,0,0,539.55
3.698,0,0,0,0,0,0,0,0,539.55
3.699,0,0,0,0,0,0,0,0,539.55
3.7,0,0,0,0,0,0,0,0,539.55
3.701,0,0,0,0,0,0,0,0,539.55
3.702,0,0,0,0,0,0,0,0,539.55
3.703,0,0,0,0,0,0,0,0,539.55
3.704,0,0,0,0,0,0,0,0,539.55
3.705,0,0,0,0,0,0,0,0,539.55
3.706,0,0,0,0,0,0,0,0,539.55
3.707,0,0,0,0,0,0,0,0,539.55
3.708,0,0,0,0,0,0,0,0,539.55
3.709,0,0,0,0,0,0,0,0,539.55
3.71,0,0,0,0,0,0,0,0,539.55
3.711,0,0,0,0,0,0,0,0,539.55
3.712,0,0,0,0,0,0,0,0,539.55
3.713,0,0,0,0,0,0,0,0,539.55
3.714,0,0,0,0,0,0,0,0,539.55
3.715,0,0,0,0,0,0,0,0,539.55
3.716,0,0,0,0,0,0,0,0,539.55
3.717,0,0,0,0,0,0,0,0,539.55
3.718,0,0,0,0,0,0,0,0,539.55
3.719,0,0,0,0,0,0,0,0,539.55
3.72,0,0,0,0,0,0,0,0,539.55
3.721,0,0,0,0,0,0,0,0,539.55
3.722,0,0,0,0,0,0,0,0,539.55
3.723,0,0,0,0,0,0,0,0,539.55
3.724,0,0,0,0,0,0,0,0,539.55
3.725,0,0,0,0,0,0,0,0,539.55
3.726,0,0,0,0,0,0,0,0,539.55
3.727,0,0,0,0,0,0,0,0,539.55
3.728,0,0,0,0,0,0,0,0,539.55
3.729,0,0,0,0,0,0,0,0,539.55
3.73,0,0,0,0,0,0,0,0,539.55
3.731,0,0,0,0,0,0,0,0,539.55
3.732,0,0,0,0,0,0,0,0,539.55
3.733,0,0,0,0,0,0,0,0,539.55
3.734,0,0,0,0,0,0,0,0,539.55
3.735,0,0,0,0,0,0,0,0,539.55
3.736,0,0,0,0,0,0,0,0,539.55
3.737,0,0,0,0,0,0,0,0,539.55
3.738,0,0,0,0,0,0,0,0,539.55
3.739,0,0,0,0,0,0,0,0,539.55
3.74,0,0,0,0,0,0,0,0,539.55
3.741,0,0,0,0,0,0,0,0,539.55
3.742,0,0,0,0,0,0,0,0,539.55
3.743,0,0,0,0,0,0,0,0,539.55
3.744,0,0,0,0,0,0,0,0,539.55
3.745,0,0,0,0,0,0,0,0,539.55
3.746,0,0,0,0,0,0,0,0,539.55
3.747,0,0,0,0,0,0,0,0,539.55
3.748,0,0,0,0,0,0,0,0,539.55
3.749,0,0,0,0,0,0,0,0,539.55
3.75,0,0,0,0,0,0,0,0,539.55
3.751,0,0,0,0,0,0,0,0,539.55
3.752,0,0,0,0,0,0,0,0,539.55
3.753,0,0,0,0,0,0,0,0,539.55
3.754,0,0,0,0,0,0,0,0,539.55
3.755,0,0,0,0,0,0,0,0,539.55
3.756,0,0,0,0,0,0,0,0,539.55
3.757,0,0,0,0,0,0,0,0,539.55
3.758,0,0,0,0,0,0,0,0,539.55
3.759,0,0,0,0,0,0,0,0,539.55
3.76,0,0,0,0,0,0,0,0,539.55
3.761,0,0,0,0,0,0,0,0,539.55
3.762,0,0,0,0,0,0,0,0,539.55
3.763,0,0,0,0,0,0,0,0,539.55
3.764,0,0,0,0,0,0,0,0,539.55
3.765,0,0,0,0,0,0,0,0,539.55
3.766,0,0,0,0,0,0,0,0,539.55
3.767,0,0,0,0,0,0,0,0,539.55
3.768,0,0,0,0,0,0,0,0,539.55
3.769,0,0,0,0,0,0,0,0,539.55
3.77,0,0,0,0,0,0,0,0,539.55
3.771,0,0,0,0,0,0,0,0,539.55
3.772,0,0,0,0,0,0,0,0,539.55
3.773,0,0,0,0,0,0,0,0,539.55
3.774,0,0,0,0,0,0,0,0,539.55
3.775,0,0,0,0,0,0,0,0,539.55
3.776,0,0,0,0,0,0,0,0,539.55
3.777,0,0,0,0,0,0,0,0,539.55
3.778,0,0,0,0,0,0,0,0,539.55
3.779,0,0,0,0,0,0,0,0,539.55
3.78,0,0,0,0,0,0,0,0,539.55
3.781,0,0,0,0,0,0,0,0,539.55
3.782,0,0,0,0,0,0,0,0,539.55
3.783,0,0,0,0,0,0,0,0,539.55
3.784,0,0,0,0,0,0,0,0,539.55
3.785,0,0,0,0,0,0,0,0,539.55
3.786,0,0,0,0,0,0,0,0,539.55
3.787,0,0,0,0,0,0,0,0,539.55
3.788,0,0,0,0,0,0,0,0,539.55
3.789,0,0,0,0,0,0,0,0,539.55
3.79,0,0,0,0,0,0,0,0,539.55
3.791,0,0,0,0,0,0,0,0,539.55
3.792,0,0,0,0,0,0,0,0,539.55
3.793,0,0,0,0,0,0,0,0,539.55
3.794,0,0,0,0,0,0,0,0,539.55
3.795,0,0,0,0,0,0,0,0,539.55
3.796,0,0,0,0,0,0,0,0,539.55
3.797,0,0,0,0,0,0,0,0,539.55
3.798,0,0,0,0,0,0,0,0,539.55
3.799,0,0,0,0,0,0,0,0,539.55
3.8,0,0,0,0,0,0,0,0,539.55
3.801,0,0,0,0,0,0,0,0,539.55
3.802,0,0,0,0,0,0,0,0,539.55
3.803,0,0,0,0,0,0,0,0,539.55
3.804,0,0,0,0,0,0,0,0,539.55
3.805,0,0,0,0,0,0,0,0,539.55
3.806,0,0,0,0,0,0,0,0,539.55
3.807,0,0,0,0,0,0,0,0,539.55
3.808,0,0,0,0,0,0,0,0,539.55
3.809,0,0,0,0,0,0,0,0,539.55
3.81,0,0,0,0,0,0,0,0,539.55
3.811,0,0,0,0,0,0,0,0,539.55
3.812,0,0,0,0,0,0,0,0,539.55
3.813,0,0,0,0,0,0,0,0,539.55
3.814,0,0,0,0,0,0,0,0,539.55
3.815,0,0,0,0,0,0,0,0,539.55
3.816,0,0,0,0,0,0,0,0,539.55
3.817,0,0,0,0,0,0,0,0,539.55
3.818,0,0,0,0,0,0,0,0,539.55
3.819,0,0,0,0,0,0,0,0,539.55
3.82,0,0,0,0,0,0,0,0,539.55
3.821,0,0,0,0,0,0,0,0,539.55
3.822,0,0,0,0,0,0,0,0,539.55
3.823,0,0,0,0,0,0,0,0,539.55
3.824,0,0,0,0,0,0,0,0,539.55
3.825,0,0,0,0,0,0,0,0,539.55
3.826,0,0,0,0,0,0,0,0,539.55
3.827,0,0,0,0,0,0,0,0,539.55
3.828,0,0,0,0,0,0,0,0,539.55
3.829,0,0,0,0,0,0,0,0,539.55
3.83,0,0,0,0,0,0,0,0,539.55
3.831,0,0,0,0,0,0,0,0,539.55
3.832,0,0,0,0,0,0,0,0,539.55
3.833,0,0,0,0,0,0,0,0,539.55
3.834,0,0,0,0,0,0,0,0,539.55
3.835,0,0,0,0,0,0,0,0,539.55
3.836,0,0,0,0,0,0,0,0,539.55
3.837,0,0,0,0,0,0,0,0,539.55
3.838,0,0,0,0,0,0,0,0,539.55
3.839,0,0,0,0,0,0,0,0,539.55
3.84,0,0,0,0,0,0,0,0,539.55
3.841,0,0,0,0,0,0,0,0,539.55
3.842,0,0,0,0,0,0,0,0,539.55
3.843,0,0,0,0,0,0,0,0,539.55
3.844,0,0,0,0,0,0,0,0,539.55
3.845,0,0,0,0,0,0,0,0,539.55
3.846,0,0,0,0,0,0,0,0,539.55
3.847,0,0,0,0,0,0,0,0,539.55
3.848,0,0,0,0,0,0,0,0,539.55
3.849,0,0,0,0,0,0,0,0,539.55
3.85,0,0,0,0,0,0,0,0,539.55
3.851,0,0,0,0,0,0,0,0,539.55
3.852,0,0,0,0,0,0,0,0,539.55
3.853,0,0,0,0,0,0,0,0,539.55
3.854,0,0,0,0,0,0,0,0,539.55
3.855,0,0,0,0,0,0,0,0,539.55
3.856,0,0,0,0,0,0,0,0,539.55
3.857,0,0,0,0,0,0,0,0,539.55
3.858,0,0,0,0,0,0,0,0,539.55
3.859,0,0,0,0,0,0,0,0,539.55
3.86,0,0,0,0,0,0,0,0,539.55
3.861,0,0,0,0,0,0,0,0,539.55
3.862,0,0,0,0,0,0,0,0,539.55
3.863,0,0,0,0,0,0,0,0,539.55
3.864,0,0,0,0,0,0,0,0,539.55
3.865,0,0,0,0,0,0,0,0,539.55
3.866,0,0,0,0,0,0,0,0,539.55
3.867,0,0,0,0,0,0,0,0,539.55
3.868,0,0,0,0,0,0,0,0,539.55
3.869,0,0,0,0,0,0,0,0,539.55
3.87,0,0,0,0,0,0,0,0,539.55
3.871,0,0,0,0,0,0,0,0,539.55
3.872,0,0,0,0,0,0,0,0,539.55
3.873,0,0,0,0,0,0,0,0,539.55
3.874,0,0,0,0,0,0,0,0,539.55
3.875,0,0,0,0,0,0,0,0,539.55
3.876,0,0,0,0,0,0,0,0,539.55
3.877,0,0,0,0,0,0,0,0,539.55
3.878,0,0,0,0,0,0,0,0,539.55
3.879,0,0,0,0,0,0,0,0,539.55
3.88,0,0,0,0,0,0,0,0,539.55
3.881,0,0,0,0,0,0,0,0,539.55
3.882,0,0,0,0,0,0,0,0,539.55
3.883,0,0,0,0,0,0,0,0,539.55
3.884,0,0,0,0,0,0,0,0,539.55
3.885,0,0,0,0,0,0,0,0,539.55
3.886,0,0,0,0,0,0,0,0,539.55
3.887,0,0,0,0,0,0,0,0,539.55
3.888,0,0,0,0,0,0,0,0,539.55
3.889,0,0,0,0,0,0,0,0,539.55
3.89,0,0,0,0,0,0,0,0,539.55
3.891,0,0,0,0,0,0,0,0,539.55
3.892,0,0,0,0,0,0,0,0,539.55
3.893,0,0,0,0,0,0,0,0,539.55
3.894,0,0,0,0,0,0,0,0,539.55
3.895,0,0,0,0,0,0,0,0,539.55
3.896,0,0,0,0,0,0,0,0,539.55
3.897,0,0,0,0,0,0,0,0,539.55
3.898,0,0,0,0,0,0,0,0,539.55
3.899,0,0,0,0,0,0,0,0,539.55
3.9,0,0,0,0,0,0,0,0,539.55
3.901,0,0,0,0,0,0,0,0,539.55
3.902,0,0,0,0,0,0,0,0,539.55
3.903,0,0,0,0,0,0,0,0,539.55
3.904,0,0,0,0,0,0,0,0,539.55
3.905,0,0,0,0,0,0,0,0,539.55
3.906,0,0,0,0,0,0,0,0,539.55
3.907,0,0,0,0,0,0,0,0,539.55
3.908,0,0,0,0,0,0,0,0,539.55
3.909,0,0,0,0,0,0,0,0,539.55
3.91,0,0,0,0,0,0,0,0,539.55
3.911,0,0,0,0,0,0,0,0,539.55
3.912,0,0,0,0,0,0,0,0,539.55
3.913,0,0,0,0,0,0,0,0,539.55
3.914,0,0,0,0,0,0,0,0,539.55
3.915,0,0,0,0,0,0,0,0,539.55
3.916,0,0,0,0,0,0,0,0,539.55
3.917,0,0,0,0,0,0,0,0,539.55
3.918,0,0,0,0,0,0,0,0,539.55
3.919,0,0,0,0,0,0,0,0,539.55
3.92,0,0,0,0,0,0,0,0,539.55
3.921,0,0,0,0,0,0,0,0,539.55
3.922,0,0,0,0,0,0,0,0,539.55
3.923,0,0,0,0,0,0,0,0,539.55
3.924,0,0,0,0,0,0,0,0,539.55
3.925,0,0,0,0,0,0,0,0,539.55
3.926,0,0,0,0,0,0,0,0,539.55
3.927,0,0,0,0,0,0,0,0,539.55
3.928,0,0,0,0,0,0,0,0,539.55
3.929,0,0,0,0,0,0,0,0,539.55
3.93,0,0,0,0,0,0,0,0,539.55
3.931,0,0,0,0,0,0,0,0,539.55
3.932,0,0,0,0,0,0,0,0,539.55
3.933,0,0,0,0,0,0,0,0,539.55
3.934,0,0,0,0,0,0,0,0,539.55
3.935,0,0,0,0,0,0,0,0,539.55
3.936,0,0,0,0,0,0,0,0,539.55
3.937,0,0,0,0,0,0,0,0,539.55
3.938,0,0,0,0,0,0,0,0,539.55
3.939,0,0,0,0,0,0,0,0,539.55
3.94,0,0,0,0,0,0,0,0,539.55
3.941,0,0,0,0,0,0,0,0,539.55
3.942,0,0,0,0,0,0,0,0,539.55
3.943,0,0,0,0,0,0,0,0,539.55
3.944,0,0,0,0,0,0,0,0,539.55
3.945,0,0,0,0,0,0,0,0,539.55
3.946,0,0,0,0,0,0,0,0,539.55
3.947,0,0,0,0,0,0,0,0,539.55
3.948,0,0,0,0,0,0,0,0,539.55
3.949,0,0,0,0,0,0,0,0,539.55
3.95,0,0,0,0,0,0,0,0,539.55
3.951,0,0,0,0,0,0,0,0,539.55
3.952,0,0,0,0,0,0,0,0,539.55
3.953,0,0,0,0,0,0,0,0,539.55
3.954,0,0,0,0,0,0,0,0,539.55
3.955,0,0,0,0,0,0,0,0,539.55
3.956,0,0,0,0,0,0,0,0,539.55
3.957,0,0,0,0,0,0,0,0,539.55
3.958,0,0,0,0,0,0,0,0,539.55
3.959,0,0,0,0,0,0,0,0,539.55
3.96,0,0,0,0,0,0,0,0,539.55
3.961,0,0,0,0,0,0,0,0,539.55
3.962,0,0,0,0,0,0,0,0,539.55
3.963,0,0,0,0,0,0,0,0,539.55
3.964,0,0,0,0,0,0,0,0,539.55
3.965,0,0,0,0,0,0,0,0,539.55
3.966,0,0,0,0,0,0,0,0,539.55
3.967,0,0,0,0,0,0,0,0,539.55
3.968,0,0,0,0,0,0,0,0,539.55
3.969,0,0,0,0,0,0,0,0,539.55
3.97,0,0,0,0,0,0,0,0,539.55
3.971,0,0,0,0,0,0,0,0,539.55
3.972,0,0,0,0,0,0,0,0,539.55
3.973,0,0,0,0,0,0,0,0,539.55
3.974,0,0,0,0,0,0,0,0,539.55
3.975,0,0,0,0,0,0,0,0,539.55
3.976,0,0,0,0,0,0,0,0,539.55
3.977,0,0,0,0,0,0,0,0,539.55
3.978,0,0,0,0,0,0,0,0,539.55
3.979,0,0,0,0,0,0,0,0,539.55
3.98,0,0,0,0,0,0,0,0,539.55
3.981,0,0,0,0,0,0,0,0,539.55
3.982,0,0,0,0,0,0,0,0,539.55
3.983,0,0,0,0,0,0,0,0,539.55
3.984,0,0,0,0,0,0,0,0,539.55
3.985,0,0,0,0,0,0,0,0,539.55
3.986,0,0,0,0,0,0,0,0,539.55
3.987,0,0,0,0,0,0,0,0,539.55
3.988,0,0,0,0,0,0,0,0,539.55
3.989,0,0,0,0,0,0,0,0,539.55
3.99,0,0,0,0,0,0,0,0,539.55
3.991,0,0,0,0,0,0,0,0,539.55
3.992,0,0,0,0,0,0,0,0,539.55
3.993,0,0,0,0,0,0,0,0,539.55
3.994,0,0,0,0,0,0,0,0,539.55
3.995,0,0,0,0,0,0,0,0,539.55
3.996,0,0,0,0,0,0,0,0,539.55
3.997,0,0,0,0,0,0,0,0,539.55
3.998,0,0,0,0,0,0,0,0,539.55
3.999,0,0,0,0,0,0,0,0,539.55
4,0,0,0,0,0,0,0,0,539.55
4.001,0,0,0,0,0,0,0,0,539.55
4.002,0,0,0,0,0,0,0,0,539.55
4.003,0,0,0,0,0,0,0,0,539.55
4.004,0,0,0,0,0,0,0,0,539.55
4.005,0,0,0,0,0,0,0,0,539.55
4.006,0,0,0,0,0,0,0,0,539.55
4.007,0,0,0,0,0,0,0,0,539.55
4.008,0,0,0,0,0,0,0,0,539.55
4.009,0,0,0,0,0,0,0,0,539.55
4.01,0,0,0,0,0,0,0,0,539.55
4.011,0,0,0,0,0,0,0,0,539.55
4.012,0,0,0,0,0,0,0,0,539.55
4.013,0,0,0,0,0,0,0,0,539.55
4.014,0,0,0,0,0,0,0,0,539.55
4.015,0,0,0,0,0,0,0,0,539.55
4.016,0,0,0,0,0,0,0,0,539.55
4.017,0,0,0,0,0,0,0,0,539.55
4.018,0,0,0,0,0,0,0,0,539.55
4.019,0,0,0,0,0,0,0,0,539.55
4.02,0,0,0,0,0,0,0,0,539.55
4.021,0,0,0,0,0,0,0,0,539.55
4.022,0,0,0,0,0,0,0,0,539.55
4.023,0,0,0,0,0,0,0,0,539.55
4.024,0,0,0,0,0,0,0,0,539.55
4.025,0,0,0,0,0,0,0,0,539.55
4.026,0,0,0,0,0,0,0,0,539.55
4.027,0,0,0,0,0,0,0,0,539.55
4.028,0,0,0,0,0,0,0,0,539.55
4.029,0,0,0,0,0,0,0,0,539.55
4.03,0,0,0,0,0,0,0,0,539.55
4.031,0,0,0,0,0,0,0,0,539.55
4.032,0,0,0,0,0,0,0,0,539.55
4.033,0,0,0,0,0,0,0,0,539.55
4.034,0,0,0,0,0,0,0,0,539.55
4.035,0,0,0,0,0,0,0,0,539.55
4.036,0,0,0,0,0,0,0,0,539.55
4.037,0,0,0,0,0,0,0,0,539.55
4.038,0,0,0,0,0,0,0,0,539.55
4.039,0,0,0,0,0,0,0,0,539.55
4.04,0,0,0,0,0,0,0,0,539.55
4.041,0,0,0,0,0,0,0,0,539.55
4.042,0,0,0,0,0,0,0,0,539.55
4.043,0,0,0,0,0,0,0,0,539.55
4.044,0,0,0,0,0,0,0,0,539.55
4.045,0,0,0,0,0,0,0,0,539.55
4.046,0,0,0,0,0,0,0,0,539.55
4.047,0,0,0,0,0,0,0,0,539.55
4.048,0,0,0,0,0,0,0,0,539.55
4.049,0,0,0,0,0,0,0,0,539.55
4.05,0,0,0,0,0,0,0,0,539.55
4.051,0,0,0,0,0,0,0,0,539.55
4.052,0,0,0,0,0,0,0,0,539.55
4.053,0,0,0,0,0,0,0,0,539.55
4.054,0,0,0,0,0,0,0,0,539.55
4.055,0,0,0,0,0,0,0,0,539.55
4.056,0,0,0,0,0,0,0,0,539.55
4.057,0,0,0,0,0,0,0,0,539.55
4.058,0,0,0,0,0,0,0,0,539.55
4.059,0,0,0,0,0,0,0,0,539.55
4.06,0,0,0,0,0,0,0,0,539.55
4.061,0,0,0,0,0,0,0,0,539.55
4.062,0,0,0,0,0,0,0,0,539.55
4.063,0,0,0,0,0,0,0,0,539.55
4.064,0,0,0,0,0,0,0,0,539.55
4.065,0,0,0,0,0,0,0,0,539.55
4.066,0,0,0,0,0,0,0,0,539.55
4.067,0,0,0,0,0,0,0,0,539.55
4.068,0,0,0,0,0,0,0,0,539.55
4.069,0,0,0,0,0,0,0,0,539.55
4.07,0,0,0,0,0,0,0,0,539.55
4.071,0,0,0,0,0,0,0,0,539.55
4.072,0,0,0,0,0,0,0,0,539.55
4.073,0,0,0,0,0,0,0,0,539.55
4.074,0,0,0,0,0,0,0,0,539.55
4.075,0,0,0,0,0,0,0,0,539.55
4.076,0,0,0,0,0,0,0,0,539.55
4.077,0,0,0,0,0,0,0,0,539.55
4.078,0,0,0,0,0,0,0,0,539.55
4.079,0,0,0,0,0,0,0,0,539.55
4.08,0,0,0,0,0,0,0,0,539.55
4.081,0,0,0,0,0,0,0,0,539.55
4.082,0,0,0,0,0,0,0,0,539.55
4.083,0,0,0,0,0,0,0,0,539.55
4.084,0,0,0,0,0,0,0,0,539.55
4.085,0,0,0,0,0,0,0,0,539.55
4.086,0,0,0,0,0,0,0,0,539.55
4.087,0,0,0,0,0,0,0,0,539.55
4.088,0,0,0,0,0,0,0,0,539.55
4.089,0,0,0,0,0,0,0,0,539.55
4.09,0,0,0,0,0,0,0,0,539.55
4.091,0,0,0,0,0,0,0,0,539.55
4.092,0,0,0,0,0,0,0,0,539.55
4.093,0,0,0,0,0,0,0,0,539.55
4.094,0,0,0,0,0,0,0,0,539.55
4.095,0,0,0,0,0,0,0,0,539.55
4.096,0,0,0,0,0,0,0,0,539.55
4.097,0,0,0,0,0,0,0,0,539.55
4.098,0,0,0,0,0,0,0,0,539.55
4.099,0,0,0,0,0,0,0,0,539.55
4.1,0,0,0,0,0,0,0,0,539.55
4.101,0,0,0,0,0,0,0,0,539.55
4.102,0,0,0,0,0,0,0,0,539.55
4.103,0,0,0,0,0,0,0,0,539.55
4.104,0,0,0,0,0,0,0,0,539.55
4.105,0,0,0,0,0,0,0,0,539.55
4.106,0,0,0,0,0,0,0,0,539.55
4.107,0,0,0,0,0,0,0,0,539.55
4.108,0,0,0,0,0,0,0,0,539.55
4.109,0,0,0,0,0,0,0,0,539.55
4.11,0,0,0,0,0,0,0,0,539.55
4.111,0,0,0,0,0,0,0,0,539.55
4.112,0,0,0,0,0,0,0,0,539.55
4.113,0,0,0,0,0,0,0,0,539.55
4.114,0,0,0,0,0,0,0,0,539.55
4.115,0,0,0,0,0,0,0,0,539.55
4.116,0,0,0,0,0,0,0,0,539.55
4.117,0,0,0,0,0,0,0,0,539.55
4.118,0,0,0,0,0,0,0,0,539.55
4.119,0,0,0,0,0,0,0,0,539.55
4.12,0,0,0,0,0,0,0,0,539.55
4.121,0,0,0,0,0,0,0,0,539.55
4.122,0,0,0,0,0,0,0,0,539.55
4.123,0,0,0,0,0,0,0,0,539.55
4.124,0,0,0,0,0,0,0,0,539.55
4.125,0,0,0,0,0,0,0,0,539.55
4.126,0,0,0,0,0,0,0,0,539.55
4.127,0,0,0,0,0,0,0,0,539.55
4.128,0,0,0,0,0,0,0,0,539.55
4.129,0,0,0,0,0,0,0,0,539.55
4.13,0,0,0,0,0,0,0,0,539.55
4.131,0,0,0,0,0,0,0,0,539.55
4.132,0,0,0,0,0,0,0,0,539.55
4.133,0,0,0,0,0,0,0,0,539.55
4.134,0,0,0,0,0,0,0,0,539.55
4.135,0,0,0,0,0,0,0,0,539.55
4.136,0,0,0,0,0,0,0,0,539.55
4.137,0,0,0,0,0,0,0,0,539.55
4.138,0,0,0,0,0,0,0,0,539.55
4.139,0,0,0,0,0,0,0,0,539.55
4.14,0,0,0,0,0,0,0,0,539.55
4.141,0,0,0,0,0,0,0,0,539.55
4.142,0,0,0,0,0,0,0,0,539.55
4.143,0,0,0,0,0,0,0,0,539.55
4.144,0,0,0,0,0,0,0,0,539.55
4.145,0,0,0,0,0,0,0,0,539.55
4.146,0,0,0,0,0,0,0,0,539.55
4.147,0,0,0,0,0,0,0,0,539.55
4.148,0,0,0,0,0,0,0,0,539.55
4.149,0,0,0,0,0,0,0,0,539.55
4.15,0,0,0,0,0,0,0,0,539.55
4.151,0,0,0,0,0,0,0,0,539.55
4.152,0,0,0,0,0,0,0,0,539.55
4.153,0,0,0,0,0,0,0,0,539.55
4.154,0,0,0,0,0,0,0,0,539.55
4.155,0,0,0,0,0,0,0,0,539.55
4.156,0,0,0,0,0,0,0,0,539.55
4.157,0,0,0,0,0,0,0,0,539.55
4.158,0,0,0,0,0,0,0,0,539.55
4.159,0,0,0,0,0,0,0,0,539.55
4.16,0,0,0,0,0,0,0,0,539.55
4.161,0,0,0,0,0,0,0,0,539.55
4.162,0,0,0,0,0,0,0,0,539.55
4.163,0,0,0,0,0,0,0,0,539.55
4.164,0,0,0,0,0,0,0,0,539.55
4.165,0,0,0,0,0,0,0,0,539.55
4.166,0,0,0,0,0,0,0,0,539.55
4.167,0,0,0,0,0,0,0,0,539.55
4.168,0,0,0,0,0,0,0,0,539.55
4.169,0,0,0,0,0,0,0,0,539.55
4.17,0,0,0,0,0,0,0,0,539.55
4.171,0,0,0,0,0,0,0,0,539.55
4.172,0,0,0,0,0,0,0,0,539.55
4.173,0,0,0,0,0,0,0,0,539.55
4.174,0,0,0,0,0,0,0,0,539.55
4.175,0,0,0,0,0,0,0,0,539.55
4.176,0,0,0,0,0,0,0,0,539.55
4.177,0,0,0,0,0,0,0,0,539.55
4.178,0,0,0,0,0,0,0,0,539.55
4.179,0,0,0,0,0,0,0,0,539.55
4.18,0,0,0,0,0,0,0,0,539.55
4.181,0,0,0,0,0,0,0,0,539.55
4.182,0,0,0,0,0,0,0,0,539.55
4.183,0,0,0,0,0,0,0,0,539.55
4.184,0,0,0,0,0,0,0,0,539.55
4.185,0,0,0,0,0,0,0,0,539.55
4.186,0,0,0,0,0,0,0,0,539.55
4.187,0,0,0,0,0,0,0,0,539.55
4.188,0,0,0,0,0,0,0,0,539.55
4.189,0,0,0,0,0,0,0,0,539.55
4.19,0,0,0,0,0,0,0,0,539.55
4.191,0,0,0,0,0,0,0,0,539.55
4.192,0,0,0,0,0,0,0,0,539.55
4.193,0,0,0,0,0,0,0,0,539.55
4.194,0,0,0,0,0,0,0,0,539.55
4.195,0,0,0,0,0,0,0,0,539.55
4.196,0,0,0,0,0,0,0,0,539.55
4.197,0,0,0,0,0,0,0,0,539.55
4.198,0,0,0,0,0,0,0,0,539.55
4.199,0,0,0,0,0,0,0,0,539.55
4.2,0,0,0,0,0,0,0,0,539.55
4.201,0,0,0,0,0,0,0,0,539.55
4.202,0,0,0,0,0,0,0,0,539.55
4.203,0,0,0,0,0,0,0,0,539.55
4.204,0,0,0,0,0,0,0,0,539.55
4.205,0,0,0,0,0,0,0,0,539.55
4.206,0,0,0,0,0,0,0,0,539.55
4.207,0,0,0,0,0,0,0,0,539.55
4.208,0,0,0,0,0,0,0,0,539.55
4.209,0,0,0,0,0,0,0,0,539.55
4.21,0,0,0,0,0,0,0,0,539.55
4.211,0,0,0,0,0,0,0,0,539.55
4.212,0,0,0,0,0,0,0,0,539.55
4.213,0,0,0,0,0,0,0,0,539.55
4.214,0,0,0,0,0,0,0,0,539.55
4.215,0,0,0,0,0,0,0,0,539.55
4.216,0,0,0,0,0,0,0,0,539.55
4.217,0,0,0,0,0,0,0,0,539.55
4.218,0,0,0,0,0,0,0,0,539.55
4.219,0,0,0,0,0,0,0,0,539.55
4.22,0,0,0,0,0,0,0,0,539.55
4.221,0,0,0,0,0,0,0,0,539.55
4.222,0,0,0,0,0,0,0,0,539.55
4.223,0,0,0,0,0,0,0,0,539.55
4.224,0,0,0,0,0,0,0,0,539.55
4.225,0,0,0,0,0,0,0,0,539.55
4.226,0,0,0,0,0,0,0,0,539.55
4.227,0,0,0,0,0,0,0,0,539.55
4.228,0,0,0,0,0,0,0,0,539.55
4.229,0,0,0,0,0,0,0,0,539.55
4.23,0,0,0,0,0,0,0,0,539.55
4.231,0,0,0,0,0,0,0,0,539.55
4.232,0,0,0,0,0,0,0,0,539.55
4.233,0,0,0,0,0,0,0,0,539.55
4.234,0,0,0,0,0,0,0,0,539.55
4.235,0,0,0,0,0,0,0,0,539.55
4.236,0,0,0,0,0,0,0,0,539.55
4.237,0,0,0,0,0,0,0,0,539.55
4.238,0,0,0,0,0,0,0,0,539.55
4.239,0,0,0,0,0,0,0,0,539.55
4.24,0,0,0,0,0,0,0,0,539.55
4.241,0,0,0,0,0,0,0,0,539.55
4.242,0,0,0,0,0,0,0,0,539.55
4.243,0,0,0,0,0,0,0,0,539.55
4.244,0,0,0,0,0,0,0,0,539.55
4.245,0,0,0,0,0,0,0,0,539.55
4.246,0,0,0,0,0,0,0,0,539.55
4.247,0,0,0,0,0,0,0,0,539.55
4.248,0,0,0,0,0,0,0,0,539.55
4.249,0,0,0,0,0,0,0,0,539.55
4.25,0,0,0,0,0,0,0,0,539.55
4.251,0,0,0,0,0,0,0,0,539.55
4.252,0,0,0,0,0,0,0,0,539.55
4.253,0,0,0,0,0,0,0,0,539.55
4.254,0,0,0,0,0,0,0,0,539.55
4.255,0,0,0,0,0,0,0,0,539.55
4.256,0,0,0,0,0,0,0,0,539.55
4.257,0,0,0,0,0,0,0,0,539.55
4.258,0,0,0,0,0,0,0,0,539.55
4.259,0,0,0,0,0,0,0,0,539.55
4.26,0,0,0,0,0,0,0,0,539.55
4.261,0,0,0,0,0,0,0,0,539.55
4.262,0,0,0,0,0,0,0,0,539.55
4.263,0,0,0,0,0,0,0,0,539.55
4.264,0,0,0,0,0,0,0,0,539.55
4.265,0,0,0,0,0,0,0,0,539.55
4.266,0,0,0,0,0,0,0,0,539.55
4.267,0,0,0,0,0,0,0,0,539.55
4.268,0,0,0,0,0,0,0,0,539.55
4.269,0,0,0,0,0,0,0,0,539.55
4.27,0,0,0,0,0,0,0,0,539.55
4.271,0,0,0,0,0,0,0,0,539.55
4.272,0,0,0,0,0,0,0,0,539.55
4.273,0,0,0,0,0,0,0,0,539.55
4.274,0,0,0,0,0,0,0,0,539.55
4.275,0,0,0,0,0,0,0,0,539.55
4.276,0,0,0,0,0,0,0,0,539.55
4.277,0,0,0,0,0,0,0,0,539.55
4.278,0,0,0,0,0,0,0,0,539.55
4.279,0,0,0,0,0,0,0,0,539.55
4.28,0,0,0,0,0,0,0,0,539.55
4.281,0,0,0,0,0,0,0,0,539.55
4.282,0,0,0,0,0,0,0,0,539.55
4.283,0,0,0,0,0,0,0,0,539.55
4.284,0,0,0,0,0,0,0,0,539.55
4.285,0,0,0,0,0,0,0,0,539.55
4.286,0,0,0,0,0,0,0,0,539.55
4.287,0,0,0,0,0,0,0,0,539.55
4.288,0,0,0,0,0,0,0,0,539.55
4.289,0,0,0,0,0,0,0,0,539.55
4.29,0,0,0,0,0,0,0,0,539.55
4.291,0,0,0,0,0,0,0,0,539.55
4.292,0,0,0,0,0,0,0,0,539.55
4.293,0,0,0,0,0,0,0,0,539.55
4.294,0,0,0,0,0,0,0,0,539.55
4.295,0,0,0,0,0,0,0,0,539.55
4.296,0,0,0,0,0,0,0,0,539.55
4.297,0,0,0,0,0,0,0,0,539.55
4.298,0,0,0,0,0,0,0,0,539.55
4.299,0,0,0,0,0,0,0,0,539.55
4.3,0,0,0,0,0,0,0,0,539.55
4.301,0,0,0,0,0,0,0,0,539.55
4.302,0,0,0,0,0,0,0,0,539.55
4.303,0,0,0,0,0,0,0,0,539.55
4.304,0,0,0,0,0,0,0,0,539.55
4.305,0,0,0,0,0,0,0,0,539.55
4.306,0,0,0,0,0,0,0,0,539.55
4.307,0,0,0,0,0,0,0,0,539.55
4.308,0,0,0,0,0,0,0,0,539.55
4.309,0,0,0,0,0,0,0,0,539.55
4.31,0,0,0,0,0,0,0,0,539.55
4.311,0,0,0,0,0,0,0,0,539.55
4.312,0,0,0,0,0,0,0,0,539.55
4.313,0,0,0,0,0,0,0,0,539.55
4.314,0,0,0,0,0,0,0,0,539.55
4.315,0,0,0,0,0,0,0,0,539.55
4.316,0,0,0,0,0,0,0,0,539.55
4.317,0,0,0,0,0,0,0,0,539.55
4.318,0,0,0,0,0,0,0,0,539.55
4.319,0,0,0,0,0,0,0,0,539.55
4.32,0,0,0,0,0,0,0,0,539.55
4.321,0,0,0,0,0,0,0,0,539.55
4.322,0,0,0,0,0,0,0,0,539.55
4.323,0,0,0,0,0,0,0,0,539.55
4.324,0,0,0,0,0,0,0,0,539.55
4.325,0,0,0,0,0,0,0,0,539.55
4.326,0,0,0,0,0,0,0,0,539.55
4.327,0,0,0,0,0,0,0,0,539.55
4.328,0,0,0,0,0,0,0,0,539.55
4.329,0,0,0,0,0,0,0,0,539.55
4.33,0,0,0,0,0,0,0,0,539.55
4.331,0,0,0,0,0,0,0,0,539.55
4.332,0,0,0,0,0,0,0,0,539.55
4.333,0,0,0,0,0,0,0,0,539.55
4.334,0,0,0,0,0,0,0,0,539.55
4.335,0,0,0,0,0,0,0,0,539.55
4.336,0,0,0,0,0,0,0,0,539.55
4.337,0,0,0,0,0,0,0,0,539.55
4.338,0,0,0,0,0,0,0,0,539.55
4.339,0,0,0,0,0,0,0,0,539.55
4.34,0,0,0,0,0,0,0,0,539.55
4.341,0,0,0,0,0,0,0,0,539.55
4.342,0,0,0,0,0,0,0,0,539.55
4.343,0,0,0,0,0,0,0,0,539.55
4.344,0,0,0,0,0,0,0,0,539.55
4.345,0,0,0,0,0,0,0,0,539.55
4.346,0,0,0,0,0,0,0,0,539.55
4.347,0,0,0,0,0,0,0,0,539.55
4.348,0,0,0,0,0,0,0,0,539.55
4.349,0,0,0,0,0,0,0,0,539.55
4.35,0,0,0,0,0,0,0,0,539.55
4.351,0,0,0,0,0,0,0,0,539.55
4.352,0,0,0,0,0,0,0,0,539.55
4.353,0,0,0,0,0,0,0,0,539.55
4.354,0,0,0,0,0,0,0,0,539.55
4.355,0,0,0,0,0,0,0,0,539.55
4.356,0,0,0,0,0,0,0,0,539.55
4.357,0,0,0,0,0,0,0,0,539.55
4.358,0,0,0,0,0,0,0,0,539.55
4.359,0,0,0,0,0,0,0,0,539.55
4.36,0,0,0,0,0,0,0,0,539.55
4.361,0,0,0,0,0,0,0,0,539.55
4.362,0,0,0,0,0,0,0,0,539.55
4.363,0,0,0,0,0,0,0,0,539.55
4.364,0,0,0,0,0,0,0,0,539.55
4.365,0,0,0,0,0,0,0,0,539.55
4.366,0,0,0,0,0,0,0,0,539.55
4.367,0,0,0,0,0,0,0,0,539.55
4.368,0,0,0,0,0,0,0,0,539.55
4.369,0,0,0,0,0,0,0,0,539.55
4.37,0,0,0,0,0,0,0,0,539.55
4.371,0,0,0,0,0,0,0,0,539.55
4.372,0,0,0,0,0,0,0,0,539.55
4.373,0,0,0,0,0,0,0,0,539.55
4.374,0,0,0,0,0,0,0,0,539.55
4.375,0,0,0,0,0,0,0,0,539.55
4.376,0,0,0,0,0,0,0,0,539.55
4.377,0,0,0,0,0,0,0,0,539.55
4.378,0,0,0,0,0,0,0,0,539.55
4.379,0,0,0,0,0,0,0,0,539.55
4.38,0,0,0,0,0,0,0,0,539.55
4.381,0,0,0,0,0,0,0,0,539.55
4.382,0,0,0,0,0,0,0,0,539.55
4.383,0,0,0,0,0,0,0,0,539.55
4.384,0,0,0,0,0,0,0,0,539.55
4.385,0,0,0,0,0,0,0,0,539.55
4.386,0,0,0,0,0,0,0,0,539.55
4.387,0,0,0,0,0,0,0,0,539.55
4.388,0,0,0,0,0,0,0,0,539.55
4.389,0,0,0,0,0,0,0,0,539.55
4.39,0,0,0,0,0,0,0,0,539.55
4.391,0,0,0,0,0,0,0,0,539.55
4.392,0,0,0,0,0,0,0,0,539.55
4.393,0,0,0,0,0,0,0,0,539.55
4.394,0,0,0,0,0,0,0,0,539.55
4.395,0,0,0,0,0,0,0,0,539.55
4.396,0,0,0,0,0,0,0,0,539.55
4.397,0,0,0,0,0,0,0,0,539.55
4.398,0,0,0,0,0,0,0,0,539.55
4.399,0,0,0,0,0,0,0,0,539.55
4.4,0,0,0,0,0,0,0,0,539.55
4.401,0,0,0,0,0,0,0,0,539.55
4.402,0,0,0,0,0,0,0,0,539.55
4.403,0,0,0,0,0,0,0,0,539.55
4.404,0,0,0,0,0,0,0,0,539.55
4.405,0,0,0,0,0,0,0,0,539.55
4.406,0,0,0,0,0,0,0,0,539.55
4.407,0,0,0,0,0,0,0,0,539.55
4.408,0,0,0,0,0,0,0,0,539.55
4.409,0,0,0,0,0,0,0,0,539.55
4.41,0,0,0,0,0,0,0,0,539.55
4.411,0,0,0,0,0,0,0,0,539.55
4.412,0,0,0,0,0,0,0,0,539.55
4.413,0,0,0,0,0,0,0,0,539.55
4.414,0,0,0,0,0,0,0,0,539.55
4.415,0,0,0,0,0,0,0,0,539.55
4.416,0,0,0,0,0,0,0,0,539.55
4.417,0,0,0,0,0,0,0,0,539.55
4.418,0,0,0,0,0,0,0,0,539.55
4.419,0,0,0,0,0,0,0,0,539.55
4.42,0,0,0,0,0,0,0,0,539.55
4.421,0,0,0,0,0,0,0,0,539.55
4.422,0,0,0,0,0,0,0,0,539.55
4.423,0,0,0,0,0,0,0,0,539.55
4.424,0,0,0,0,0,0,0,0,539.55
4.425,0,0,0,0,0,0,0,0,539.55
4.426,0,0,0,0,0,0,0,0,539.55
4.427,0,0,0,0,0,0,0,0,539.55
4.428,0,0,0,0,0,0,0,0,539.55
4.429,0,0,0,0,0,0,0,0,539.55
4.43,0,0,0,0,0,0,0,0,539.55
4.431,0,0,0,0,0,0,0,0,539.55
4.432,0,0,0,0,0,0,0,0,539.55
4.433,0,0,0,0,0,0,0,0,539.55
4.434,0,0,0,0,0,0,0,0,539.55
4.435,0,0,0,0,0,0,0,0,539.55
4.436,0,0,0,0,0,0,0,0,539.55
4.437,0,0,0,0,0,0,0,0,539.55
4.438,0,0,0,0,0,0,0,0,539.55
4.439,0,0,0,0,0,0,0,0,539.55
4.44,0,0,0,0,0,0,0,0,539.55
4.441,0,0,0,0,0,0,0,0,539.55
4.442,0,0,0,0,0,0,0,0,539.55
4.443,0,0,0,0,0,0,0,0,539.55
4.444,0,0,0,0,0,0,0,0,539.55
4.445,0,0,0,0,0,0,0,0,539.55
4.446,0,0,0,0,0,0,0,0,539.55
4.447,0,0,0,0,0,0,0,0,539.55
4.448,0,0,0,0,0,0,0,0,539.55
4.449,0,0,0,0,0,0,0,0,539.55
4.45,0,0,0,0,0,0,0,0,539.55
4.451,0,0,0,0,0,0,0,0,539.55
4.452,0,0,0,0,0,0,0,0,539.55
4.453,0,0,0,0,0,0,0,0,539.55
4.454,0,0,0,0,0,0,0,0,539.55
4.455,0,0,0,0,0,0,0,0,539.55
4.456,0,0,0,0,0,0,0,0,539.55
4.457,0,0,0,0,0,0,0,0,539.55
4.458,0,0,0,0,0,0,0,0,539.55
4.459,0,0,0,0,0,0,0,0,539.55
4.46,0,0,0,0,0,0,0,0,539.55
4.461,0,0,0,0,0,0,0,0,539.55
4.462,0,0,0,0,0,0,0,0,539.55
4.463,0,0,0,0,0,0,0,0,539.55
4.464,0,0,0,0,0,0,0,0,539.55
4.465,0,0,0,0,0,0,0,0,539.55
4.466,0,0,0,0,0,0,0,0,539.55
4.467,0,0,0,0,0,0,0,0,539.55
4.468,0,0,0,0,0,0,0,0,539.55
4.469,0,0,0,0,0,0,0,0,539.55
4.47,0,0,0,0,0,0,0,0,539.55
4.471,0,0,0,0,0,0,0,0,539.55
4.472,0,0,0,0,0,0,0,0,539.55
4.473,0,0,0,0,0,0,0,0,539.55
4.474,0,0,0,0,0,0,0,0,539.55
4.475,0,0,0,0,0,0,0,0,539.55
4.476,0,0,0,0,0,0,0,0,539.55
4.477,0,0,0,0,0,0,0,0,539.55
4.478,0,0,0,0,0,0,0,0,539.55
4.479,0,0,0,0,0,0,0,0,539.55
4.48,0,0,0,0,0,0,0,0,539.55
4.481,0,0,0,0,0,0,0,0,539.55
4.482,0,0,0,0,0,0,0,0,539.55
4.483,0,0,0,0,0,0,0,0,539.55
4.484,0,0,0,0,0,0,0,0,539.55
4.485,0,0,0,0,0,0,0,0,539.55
4.486,0,0,0,0,0,0,0,0,539.55
4.487,0,0,0,0,0,0,0,0,539.55
4.488,0,0,0,0,0,0,0,0,539.55
4.489,0,0,0,0,0,0,0,0,539.55
4.49,0,0,0,0,0,0,0,0,539.55
4.491,0,0,0,0,0,0,0,0,539.55
4.492,0,0,0,0,0,0,0,0,539.55
4.493,0,0,0,0,0,0,0,0,539.55
4.494,0,0,0,0,0,0,0,0,539.55
4.495,0,0,0,0,0,0,0,0,539.55
4.496,0,0,0,0,0,0,0,0,539.55
4.497,0,0,0,0,0,0,0,0,539.55
4.498,0,0,0,0,0,0,0,0,539.55
4.499,0,0,0,0,0,0,0,0,539.55
4.5,0,0,0,0,0,0,0,0,539.55
4.501,0,0,0,0,0,0,0,0,539.55
4.502,0,0,0,0,0,0,0,0,539.55
4.503,0,0,0,0,0,0,0,0,539.55
4.504,0,0,0,0,0,0,0,0,539.55
4.505,0,0,0,0,0,0,0,0,539.55
4.506,0,0,0,0,0,0,0,0,539.55
4.507,0,0,0,0,0,0,0,0,539.55
4.508,0,0,0,0,0,0,0,0,539.55
4.509,0,0,0,0,0,0,0,0,539.55
4.51,0,0,0,0,0,0,0,0,539.55
4.511,0,0,0,0,0,0,0,0,539.55
4.512,0,0,0,0,0,0,0,0,539.55
4.513,0,0,0,0,0,0,0,0,539.55
4.514,0,0,0,0,0,0,0,0,539.55
4.515,0,0,0,0,0,0,0,0,539.55
4.516,0,0,0,0,0,0,0,0,539.55
4.517,0,0,0,0,0,0,0,0,539.55
4.518,0,0,0,0,0,0,0,0,539.55
4.519,0,0,0,0,0,0,0,0,539.55
4.52,0,0,0,0,0,0,0,0,539.55
4.521,0,0,0,0,0,0,0,0,539.55
4.522,0,0,0,0,0,0,0,0,539.55
4.523,0,0,0,0,0,0,0,0,539.55
4.524,0,0,0,0,0,0,0,0,539.55
4.525,0,0,0,0,0,0,0,0,539.55
4.526,0,0,0,0,0,0,0,0,539.55
4.527,0,0,0,0,0,0,0,0,539.55
4.528,0,0,0,0,0,0,0,0,539.55
4.529,0,0,0,0,0,0,0,0,539.55
4.53,0,0,0,0,0,0,0,0,539.55
4.531,0,0,0,0,0,0,0,0,539.55
4.532,0,0,0,0,0,0,0,0,539.55
4.533,0,0,0,0,0,0,0,0,539.55
4.534,0,0,0,0,0,0,0,0,539.55
4.535,0,0,0,0,0,0,0,0,539.55
4.536,0,0,0,0,0,0,0,0,539.55
4.537,0,0,0,0,0,0,0,0,539.55
4.538,0,0,0,0,0,0,0,0,539.55
4.539,0,0,0,0,0,0,0,0,539.55
4.54,0,0,0,0,0,0,0,0,539.55
4.541,0,0,0,0,0,0,0,0,539.55
4.542,0,0,0,0,0,0,0,0,539.55
4.543,0,0,0,0,0,0,0,0,539.55
4.544,0,0,0,0,0,0,0,0,539.55
4.545,0,0,0,0,0,0,0,0,539.55
4.546,0,0,0,0,0,0,0,0,539.55
4.547,0,0,0,0,0,0,0,0,539.55
4.548,0,0,0,0,0,0,0,0,539.55
4.549,0,0,0,0,0,0,0,0,539.55
4.55,0,0,0,0,0,0,0,0,539.55
4.551,0,0,0,0,0,0,0,0,539.55
4.552,0,0,0,0,0,0,0,0,539.55
4.553,0,0,0,0,0,0,0,0,539.55
4.554,0,0,0,0,0,0,0,0,539.55
4.555,0,0,0,0,0,0,0,0,539.55
4.556,0,0,0,0,0,0,0,0,539.55
4.557,0,0,0,0,0,0,0,0,539.55
4.558,0,0,0,0,0,0,0,0,539.55
4.559,0,0,0,0,0,0,0,0,539.55
4.56,0,0,0,0,0,0,0,0,539.55
4.561,0,0,0,0,0,0,0,0,539.55
4.562,0,0,0,0,0,0,0,0,539.55
4.563,0,0,0,0,0,0,0,0,539.55
4.564,0,0,0,0,0,0,0,0,539.55
4.565,0,0,0,0,0,0,0,0,539.55
4.566,0,0,0,0,0,0,0,0,539.55
4.567,0,0,0,0,0,0,0,0,539.55
4.568,0,0,0,0,0,0,0,0,539.55
4.569,0,0,0,0,0,0,0,0,539.55
4.57,0,0,0,0,0,0,0,0,539.55
4.571,0,0,0,0,0,0,0,0,539.55
4.572,0,0,0,0,0,0,0,0,539.55
4.573,0,0,0,0,0,0,0,0,539.55
4.574,0,0,0,0,0,0,0,0,539.55
4.575,0,0,0,0,0,0,0,0,539.55
4.576,0,0,0,0,0,0,0,0,539.55
4.577,0,0,0,0,0,0,0,0,539.55
4.578,0,0,0,0,0,0,0,0,539.55
4.579,0,0,0,0,0,0,0,0,539.55
4.58,0,0,0,0,0,0,0,0,539.55
4.581,0,0,0,0,0,0,0,0,539.55
4.582,0,0,0,0,0,0,0,0,539.55
4.583,0,0,0,0,0,0,0,0,539.55
4.584,0,0,0,0,0,0,0,0,539.55
4.585,0,0,0,0,0,0,0,0,539.55
4.586,0,0,0,0,0,0,0,0,539.55
4.587,0,0,0,0,0,0,0,0,539.55
4.588,0,0,0,0,0,0,0,0,539.55
4.589,0,0,0,0,0,0,0,0,539.55
4.59,0,0,0,0,0,0,0,0,539.55
4.591,0,0,0,0,0,0,0,0,539.55
4.592,0,0,0,0,0,0,0,0,539.55
4.593,0,0,0,0,0,0,0,0,539.55
4.594,0,0,0,0,0,0,0,0,539.55
4.595,0,0,0,0,0,0,0,0,539.55
4.596,0,0,0,0,0,0,0,0,539.55
4.597,0,0,0,0,0,0,0,0,539.55
4.598,0,0,0,0,0,0,0,0,539.55
4.599,0,0,0,0,0,0,0,0,539.55
4.6,0,0,0,0,0,0,0,0,539.55
4.601,0,0,0,0,0,0,0,0,539.55
4.602,0,0,0,0,0,0,0,0,539.55
4.603,0,0,0,0,0,0,0,0,539.55
4.604,0,0,0,0,0,0,0,0,539.55
4.605,0,0,0,0,0,0,0,0,539.55
4.606,0,0,0,0,0,0,0,0,539.55
4.607,0,0,0,0,0,0,0,0,539.55
4.608,0,0,0,0,0,0,0,0,539.55
4.609,0,0,0,0,0,0,0,0,539.55
4.61,0,0,0,0,0,0,0,0,539.55
4.611,0,0,0,0,0,0,0,0,539.55
4.612,0,0,0,0,0,0,0,0,539.55
4.613,0,0,0,0,0,0,0,0,539.55
4.614,0,0,0,0,0,0,0,0,539.55
4.615,0,0,0,0,0,0,0,0,539.55
4.616,0,0,0,0,0,0,0,0,539.55
4.617,0,0,0,0,0,0,0,0,539.55
4.618,0,0,0,0,0,0,0,0,539.55
4.619,0,0,0,0,0,0,0,0,539.55
4.62,0,0,0,0,0,0,0,0,539.55
4.621,0,0,0,0,0,0,0,0,539.55
4.622,0,0,0,0,0,0,0,0,539.55
4.623,0,0,0,0,0,0,0,0,539.55
4.624,0,0,0,0,0,0,0,0,539.55
4.625,0,0,0,0,0,0,0,0,539.55
4.626,0,0,0,0,0,0,0,0,539.55
4.627,0,0,0,0,0,0,0,0,539.55
4.628,0,0,0,0,0,0,0,0,539.55
4.629,0,0,0,0,0,0,0,0,539.55
4.63,0,0,0,0,0,0,0,0,539.55
4.631,0,0,0,0,0,0,0,0,539.55
4.632,0,0,0,0,0,0,0,0,539.55
4.633,0,0,0,0,0,0,0,0,539.55
4.634,0,0,0,0,0,0,0,0,539.55
4.635,0,0,0,0,0,0,0,0,539.55
4.636,0,0,0,0,0,0,0,0,539.55
4.637,0,0,0,0,0,0,0,0,539.55
4.638,0,0,0,0,0,0,0,0,539.55
4.639,0,0,0,0,0,0,0,0,539.55
4.64,0,0,0,0,0,0,0,0,539.55
4.641,0,0,0,0,0,0,0,0,539.55
4.642,0,0,0,0,0,0,0,0,539.55
4.643,0,0,0,0,0,0,0,0,539.55
4.644,0,0,0,0,0,0,0,0,539.55
4.645,0,0,0,0,0,0,0,0,539.55
4.646,0,0,0,0,0,0,0,0,539.55
4.647,0,0,0,0,0,0,0,0,539.55
4.648,0,0,0,0,0,0,0,0,539.55
4.649,0,0,0,0,0,0,0,0,539.55
4.65,0,0,0,0,0,0,0,0,539.55
4.651,0,0,0,0,0,0,0,0,539.55
4.652,0,0,0,0,0,0,0,0,539.55
4.653,0,0,0,0,0,0,0,0,539.55
4.654,0,0,0,0,0,0,0,0,539.55
4.655,0,0,0,0,0,0,0,0,539.55
4.656,0,0,0,0,0,0,0,0,539.55
4.657,0,0,0,0,0,0,0,0,539.55
4.658,0,0,0,0,0,0,0,0,539.55
4.659,0,0,0,0,0,0,0,0,539.55
4.66,0,0,0,0,0,0,0,0,539.55
4.661,0,0,0,0,0,0,0,0,539.55
4.662,0,0,0,0,0,0,0,0,539.55
4.663,0,0,0,0,0,0,0,0,539.55
4.664,0,0,0,0,0,0,0,0,539.55
4.665,0,0,0,0,0,0,0,0,539.55
4.666,0,0,0,0,0,0,0,0,539.55
4.667,0,0,0,0,0,0,0,0,539.55
4.668,0,0,0,0,0,0,0,0,539.55
4.669,0,0,0,0,0,0,0,0,539.55
4.67,0,0,0,0,0,0,0,0,539.55
4.671,0,0,0,0,0,0,0,0,539.55
4.672,0,0,0,0,0,0,0,0,539.55
4.673,0,0,0,0,0,0,0,0,539.55
4.674,0,0,0,0,0,0,0,0,539.55
4.675,0,0,0,0,0,0,0,0,539.55
4.676,0,0,0,0,0,0,0,0,539.55
4.677,0,0,0,0,0,0,0,0,539.55
4.678,0,0,0,0,0,0,0,0,539.55
4.679,0,0,0,0,0,0,0,0,539.55
4.68,0,0,0,0,0,0,0,0,539.55
4.681,0,0,0,0,0,0,0,0,539.55
4.682,0,0,0,0,0,0,0,0,539.55
4.683,0,0,0,0,0,0,0,0,539.55
4.684,0,0,0,0,0,0,0,0,539.55
4.685,0,0,0,0,0,0,0,0,539.55
4.686,0,0,0,0,0,0,0,0,539.55
4.687,0,0,0,0,0,0,0,0,539.55
4.688,0,0,0,0,0,0,0,0,539.55
4.689,0,0,0,0,0,0,0,0,539.55
4.69,0,0,0,0,0,0,0,0,539.55
4.691,0,0,0,0,0,0,0,0,539.55
4.692,0,0,0,0,0,0,0,0,539.55
4.693,0,0,0,0,0,0,0,0,539.55
4.694,0,0,0,0,0,0,0,0,539.55
4.695,0,0,0,0,0,0,0,0,539.55
4.696,0,0,0,0,0,0,0,0,539.55
4.697,0,0,0,0,0,0,0,0,539.55
4.698,0,0,0,0,0,0,0,0,539.55
4.699,0,0,0,0,0,0,0,0,539.55
4.7,0,0,0,0,0,0,0,0,539.55
4.701,0,0,0,0,0,0,0,0,539.55
4.702,0,0,0,0,0,0,0,0,539.55
4.703,0,0,0,0,0,0,0,0,539.55
4.704,0,0,0,0,0,0,0,0,539.55
4.705,0,0,0,0,0,0,0,0,539.55
4.706,0,0,0,0,0,0,0,0,539.55
4.707,0,0,0,0,0,0,0,0,539.55
4.708,0,0,0,0,0,0,0,0,539.55
4.709,0,0,0,0,0,0,0,0,539.55
4.71,0,0,0,0,0,0,0,0,539.55
4.711,0,0,0,0,0,0,0,0,539.55
4.712,0,0,0,0,0,0,0,0,539.55
4.713,0,0,0,0,0,0,0,0,539.55
4.714,0,0,0,0,0,0,0,0,539.55
4.715,0,0,0,0,0,0,0,0,539.55
4.716,0,0,0,0,0,0,0,0,539.55
4.717,0,0,0,0,0,0,0,0,539.55
4.718,0,0,0,0,0,0,0,0,539.55
4.719,0,0,0,0,0,0,0,0,539.55
4.72,0,0,0,0,0,0,0,0,539.55
4.721,0,0,0,0,0,0,0,0,539.55
4.722,0,0,0,0,0,0,0,0,539.55
4.723,0,0,0,0,0,0,0,0,539.55
4.724,0,0,0,0,0,0,0,0,539.55
4.725,0,0,0,0,0,0,0,0,539.55
4.726,0,0,0,0,0,0,0,0,539.55
4.727,0,0,0,0,0,0,0,0,539.55
4.728,0,0,0,0,0,0,0,0,539.55
4.729,0,0,0,0,0,0,0,0,539.55
4.73,0,0,0,0,0,0,0,0,539.55
4.731,0,0,0,0,0,0,0,0,539.55
4.732,0,0,0,0,0,0,0,0,539.55
4.733,0,0,0,0,0,0,0,0,539.55
4.734,0,0,0,0,0,0,0,0,539.55
4.735,0,0,0,0,0,0,0,0,539.55
4.736,0,0,0,0,0,0,0,0,539.55
4.737,0,0,0,0,0,0,0,0,539.55
4.738,0,0,0,0,0,0,0,0,539.55
4.739,0,0,0,0,0,0,0,0,539.55
4.74,0,0,0,0,0,0,0,0,539.55
4.741,0,0,0,0,0,0,0,0,539.55
4.742,0,0,0,0,0,0,0,0,539.55
4.743,0,0,0,0,0,0,0,0,539.55
4.744,0,0,0,0,0,0,0,0,539.55
4.745,0,0,0,0,0,0,0,0,539.55
4.746,0,0,0,0,0,0,0,0,539.55
4.747,0,0,0,0,0,0,0,0,539.55
4.748,0,0,0,0,0,0,0,0,539.55
4.749,0,0,0,0,0,0,0,0,539.55
4.75,0,0,0,0,0,0,0,0,539.55
4.751,0,0,0,0,0,0,0,0,539.55
4.752,0,0,0,0,0,0,0,0,539.55
4.753,0,0,0,0,0,0,0,0,539.55
4.754,0,0,0,0,0,0,0,0,539.55
4.755,0,0,0,0,0,0,0,0,539.55
4.756,0,0,0,0,0,0,0,0,539.55
4.757,0,0,0,0,0,0,0,0,539.55
4.758,0,0,0,0,0,0,0,0,539.55
4.759,0,0,0,0,0,0,0,0,539.55
4.76,0,0,0,0,0,0,0,0,539.55
4.761,0,0,0,0,0,0,0,0,539.55
4.762,0,0,0,0,0,0,0,0,539.55
4.763,0,0,0,0,0,0,0,0,539.55
4.764,0,0,0,0,0,0,0,0,539.55
4.765,0,0,0,0,0,0,0,0,539.55
4.766,0,0,0,0,0,0,0,0,539.55
4.767,0,0,0,0,0,0,0,0,539.55
4.768,0,0,0,0,0,0,0,0,539.55
4.769,0,0,0,0,0,0,0,0,539.55
4.77,0,0,0,0,0,0,0,0,539.55
4.771,0,0,0,0,0,0,0,0,539.55
4.772,0,0,0,0,0,0,0,0,539.55
4.773,0,0,0,0,0,0,0,0,539.55
4.774,0,0,0,0,0,0,0,0,539.55
4.775,0,0,0,0,0,0,0,0,539.55
4.776,0,0,0,0,0,0,0,0,539.55
4.777,0,0,0,0,0,0,0,0,539.55
4.778,0,0,0,0,0,0,0,0,539.55
4.779,0,0,0,0,0,0,0,0,539.55
4.78,0,0,0,0,0,0,0,0,539.55
4.781,0,0,0,0,0,0,0,0,539.55
4.782,0,0,0,0,0,0,0,0,539.55
4.783,0,0,0,0,0,0,0,0,539.55
4.784,0,0,0,0,0,0,0,0,539.55
4.785,0,0,0,0,0,0,0,0,539.55
4.786,0,0,0,0,0,0,0,0,539.55
4.787,0,0,0,0,0,0,0,0,539.55
4.788,0,0,0,0,0,0,0,0,539.55
4.789,0,0,0,0,0,0,0,0,539.55
4.79,0,0,0,0,0,0,0,0,539.55
4.791,0,0,0,0,0,0,0,0,539.55
4.792,0,0,0,0,0,0,0,0,539.55
4.793,0,0,0,0,0,0,0,0,539.55
4.794,0,0,0,0,0,0,0,0,539.55
4.795,0,0,0,0,0,0,0,0,539.55
4.796,0,0,0,0,0,0,0,0,539.55
4.797,0,0,0,0,0,0,0,0,539.55
4.798,0,0,0,0,0,0,0,0,539.55
4.799,0,0,0,0,0,0,0,0,539.55
4.8,0,0,0,0,0,0,0,0,539.55
4.801,0,0,0,0,0,0,0,0,539.55
4.802,0,0,0,0,0,0,0,0,539.55
4.803,0,0,0,0,0,0,0,0,539.55
4.804,0,0,0,0,0,0,0,0,539.55
4.805,0,0,0,0,0,0,0,0,539.55
4.806,0,0,0,0,0,0,0,0,539.55
4.807,0,0,0,0,0,0,0,0,539.55
4.808,0,0,0,0,0,0,0,0,539.55
4.809,0,0,0,0,0,0,0,0,539.55
4.81,0,0,0,0,0,0,0,0,539.55
4.811,0,0,0,0,0,0,0,0,539.55
4.812,0,0,0,0,0,0,0,0,539.55
4.813,0,0,0,0,0,0,0,0,539.55
4.814,0,0,0,0,0,0,0,0,539.55
4.815,0,0,0,0,0,0,0,0,539.55
4.816,0,0,0,0,0,0,0,0,539.55
4.817,0,0,0,0,0,0,0,0,539.55
4.818,0,0,0,0,0,0,0,0,539.55
4.819,0,0,0,0,0,0,0,0,539.55
4.82,0,0,0,0,0,0,0,0,539.55
4.821,0,0,0,0,0,0,0,0,539.55
4.822,0,0,0,0,0,0,0,0,539.55
4.823,0,0,0,0,0,0,0,0,539.55
4.824,0,0,0,0,0,0,0,0,539.55
4.825,0,0,0,0,0,0,0,0,539.55
4.826,0,0,0,0,0,0,0,0,539.55
4.827,0,0,0,0,0,0,0,0,539.55
4.828,0,0,0,0,0,0,0,0,539.55
4.829,0,0,0,0,0,0,0,0,539.55
4.83,0,0,0,0,0,0,0,0,539.55
4.831,0,0,0,0,0,0,0,0,539.55
4.832,0,0,0,0,0,0,0,0,539.55
4.833,0,0,0,0,0,0,0,0,539.55
4.834,0,0,0,0,0,0,0,0,539.55
4.835,0,0,0,0,0,0,0,0,539.55
4.836,0,0,0,0,0,0,0,0,539.55
4.837,0,0,0,0,0,0,0,0,539.55
4.838,0,0,0,0,0,0,0,0,539.55
4.839,0,0,0,0,0,0,0,0,539.55
4.84,0,0,0,0,0,0,0,0,539.55
4.841,0,0,0,0,0,0,0,0,539.55
4.842,0,0,0,0,0,0,0,0,539.55
4.843,0,0,0,0,0,0,0,0,539.55
4.844,0,0,0,0,0,0,0,0,539.55
4.845,0,0,0,0,0,0,0,0,539.55
4.846,0,0,0,0,0,0,0,0,539.55
4.847,0,0,0,0,0,0,0,0,539.55
4.848,0,0,0,0,0,0,0,0,539.55
4.849,0,0,0,0,0,0,0,0,539.55
4.85,0,0,0,0,0,0,0,0,539.55
4.851,0,0,0,0,0,0,0,0,539.55
4.852,0,0,0,0,0,0,0,0,539.55
4.853,0,0,0,0,0,0,0,0,539.55
4.854,0,0,0,0,0,0,0,0,539.55
4.855,0,0,0,0,0,0,0,0,539.55
4.856,0,0,0,0,0,0,0,0,539.55
4.857,0,0,0,0,0,0,0,0,539.55
4.858,0,0,0,0,0,0,0,0,539.55
4.859,0,0,0,0,0,0,0,0,539.55
4.86,0,0,0,0,0,0,0,0,539.55
4.861,0,0,0,0,0,0,0,0,539.55
4.862,0,0,0,0,0,0,0,0,539.55
4.863,0,0,0,0,0,0,0,0,539.55
4.864,0,0,0,0,0,0,0,0,539.55
4.865,0,0,0,0,0,0,0,0,539.55
4.866,0,0,0,0,0,0,0,0,539.55
4.867,0,0,0,0,0,0,0,0,539.55
4.868,0,0,0,0,0,0,0,0,539.55
4.869,0,0,0,0,0,0,0,0,539.55
4.87,0,0,0,0,0,0,0,0,539.55
4.871,0,0,0,0,0,0,0,0,539.55
4.872,0,0,0,0,0,0,0,0,539.55
4.873,0,0,0,0,0,0,0,0,539.55
4.874,0,0,0,0,0,0,0,0,539.55
4.875,0,0,0,0,0,0,0,0,539.55
4.876,0,0,0,0,0,0,0,0,539.55
4.877,0,0,0,0,0,0,0,0,539.55
4.878,0,0,0,0,0,0,0,0,539.55
4.879,0,0,0,0,0,0,0,0,539.55
4.88,0,0,0,0,0,0,0,0,539.55
4.881,0,0,0,0,0,0,0,0,539.55
4.882,0,0,0,0,0,0,0,0,539.55
4.883,0,0,0,0,0,0,0,0,539.55
4.884,0,0,0,0,0,0,0,0,539.55
4.885,0,0,0,0,0,0,0,0,539.55
4.886,0,0,0,0,0,0,0,0,539.55
4.887,0,0,0,0,0,0,0,0,539.55
4.888,0,0,0,0,0,0,0,0,539.55
4.889,0,0,0,0,0,0,0,0,539.55
4.89,0,0,0,0,0,0,0,0,539.55
4.891,0,0,0,0,0,0,0,0,539.55
4.892,0,0,0,0,0,0,0,0,539.55
4.893,0,0,0,0,0,0,0,0,539.55
4.894,0,0,0,0,0,0,0,0,539.55
4.895,0,0,0,0,0,0,0,0,539.55
4.896,0,0,0,0,0,0,0,0,539.55
4.897,0,0,0,0,0,0,0,0,539.55
4.898,0,0,0,0,0,0,0,0,539.55
4.899,0,0,0,0,0,0,0,0,539.55
4.9,0,0,0,0,0,0,0,0,539.55
4.901,0,0,0,0,0,0,0,0,539.55
4.902,0,0,0,0,0,0,0,0,539.55
4.903,0,0,0,0,0,0,0,0,539.55
4.904,0,0,0,0,0,0,0,0,539.55
4.905,0,0,0,0,0,0,0,0,539.55
4.906,0,0,0,0,0,0,0,0,539.55
4.907,0,0,0,0,0,0,0,0,539.55
4.908,0,0,0,0,0,0,0,0,539.55
4.909,0,0,0,0,0,0,0,0,539.55
4.91,0,0,0,0,0,0,0,0,539.55
4.911,0,0,0,0,0,0,0,0,539.55
4.912,0,0,0,0,0,0,0,0,539.55
4.913,0,0,0,0,0,0,0,0,539.55
4.914,0,0,0,0,0,0,0,0,539.55
4.915,0,0,0,0,0,0,0,0,539.55
4.916,0,0,0,0,0,0,0,0,539.55
4.917,0,0,0,0,0,0,0,0,539.55
4.918,0,0,0,0,0,0,0,0,539.55
4.919,0,0,0,0,0,0,0,0,539.55
4.92,0,0,0,0,0,0,0,0,539.55
4.921,0,0,0,0,0,0,0,0,539.55
4.922,0,0,0,0,0,0,0,0,539.55
4.923,0,0,0,0,0,0,0,0,539.55
4.924,0,0,0,0,0,0,0,0,539.55
4.925,0,0,0,0,0,0,0,0,539.55
4.926,0,0,0,0,0,0,0,0,539.55
4.927,0,0,0,0,0,0,0,0,539.55
4.928,0,0,0,0,0,0,0,0,539.55
4.929,0,0,0,0,0,0,0,0,539.55
4.93,0,0,0,0,0,0,0,0,539.55
4.931,0,0,0,0,0,0,0,0,539.55
4.932,0,0,0,0,0,0,0,0,539.55
4.933,0,0,0,0,0,0,0,0,539.55
4.934,0,0,0,0,0,0,0,0,539.55
4.935,0,0,0,0,0,0,0,0,539.55
4.936,0,0,0,0,0,0,0,0,539.55
4.937,0,0,0,0,0,0,0,0,539.55
4.938,0,0,0,0,0,0,0,0,539.55
4.939,0,0,0,0,0,0,0,0,539.55
4.94,0,0,0,0,0,0,0,0,539.55
4.941,0,0,0,0,0,0,0,0,539.55
4.942,0,0,0,0,0,0,0,0,539.55
4.943,0,0,0,0,0,0,0,0,539.55
4.944,0,0,0,0,0,0,0,0,539.55
4.945,0,0,0,0,0,0,0,0,539.55
4.946,0,0,0,0,0,0,0,0,539.55
4.947,0,0,0,0,0,0,0,0,539.55
4.948,0,0,0,0,0,0,0,0,539.55
4.949,0,0,0,0,0,0,0,0,539.55
4.95,0,0,0,0,0,0,0,0,539.55
4.951,0,0,0,0,0,0,0,0,539.55
4.952,0,0,0,0,0,0,0,0,539.55
4.953,0,0,0,0,0,0,0,0,539.55
4.954,0,0,0,0,0,0,0,0,539.55
4.955,0,0,0,0,0,0,0,0,539.55
4.956,0,0,0,0,0,0,0,0,539.55
4.957,0,0,0,0,0,0,0,0,539.55
4.958,0,0,0,0,0,0,0,0,539.55
4.959,0,0,0,0,0,0,0,0,539.55
4.96,0,0,0,0,0,0,0,0,539.55
4.961,0,0,0,0,0,0,0,0,539.55
4.962,0,0,0,0,0,0,0,0,539.55
4.963,0,0,0,0,0,0,0,0,539.55
4.964,0,0,0,0,0,0,0,0,539.55
4.965,0,0,0,0,0,0,0,0,539.55
4.966,0,0,0,0,0,0,0,0,539.55
4.967,0,0,0,0,0,0,0,0,539.55
4.968,0,0,0,0,0,0,0,0,539.55
4.969,0,0,0,0,0,0,0,0,539.55
4.97,0,0,0,0,0,0,0,0,539.55
4.971,0,0,0,0,0,0,0,0,539.55
4.972,0,0,0,0,0,0,0,0,539.55
4.973,0,0,0,0,0,0,0,0,539.55
4.974,0,0,0,0,0,0,0,0,539.55
4.975,0,0,0,0,0,0,0,0,539.55
4.976,0,0,0,0,0,0,0,0,539.55
4.977,0,0,0,0,0,0,0,0,539.55
4.978,0,0,0,0,0,0,0,0,539.55
4.979,0,0,0,0,0,0,0,0,539.55
4.98,0,0,0,0,0,0,0,0,539.55
4.981,0,0,0,0,0,0,0,0,539.55
4.982,0,0,0,0,0,0,0,0,539.55
4.983,0,0,0,0,0,0,0,0,539.55
4.984,0,0,0,0,0,0,0,0,539.55
4.985,0,0,0,0,0,0,0,0,539.55
4.986,0,0,0,0,0,0,0,0,539.55
4.987,0,0,0,0,0,0,0,0,539.55
4.988,0,0,0,0,0,0,0,0,539.55
4.989,0,0,0,0,0,0,0,0,539.55
4.99,0,0,0,0,0,0,0,0,539.55
4.991,0,0,0,0,0,0,0,0,539.55
4.992,0,0,0,0,0,0,0,0,539.55
4.993,0,0,0,0,0,0,0,0,539.55
4.994,0,0,0,0,0,0,0,0,539.55
4.995,0,0,0,0,0,0,0,0,539.55
4.996,0,0,0,0,0,0,0,0,539.55
4.997,0,0,0,0,0,0,0,0,539.55
4.998,0,0,0,0,0,0,0,0,539.55
4.999,0,0,0,0,0,0,0,0,539.55
5,0,0,0,0,0,0,0,0,539.55
5.001,0,0,0,0,0,0,0,0,539.55
5.002,0,0,0,0,0,0,0,0,539.55
5.003,0,0,0,0,0,0,0,0,539.55
5.004,0,0,0,0,0,0,0,0,539.55
5.005,0,0,0,0,0,0,0,0,539.55
5.006,0,0,0,0,0,0,0,0,539.55
5.007,0,0,0,0,0,0,0,0,539.55
5.008,0,0,0,0,0,0,0,0,539.55
5.009,0,0,0,0,0,0,0,0,539.55
5.01,0,0,0,0,0,0,0,0,539.55
5.011,0,0,0,0,0,0,0,0,539.55
5.012,0,0,0,0,0,0,0,0,539.55
5.013,0,0,0,0,0,0,0,0,539.55
5.014,0,0,0,0,0,0,0,0,539.55
5.015,0,0,0,0,0,0,0,0,539.55
5.016,0,0,0,0,0,0,0,0,539.55
5.017,0,0,0,0,0,0,0,0,539.55
5.018,0,0,0,0,0,0,0,0,539.55
5.019,0,0,0,0,0,0,0,0,539.55
5.02,0,0,0,0,0,0,0,0,539.55
5.021,0,0,0,0,0,0,0,0,539.55
5.022,0,0,0,0,0,0,0,0,539.55
5.023,0,0,0,0,0,0,0,0,539.55
5.024,0,0,0,0,0,0,0,0,539.55
5.025,0,0,0,0,0,0,0,0,539.55
5.026,0,0,0,0,0,0,0,0,539.55
5.027,0,0,0,0,0,0,0,0,539.55
5.028,0,0,0,0,0,0,0,0,539.55
5.029,0,0,0,0,0,0,0,0,539.55
5.03,0,0,0,0,0,0,0,0,539.55
5.031,0,0,0,0,0,0,0,0,539.55
5.032,0,0,0,0,0,0,0,0,539.55
5.033,0,0,0,0,0,0,0,0,539.55
5.034,0,0,0,0,0,0,0,0,539.55
5.035,0,0,0,0,0,0,0,0,539.55
5.036,0,0,0,0,0,0,0,0,539.55
5.037,0,0,0,0,0,0,0,0,539.55
5.038,0,0,0,0,0,0,0,0,539.55
5.039,0,0,0,0,0,0,0,0,539.55
5.04,0,0,0,0,0,0,0,0,539.55
5.041,0,0,0,0,0,0,0,0,539.55
5.042,0,0,0,0,0,0,0,0,539.55
5.043,0,0,0,0,0,0,0,0,539.55
5.044,0,0,0,0,0,0,0,0,539.55
5.045,0,0,0,0,0,0,0,0,539.55
5.046,0,0,0,0,0,0,0,0,539.55
5.047,0,0,0,0,0,0,0,0,539.55
5.048,0,0,0,0,0,0,0,0,539.55
5.049,0,0,0,0,0,0,0,0,539.55
5.05,0,0,0,0,0,0,0,0,539.55
5.051,0,0,0,0,0,0,0,0,539.55
5.052,0,0,0,0,0,0,0,0,539.55
5.053,0,0,0,0,0,0,0,0,539.55
5.054,0,0,0,0,0,0,0,0,539.55
5.055,0,0,0,0,0,0,0,0,539.55
5.056,0,0,0,0,0,0,0,0,539.55
5.057,0,0,0,0,0,0,0,0,539.55
5.058,0,0,0,0,0,0,0,0,539.55
5.059,0,0,0,0,0,0,0,0,539.55
5.06,0,0,0,0,0,0,0,0,539.55
5.061,0,0,0,0,0,0,0,0,539.55
5.062,0,0,0,0,0,0,0,0,539.55
5.063,0,0,0,0,0,0,0,0,539.55
5.064,0,0,0,0,0,0,0,0,539.55
5.065,0,0,0,0,0,0,0,0,539.55
5.066,0,0,0,0,0,0,0,0,539.55
5.067,0,0,0,0,0,0,0,0,539.55
5.068,0,0,0,0,0,0,0,0,539.55
5.069,0,0,0,0,0,0,0,0,539.55
5.07,0,0,0,0,0,0,0,0,539.55
5.071,0,0,0,0,0,0,0,0,539.55
5.072,0,0,0,0,0,0,0,0,539.55
5.073,0,0,0,0,0,0,0,0,539.55
5.074,0,0,0,0,0,0,0,0,539.55
5.075,0,0,0,0,0,0,0,0,539.55
5.076,0,0,0,0,0,0,0,0,539.55
5.077,0,0,0,0,0,0,0,0,539.55
5.078,0,0,0,0,0,0,0,0,539.55
5.079,0,0,0,0,0,0,0,0,539.55
5.08,0,0,0,0,0,0,0,0,539.55
5.081,0,0,0,0,0,0,0,0,539.55
5.082,0,0,0,0,0,0,0,0,539.55
5.083,0,0,0,0,0,0,0,0,539.55
5.084,0,0,0,0,0,0,0,0,539.55
5.085,0,0,0,0,0,0,0,0,539.55
5.086,0,0,0,0,0,0,0,0,539.55
5.087,0,0,0,0,0,0,0,0,539.55
5.088,0,0,0,0,0,0,0,0,539.55
5.089,0,0,0,0,0,0,0,0,539.55
5.09,0,0,0,0,0,0,0,0,539.55
5.091,0,0,0,0,0,0,0,0,539.55
5.092,0,0,0,0,0,0,0,0,539.55
5.093,0,0,0,0,0,0,0,0,539.55
5.094,0,0,0,0,0,0,0,0,539.55
5.095,0,0,0,0,0,0,0,0,539.55
5.096,0,0,0,0,0,0,0,0,539.55
5.097,0,0,0,0,0,0,0,0,539.55
5.098,0,0,0,0,0,0,0,0,539.55
5.099,0,0,0,0,0,0,0,0,539.55
5.1,0,0,0,0,0,0,0,0,539.55
5.101,0,0,0,0,0,0,0,0,539.55
5.102,0,0,0,0,0,0,0,0,539.55
5.103,0,0,0,0,0,0,0,0,539.55
5.104,0,0,0,0,0,0,0,0,539.55
5.105,0,0,0,0,0,0,0,0,539.55
5.106,0,0,0,0,0,0,0,0,539.55
5.107,0,0,0,0,0,0,0,0,539.55
5.108,0,0,0,0,0,0,0,0,539.55
5.109,0,0,0,0,0,0,0,0,539.55
5.11,0,0,0,0,0,0,0,0,539.55
5.111,0,0,0,0,0,0,0,0,539.55
5.112,0,0,0,0,0,0,0,0,539.55
5.113,0,0,0,0,0,0,0,0,539.55
5.114,0,0,0,0,0,0,0,0,539.55
5.115,0,0,0,0,0,0,0,0,539.55
5.116,0,0,0,0,0,0,0,0,539.55
5.117,0,0,0,0,0,0,0,0,539.55
5.118,0,0,0,0,0,0,0,0,539.55
5.119,0,0,0,0,0,0,0,0,539.55
5.12,0,0,0,0,0,0,0,0,539.55
5.121,0,0,0,0,0,0,0,0,539.55
5.122,0,0,0,0,0,0,0,0,539.55
5.123,0,0,0,0,0,0,0,0,539.55
5.124,0,0,0,0,0,0,0,0,539.55
5.125,0,0,0,0,0,0,0,0,539.55
5.126,0,0,0,0,0,0,0,0,539.55
5.127,0,0,0,0,0,0,0,0,539.55
5.128,0,0,0,0,0,0,0,0,539.55
5.129,0,0,0,0,0,0,0,0,539.55
5.13,0,0,0,0,0,0,0,0,539.55
5.131,0,0,0,0,0,0,0,0,539.55
5.132,0,0,0,0,0,0,0,0,539.55
5.133,0,0,0,0,0,0,0,0,539.55
5.134,0,0,0,0,0,0,0,0,539.55
5.135,0,0,0,0,0,0,0,0,539.55
5.136,0,0,0,0,0,0,0,0,539.55
5.137,0,0,0,0,0,0,0,0,539.55
5.138,0,0,0,0,0,0,0,0,539.55
5.139,0,0,0,0,0,0,0,0,539.55
5.14,0,0,0,0,0,0,0,0,539.55
5.141,0,0,0,0,0,0,0,0,539.55
5.142,0,0,0,0,0,0,0,0,539.55
5.143,0,0,0,0,0,0,0,0,539.55
5.144,0,0,0,0,0,0,0,0,539.55
5.145,0,0,0,0,0,0,0,0,539.55
5.146,0,0,0,0,0,0,0,0,539.55
5.147,0,0,0,0,0,0,0,0,539.55
5.148,0,0,0,0,0,0,0,0,539.55
5.149,0,0,0,0,0,0,0,0,539.55
5.15,0,0,0,0,0,0,0,0,539.55
5.151,0,0,0,0,0,0,0,0,539.55
5.152,0,0,0,0,0,0,0,0,539.55
5.153,0,0,0,0,0,0,0,0,539.55
5.154,0,0,0,0,0,0,0,0,539.55
5.155,0,0,0,0,0,0,0,0,539.55
5.156,0,0,0,0,0,0,0,0,539.55
5.157,0,0,0,0,0,0,0,0,539.55
5.158,0,0,0,0,0,0,0,0,539.55
5.159,0,0,0,0,0,0,0,0,539.55
5.16,0,0,0,0,0,0,0,0,539.55
5.161,0,0,0,0,0,0,0,0,539.55
5.162,0,0,0,0,0,0,0,0,539.55
5.163,0,0,0,0,0,0,0,0,539.55
5.164,0,0,0,0,0,0,0,0,539.55
5.165,0,0,0,0,0,0,0,0,539.55
5.166,0,0,0,0,0,0,0,0,539.55
5.167,0,0,0,0,0,0,0,0,539.55
5.168,0,0,0,0,0,0,0,0,539.55
5.169,0,0,0,0,0,0,0,0,539.55
5.17,0,0,0,0,0,0,0,0,539.55
5.171,0,0,0,0,0,0,0,0,539.55
5.172,0,0,0,0,0,0,0,0,539.55
5.173,0,0,0,0,0,0,0,0,539.55
5.174,0,0,0,0,0,0,0,0,539.55
5.175,0,0,0,0,0,0,0,0,539.55
5.176,0,0,0,0,0,0,0,0,539.55
5.177,0,0,0,0,0,0,0,0,539.55
5.178,0,0,0,0,0,0,0,0,539.55
5.179,0,0,0,0,0,0,0,0,539.55
5.18,0,0,0,0,0,0,0,0,539.55
5.181,0,0,0,0,0,0,0,0,539.55
5.182,0,0,0,0,0,0,0,0,539.55
5.183,0,0,0,0,0,0,0,0,539.55
5.184,0,0,0,0,0,0,0,0,539.55
5.185,0,0,0,0,0,0,0,0,539.55
5.186,0,0,0,0,0,0,0,0,539.55
5.187,0,0,0,0,0,0,0,0,539.55
5.188,0,0,0,0,0,0,0,0,539.55
5.189,0,0,0,0,0,0,0,0,539.55
5.19,0,0,0,0,0,0,0,0,539.55
5.191,0,0,0,0,0,0,0,0,539.55
5.192,0,0,0,0,0,0,0,0,539.55
5.193,0,0,0,0,0,0,0,0,539.55
5.194,0,0,0,0,0,0,0,0,539.55
5.195,0,0,0,0,0,0,0,0,539.55
5.196,0,0,0,0,0,0,0,0,539.55
5.197,0,0,0,0,0,0,0,0,539.55
5.198,0,0,0,0,0,0,0,0,539.55
5.199,0,0,0,0,0,0,0,0,539.55
5.2,0,0,0,0,0,0,0,0,539.55
5.201,0,0,0,0,0,0,0,0,539.55
5.202,0,0,0,0,0,0,0,0,539.55
5.203,0,0,0,0,0,0,0,0,539.55
5.204,0,0,0,0,0,0,0,0,539.55
5.205,0,0,0,0,0,0,0,0,539.55
5.206,0,0,0,0,0,0,0,0,539.55
5.207,0,0,0,0,0,0,0,0,539.55
5.208,0,0,0,0,0,0,0,0,539.55
5.209,0,0,0,0,0,0,0,0,539.55
5.21,0,0,0,0,0,0,0,0,539.55
5.211,0,0,0,0,0,0,0,0,539.55
5.212,0,0,0,0,0,0,0,0,539.55
5.213,0,0,0,0,0,0,0,0,539.55
5.214,0,0,0,0,0,0,0,0,539.55
5.215,0,0,0,0,0,0,0,0,539.55
5.216,0,0,0,0,0,0,0,0,539.55
5.217,0,0,0,0,0,0,0,0,539.55
5.218,0,0,0,0,0,0,0,0,539.55
5.219,0,0,0,0,0,0,0,0,539.55
5.22,0,0,0,0,0,0,0,0,539.55
5.221,0,0,0,0,0,0,0,0,539.55
5.222,0,0,0,0,0,0,0,0,539.55
5.223,0,0,0,0,0,0,0,0,539.55
5.224,0,0,0,0,0,0,0,0,539.55
5.225,0,0,0,0,0,0,0,0,539.55
5.226,0,0,0,0,0,0,0,0,539.55
5.227,0,0,0,0,0,0,0,0,539.55
5.228,0,0,0,0,0,0,0,0,539.55
5.229,0,0,0,0,0,0,0,0,539.55
5.23,0,0,0,0,0,0,0,0,539.55
5.231,0,0,0,0,0,0,0,0,539.55
5.232,0,0,0,0,0,0,0,0,539.55
5.233,0,0,0,0,0,0,0,0,539.55
5.234,0,0,0,0,0,0,0,0,539.55
5.235,0,0,0,0,0,0,0,0,539.55
5.236,0,0,0,0,0,0,0,0,539.55
5.237,0,0,0,0,0,0,0,0,539.55
5.238,0,0,0,0,0,0,0,0,539.55
5.239,0,0,0,0,0,0,0,0,539.55
5.24,0,0,0,0,0,0,0,0,539.55
5.241,0,0,0,0,0,0,0,0,539.55
5.242,0,0,0,0,0,0,0,0,539.55
5.243,0,0,0,0,0,0,0,0,539.55
5.244,0,0,0,0,0,0,0,0,539.55
5.245,0,0,0,0,0,0,0,0,539.55
5.246,0,0,0,0,0,0,0,0,539.55
5.247,0,0,0,0,0,0,0,0,539.55
5.248,0,0,0,0,0,0,0,0,539.55
5.249,0,0,0,0,0,0,0,0,539.55
5.25,0,0,0,0,0,0,0,0,539.55
5.251,0,0,0,0,0,0,0,0,539.55
5.252,0,0,0,0,0,0,0,0,539.55
5.253,0,0,0,0,0,0,0,0,539.55
5.254,0,0,0,0,0,0,0,0,539.55
5.255,0,0,0,0,0,0,0,0,539.55
5.256,0,0,0,0,0,0,0,0,539.55
5.257,0,0,0,0,0,0,0,0,539.55
5.258,0,0,0,0,0,0,0,0,539.55
5.259,0,0,0,0,0,0,0,0,539.55
5.26,0,0,0,0,0,0,0,0,539.55
5.261,0,0,0,0,0,0,0,0,539.55
5.262,0,0,0,0,0,0,0,0,539.55
5.263,0,0,0,0,0,0,0,0,539.55
5.264,0,0,0,0,0,0,0,0,539.55
5.265,0,0,0,0,0,0,0,0,539.55
5.266,0,0,0,0,0,0,0,0,539.55
5.267,0,0,0,0,0,0,0,0,539.55
5.268,0,0,0,0,0,0,0,0,539.55
5.269,0,0,0,0,0,0,0,0,539.55
5.27,0,0,0,0,0,0,0,0,539.55
5.271,0,0,0,0,0,0,0,0,539.55
5.272,0,0,0,0,0,0,0,0,539.55
5.273,0,0,0,0,0,0,0,0,539.55
5.274,0,0,0,0,0,0,0,0,539.55
5.275,0,0,0,0,0,0,0,0,539.55
5.276,0,0,0,0,0,0,0,0,539.55
5.277,0,0,0,0,0,0,0,0,539.55
5.278,0,0,0,0,0,0,0,0,539.55
5.279,0,0,0,0,0,0,0,0,539.55
5.28,0,0,0,0,0,0,0,0,539.55
5.281,0,0,0,0,0,0,0,0,539.55
5.282,0,0,0,0,0,0,0,0,539.55
5.283,0,0,0,0,0,0,0,0,539.55
5.284,0,0,0,0,0,0,0,0,539.55
5.285,0,0,0,0,0,0,0,0,539.55
5.286,0,0,0,0,0,0,0,0,539.55
5.287,0,0,0,0,0,0,0,0,539.55
5.288,0,0,0,0,0,0,0,0,539.55
5.289,0,0,0,0,0,0,0,0,539.55
5.29,0,0,0,0,0,0,0,0,539.55
5.291,0,0,0,0,0,0,0,0,539.55
5.292,0,0,0,0,0,0,0,0,539.55
5.293,0,0,0,0,0,0,0,0,539.55
5.294,0,0,0,0,0,0,0,0,539.55
5.295,0,0,0,0,0,0,0,0,539.55
5.296,0,0,0,0,0,0,0,0,539.55
5.297,0,0,0,0,0,0,0,0,539.55
5.298,0,0,0,0,0,0,0,0,539.55
5.299,0,0,0,0,0,0,0,0,539.55
5.3,0,0,0,0,0,0,0,0,539.55
5.301,0,0,0,0,0,0,0,0,539.55
5.302,0,0,0,0,0,0,0,0,539.55
5.303,0,0,0,0,0,0,0,0,539.55
5.304,0,0,0,0,0,0,0,0,539.55
5.305,0,0,0,0,0,0,0,0,539.55
5.306,0,0,0,0,0,0,0,0,539.55
5.307,0,0,0,0,0,0,0,0,539.55
5.308,0,0,0,0,0,0,0,0,539.55
5.309,0,0,0,0,0,0,0,0,539.55
5.31,0,0,0,0,0,0,0,0,539.55
5.311,0,0,0,0,0,0,0,0,539.55
5.312,0,0,0,0,0,0,0,0,539.55
5.313,0,0,0,0,0,0,0,0,539.55
5.314,0,0,0,0,0,0,0,0,539.55
5.315,0,0,0,0,0,0,0,0,539.55
5.316,0,0,0,0,0,0,0,0,539.55
5.317,0,0,0,0,0,0,0,0,539.55
5.318,0,0,0,0,0,0,0,0,539.55
5.319,0,0,0,0,0,0,0,0,539.55
5.32,0,0,0,0,0,0,0,0,539.55
5.321,0,0,0,0,0,0,0,0,539.55
5.322,0,0,0,0,0,0,0,0,539.55
5.323,0,0,0,0,0,0,0,0,539.55
5.324,0,0,0,0,0,0,0,0,539.55
5.325,0,0,0,0,0,0,0,0,539.55
5.326,0,0,0,0,0,0,0,0,539.55
5.327,0,0,0,0,0,0,0,0,539.55
5.328,0,0,0,0,0,0,0,0,539.55
5.329,0,0,0,0,0,0,0,0,539.55
5.33,0,0,0,0,0,0,0,0,539.55
5.331,0,0,0,0,0,0,0,0,539.55
5.332,0,0,0,0,0,0,0,0,539.55
5.333,0,0,0,0,0,0,0,0,539.55
5.334,0,0,0,0,0,0,0,0,539.55
5.335,0,0,0,0,0,0,0,0,539.55
5.336,0,0,0,0,0,0,0,0,539.55
5.337,0,0,0,0,0,0,0,0,539.55
5.338,0,0,0,0,0,0,0,0,539.55
5.339,0,0,0,0,0,0,0,0,539.55
5.34,0,0,0,0,0,0,0,0,539.55
5.341,0,0,0,0,0,0,0,0,539.55
5.342,0,0,0,0,0,0,0,0,539.55
5.343,0,0,0,0,0,0,0,0,539.55
5.344,0,0,0,0,0,0,0,0,539.55
5.345,0,0,0,0,0,0,0,0,539.55
5.346,0,0,0,0,0,0,0,0,539.55
5.347,0,0,0,0,0,0,0,0,539.55
5.348,0,0,0,0,0,0,0,0,539.55
5.349,0,0,0,0,0,0,0,0,539.55
5.35,0,0,0,0,0,0,0,0,539.55
5.351,0,0,0,0,0,0,0,0,539.55
5.352,0,0,0,0,0,0,0,0,539.55
5.353,0,0,0,0,0,0,0,0,539.55
5.354,0,0,0,0,0,0,0,0,539.55
5.355,0,0,0,0,0,0,0,0,539.55
5.356,0,0,0,0,0,0,0,0,539.55
5.357,0,0,0,0,0,0,0,0,539.55
5.358,0,0,0,0,0,0,0,0,539.55
5.359,0,0,0,0,0,0,0,0,539.55
5.36,0,0,0,0,0,0,0,0,539.55
5.361,0,0,0,0,0,0,0,0,539.55
5.362,0,0,0,0,0,0,0,0,539.55
5.363,0,0,0,0,0,0,0,0,539.55
5.364,0,0,0,0,0,0,0,0,539.55
5.365,0,0,0,0,0,0,0,0,539.55
5.366,0,0,0,0,0,0,0,0,539.55
5.367,0,0,0,0,0,0,0,0,539.55
5.368,0,0,0,0,0,0,0,0,539.55
5.369,0,0,0,0,0,0,0,0,539.55
5.37,0,0,0,0,0,0,0,0,539.55
5.371,0,0,0,0,0,0,0,0,539.55
5.372,0,0,0,0,0,0,0,0,539.55
5.373,0,0,0,0,0,0,0,0,539.55
5.374,0,0,0,0,0,0,0,0,539.55
5.375,0,0,0,0,0,0,0,0,539.55
5.376,0,0,0,0,0,0,0,0,539.55
5.377,0,0,0,0,0,0,0,0,539.55
5.378,0,0,0,0,0,0,0,0,539.55
5.379,0,0,0,0,0,0,0,0,539.55
5.38,0,0,0,0,0,0,0,0,539.55
5.381,0,0,0,0,0,0,0,0,539.55
5.382,0,0,0,0,0,0,0,0,539.55
5.383,0,0,0,0,0,0,0,0,539.55
5.384,0,0,0,0,0,0,0,0,539.55
5.385,0,0,0,0,0,0,0,0,539.55
5.386,0,0,0,0,0,0,0,0,539.55
5.387,0,0,0,0,0,0,0,0,539.55
5.388,0,0,0,0,0,0,0,0,539.55
5.389,0,0,0,0,0,0,0,0,539.55
5.39,0,0,0,0,0,0,0,0,539.55
5.391,0,0,0,0,0,0,0,0,539.55
5.392,0,0,0,0,0,0,0,0,539.55
5.393,0,0,0,0,0,0,0,0,539.55
5.394,0,0,0,0,0,0,0,0,539.55
5.395,0,0,0,0,0,0,0,0,539.55
5.396,0,0,0,0,0,0,0,0,539.55
5.397,0,0,0,0,0,0,0,0,539.55
5.398,0,0,0,0,0,0,0,0,539.55
5.399,0,0,0,0,0,0,0,0,539.55
5.4,0,0,0,0,0,0,0,0,539.55
5.401,0,0,0,0,0,0,0,0,539.55
5.402,0,0,0,0,0,0,0,0,539.55
5.403,0,0,0,0,0,0,0,0,539.55
5.404,0,0,0,0,0,0,0,0,539.55
5.405,0,0,0,0,0,0,0,0,539.55
5.406,0,0,0,0,0,0,0,0,539.55
5.407,0,0,0,0,0,0,0,0,539.55
5.408,0,0,0,0,0,0,0,0,539.55
5.409,0,0,0,0,0,0,0,0,539.55
5.41,0,0,0,0,0,0,0,0,539.55
5.411,0,0,0,0,0,0,0,0,539.55
5.412,0,0,0,0,0,0,0,0,539.55
5.413,0,0,0,0,0,0,0,0,539.55
5.414,0,0,0,0,0,0,0,0,539.55
5.415,0,0,0,0,0,0,0,0,539.55
5.416,0,0,0,0,0,0,0,0,539.55
5.417,0,0,0,0,0,0,0,0,539.55
5.418,0,0,0,0,0,0,0,0,539.55
5.419,0,0,0,0,0,0,0,0,539.55
5.42,0,0,0,0,0,0,0,0,539.55
5.421,0,0,0,0,0,0,0,0,539.55
5.422,0,0,0,0,0,0,0,0,539.55
5.423,0,0,0,0,0,0,0,0,539.55
5.424,0,0,0,0,0,0,0,0,539.55
5.425,0,0,0,0,0,0,0,0,539.55
5.426,0,0,0,0,0,0,0,0,539.55
5.427,0,0,0,0,0,0,0,0,539.55
5.428,0,0,0,0,0,0,0,0,539.55
5.429,0,0,0,0,0,0,0,0,539.55
5.43,0,0,0,0,0,0,0,0,539.55
5.431,0,0,0,0,0,0,0,0,539.55
5.432,0,0,0,0,0,0,0,0,539.55
5.433,0,0,0,0,0,0,0,0,539.55
5.434,0,0,0,0,0,0,0,0,539.55
5.435,0,0,0,0,0,0,0,0,539.55
5.436,0,0,0,0,0,0,0,0,539.55
5.437,0,0,0,0,0,0,0,0,539.55
5.438,0,0,0,0,0,0,0,0,539.55
5.439,0,0,0,0,0,0,0,0,539.55
5.44,0,0,0,0,0,0,0,0,539.55
5.441,0,0,0,0,0,0,0,0,539.55
5.442,0,0,0,0,0,0,0,0,539.55
5.443,0,0,0,0,0,0,0,0,539.55
5.444,0,0,0,0,0,0,0,0,539.55
5.445,0,0,0,0,0,0,0,0,539.55
5.446,0,0,0,0,0,0,0,0,539.55
5.447,0,0,0,0,0,0,0,0,539.55
5.448,0,0,0,0,0,0,0,0,539.55
5.449,0,0,0,0,0,0,0,0,539.55
5.45,0,0,0,0,0,0,0,0,539.55
5.451,0,0,0,0,0,0,0,0,539.55
5.452,0,0,0,0,0,0,0,0,539.55
5.453,0,0,0,0,0,0,0,0,539.55
5.454,0,0,0,0,0,0,0,0,539.55
5.455,0,0,0,0,0,0,0,0,539.55
5.456,0,0,0,0,0,0,0,0,539.55
5.457,0,0,0,0,0,0,0,0,539.55
5.458,0,0,0,0,0,0,0,0,539.55
5.459,0,0,0,0,0,0,0,0,539.55
5.46,0,0,0,0,0,0,0,0,539.55
5.461,0,0,0,0,0,0,0,0,539.55
5.462,0,0,0,0,0,0,0,0,539.55
5.463,0,0,0,0,0,0,0,0,539.55
5.464,0,0,0,0,0,0,0,0,539.55
5.465,0,0,0,0,0,0,0,0,539.55
5.466,0,0,0,0,0,0,0,0,539.55
5.467,0,0,0,0,0,0,0,0,539.55
5.468,0,0,0,0,0,0,0,0,539.55
5.469,0,0,0,0,0,0,0,0,539.55
5.47,0,0,0,0,0,0,0,0,539.55
5.471,0,0,0,0,0,0,0,0,539.55
5.472,0,0,0,0,0,0,0,0,539.55
5.473,0,0,0,0,0,0,0,0,539.55
5.474,0,0,0,0,0,0,0,0,539.55
5.475,0,0,0,0,0,0,0,0,539.55
5.476,0,0,0,0,0,0,0,0,539.55
5.477,0,0,0,0,0,0,0,0,539.55
5.478,0,0,0,0,0,0,0,0,539.55
5.479,0,0,0,0,0,0,0,0,539.55
5.48,0,0,0,0,0,0,0,0,539.55
5.481,0,0,0,0,0,0,0,0,539.55
5.482,0,0,0,0,0,0,0,0,539.55
5.483,0,0,0,0,0,0,0,0,539.55
5.484,0,0,0,0,0,0,0,0,539.55
5.485,0,0,0,0,0,0,0,0,539.55
5.486,0,0,0,0,0,0,0,0,539.55
5.487,0,0,0,0,0,0,0,0,539.55
5.488,0,0,0,0,0,0,0,0,539.55
5.489,0,0,0,0,0,0,0,0,539.55
5.49,0,0,0,0,0,0,0,0,539.55
5.491,0,0,0,0,0,0,0,0,539.55
5.492,0,0,0,0,0,0,0,0,539.55
5.493,0,0,0,0,0,0,0,0,539.55
5.494,0,0,0,0,0,0,0,0,539.55
5.495,0,0,0,0,0,0,0,0,539.55
5.496,0,0,0,0,0,0,0,0,539.55
5.497,0,0,0,0,0,0,0,0,539.55
5.498,0,0,0,0,0,0,0,0,539.55
5.499,0,0,0,0,0,0,0,0,539.55
5.5,0,0,0,0,0,0,0,0,539.55
5.501,0,0,0,0,0,0,0,0,539.55
5.502,0,0,0,0,0,0,0,0,539.55
5.503,0,0,0,0,0,0,0,0,539.55
5.504,0,0,0,0,0,0,0,0,539.55
5.505,0,0,0,0,0,0,0,0,539.55
5.506,0,0,0,0,0,0,0,0,539.55
5.507,0,0,0,0,0,0,0,0,539.55
5.508,0,0,0,0,0,0,0,0,539.55
5.509,0,0,0,0,0,0,0,0,539.55
5.51,0,0,0,0,0,0,0,0,539.55
5.511,0,0,0,0,0,0,0,0,539.55
5.512,0,0,0,0,0,0,0,0,539.55
5.513,0,0,0,0,0,0,0,0,539.55
5.514,0,0,0,0,0,0,0,0,539.55
5.515,0,0,0,0,0,0,0,0,539.55
5.516,0,0,0,0,0,0,0,0,539.55
5.517,0,0,0,0,0,0,0,0,539.55
5.518,0,0,0,0,0,0,0,0,539.55
5.519,0,0,0,0,0,0,0,0,539.55
5.52,0,0,0,0,0,0,0,0,539.55
5.521,0,0,0,0,0,0,0,0,539.55
5.522,0,0,0,0,0,0,0,0,539.55
5.523,0,0,0,0,0,0,0,0,539.55
5.524,0,0,0,0,0,0,0,0,539.55
5.525,0,0,0,0,0,0,0,0,539.55
5.526,0,0,0,0,0,0,0,0,539.55
5.527,0,0,0,0,0,0,0,0,539.55
5.528,0,0,0,0,0,0,0,0,539.55
5.529,0,0,0,0,0,0,0,0,539.55
5.53,0,0,0,0,0,0,0,0,539.55
5.531,0,0,0,0,0,0,0,0,539.55
5.532,0,0,0,0,0,0,0,0,539.55
5.533,0,0,0,0,0,0,0,0,539.55
5.534,0,0,0,0,0,0,0,0,539.55
5.535,0,0,0,0,0,0,0,0,539.55
5.536,0,0,0,0,0,0,0,0,539.55
5.537,0,0,0,0,0,0,0,0,539.55
5.538,0,0,0,0,0,0,0,0,539.55
5.539,0,0,0,0,0,0,0,0,539.55
5.54,0,0,0,0,0,0,0,0,539.55
5.541,0,0,0,0,0,0,0,0,539.55
5.542,0,0,0,0,0,0,0,0,539.55
5.543,0,0,0,0,0,0,0,0,539.55
5.544,0,0,0,0,0,0,0,0,539.55
5.545,0,0,0,0,0,0,0,0,539.55
5.546,0,0,0,0,0,0,0,0,539.55
5.547,0,0,0,0,0,0,0,0,539.55
5.548,0,0,0,0,0,0,0,0,539.55
5.549,0,0,0,0,0,0,0,0,539.55
5.55,0,0,0,0,0,0,0,0,539.55
5.551,0,0,0,0,0,0,0,0,539.55
5.552,0,0,0,0,0,0,0,0,539.55
5.553,0,0,0,0,0,0,0,0,539.55
5.554,0,0,0,0,0,0,0,0,539.55
5.555,0,0,0,0,0,0,0,0,539.55
5.556,0,0,0,0,0,0,0,0,539.55
5.557,0,0,0,0,0,0,0,0,539.55
5.558,0,0,0,0,0,0,0,0,539.55
5.559,0,0,0,0,0,0,0,0,539.55
5.56,0,0,0,0,0,0,0,0,539.55
5.561,0,0,0,0,0,0,0,0,539.55
5.562,0,0,0,0,0,0,0,0,539.55
5.563,0,0,0,0,0,0,0,0,539.55
5.564,0,0,0,0,0,0,0,0,539.55
5.565,0,0,0,0,0,0,0,0,539.55
5.566,0,0,0,0,0,0,0,0,539.55
5.567,0,0,0,0,0,0,0,0,539.55
5.568,0,0,0,0,0,0,0,0,539.55
5.569,0,0,0,0,0,0,0,0,539.55
5.57,0,0,0,0,0,0,0,0,539.55
5.571,0,0,0,0,0,0,0,0,539.55
5.572,0,0,0,0,0,0,0,0,539.55
5.573,0,0,0,0,0,0,0,0,539.55
5.574,0,0,0,0,0,0,0,0,539.55
5.575,0,0,0,0,0,0,0,0,539.55
5.576,0,0,0,0,0,0,0,0,539.55
5.577,0,0,0,0,0,0,0,0,539.55
5.578,0,0,0,0,0,0,0,0,539.55
5.579,0,0,0,0,0,0,0,0,539.55
5.58,0,0,0,0,0,0,0,0,539.55
5.581,0,0,0,0,0,0,0,0,539.55
5.582,0,0,0,0,0,0,0,0,539.55
5.583,0,0,0,0,0,0,0,0,539.55
5.584,0,0,0,0,0,0,0,0,539.55
5.585,0,0,0,0,0,0,0,0,539.55
5.586,0,0,0,0,0,0,0,0,539.55
5.587,0,0,0,0,0,0,0,0,539.55
5.588,0,0,0,0,0,0,0,0,539.55
5.589,0,0,0,0,0,0,0,0,539.55
5.59,0,0,0,0,0,0,0,0,539.55
5.591,0,0,0,0,0,0,0,0,539.55
5.592,0,0,0,0,0,0,0,0,539.55
5.593,0,0,0,0,0,0,0,0,539.55
5.594,0,0,0,0,0,0,0,0,539.55
5.595,0,0,0,0,0,0,0,0,539.55
5.596,0,0,0,0,0,0,0,0,539.55
5.597,0,0,0,0,0,0,0,0,539.55
5.598,0,0,0,0,0,0,0,0,539.55
5.599,0,0,0,0,0,0,0,0,539.55
5.6,0,0,0,0,0,0,0,0,539.55
5.601,0,0,0,0,0,0,0,0,539.55
5.602,0,0,0,0,0,0,0,0,539.55
5.603,0,0,0,0,0,0,0,0,539.55
5.604,0,0,0,0,0,0,0,0,539.55
5.605,0,0,0,0,0,0,0,0,539.55
5.606,0,0,0,0,0,0,0,0,539.55
5.607,0,0,0,0,0,0,0,0,539.55
5.608,0,0,0,0,0,0,0,0,539.55
5.609,0,0,0,0,0,0,0,0,539.55
5.61,0,0,0,0,0,0,0,0,539.55
5.611,0,0,0,0,0,0,0,0,539.55
5.612,0,0,0,0,0,0,0,0,539.55
5.613,0,0,0,0,0,0,0,0,539.55
5.614,0,0,0,0,0,0,0,0,539.55
5.615,0,0,0,0,0,0,0,0,539.55
5.616,0,0,0,0,0,0,0,0,539.55
5.617,0,0,0,0,0,0,0,0,539.55
5.618,0,0,0,0,0,0,0,0,539.55
5.619,0,0,0,0,0,0,0,0,539.55
5.62,0,0,0,0,0,0,0,0,539.55
5.621,0,0,0,0,0,0,0,0,539.55
5.622,0,0,0,0,0,0,0,0,539.55
5.623,0,0,0,0,0,0,0,0,539.55
5.624,0,0,0,0,0,0,0,0,539.55
5.625,0,0,0,0,0,0,0,0,539.55
5.626,0,0,0,0,0,0,0,0,539.55
5.627,0,0,0,0,0,0,0,0,539.55
5.628,0,0,0,0,0,0,0,0,539.55
5.629,0,0,0,0,0,0,0,0,539.55
5.63,0,0,0,0,0,0,0,0,539.55
5.631,0,0,0,0,0,0,0,0,539.55
5.632,0,0,0,0,0,0,0,0,539.55
5.633,0,0,0,0,0,0,0,0,539.55
5.634,0,0,0,0,0,0,0,0,539.55
5.635,0,0,0,0,0,0,0,0,539.55
5.636,0,0,0,0,0,0,0,0,539.55
5.637,0,0,0,0,0,0,0,0,539.55
5.638,0,0,0,0,0,0,0,0,539.55
5.639,0,0,0,0,0,0,0,0,539.55
5.64,0,0,0,0,0,0,0,0,539.55
5.641,0,0,0,0,0,0,0,0,539.55
5.642,0,0,0,0,0,0,0,0,539.55
5.643,0,0,0,0,0,0,0,0,539.55
5.644,0,0,0,0,0,0,0,0,539.55
5.645,0,0,0,0,0,0,0,0,539.55
5.646,0,0,0,0,0,0,0,0,539.55
5.647,0,0,0,0,0,0,0,0,539.55
5.648,0,0,0,0,0,0,0,0,539.55
5.649,0,0,0,0,0,0,0,0,539.55
5.65,0,0,0,0,0,0,0,0,539.55
5.651,0,0,0,0,0,0,0,0,539.55
5.652,0,0,0,0,0,0,0,0,539.55
5.653,0,0,0,0,0,0,0,0,539.55
5.654,0,0,0,0,0,0,0,0,539.55
5.655,0,0,0,0,0,0,0,0,539.55
5.656,0,0,0,0,0,0,0,0,539.55
5.657,0,0,0,0,0,0,0,0,539.55
5.658,0,0,0,0,0,0,0,0,539.55
5.659,0,0,0,0,0,0,0,0,539.55
5.66,0,0,0,0,0,0,0,0,539.55
5.661,0,0,0,0,0,0,0,0,539.55
5.662,0,0,0,0,0,0,0,0,539.55
5.663,0,0,0,0,0,0,0,0,539.55
5.664,0,0,0,0,0,0,0,0,539.55
5.665,0,0,0,0,0,0,0,0,539.55
5.666,0,0,0,0,0,0,0,0,539.55
5.667,0,0,0,0,0,0,0,0,539.55
5.668,0,0,0,0,0,0,0,0,539.55
5.669,0,0,0,0,0,0,0,0,539.55
5.67,0,0,0,0,0,0,0,0,539.55
5.671,0,0,0,0,0,0,0,0,539.55
5.672,0,0,0,0,0,0,0,0,539.55
5.673,0,0,0,0,0,0,0,0,539.55
5.674,0,0,0,0,0,0,0,0,539.55
5.675,0,0,0,0,0,0,0,0,539.55
5.676,0,0,0,0,0,0,0,0,539.55
5.677,0,0,0,0,0,0,0,0,539.55
5.678,0,0,0,0,0,0,0,0,539.55
5.679,0,0,0,0,0,0,0,0,539.55
5.68,0,0,0,0,0,0,0,0,539.55
5.681,0,0,0,0,0,0,0,0,539.55
5.682,0,0,0,0,0,0,0,0,539.55
5.683,0,0,0,0,0,0,0,0,539.55
5.684,0,0,0,0,0,0,0,0,539.55
5.685,0,0,0,0,0,0,0,0,539.55
5.686,0,0,0,0,0,0,0,0,539.55
5.687,0,0,0,0,0,0,0,0,539.55
5.688,0,0,0,0,0,0,0,0,539.55
5.689,0,0,0,0,0,0,0,0,539.55
5.69,0,0,0,0,0,0,0,0,539.55
5.691,0,0,0,0,0,0,0,0,539.55
5.692,0,0,0,0,0,0,0,0,539.55
5.693,0,0,0,0,0,0,0,0,539.55
5.694,0,0,0,0,0,0,0,0,539.55
5.695,0,0,0,0,0,0,0,0,539.55
5.696,0,0,0,0,0,0,0,0,539.55
5.697,0,0,0,0,0,0,0,0,539.55
5.698,0,0,0,0,0,0,0,0,539.55
5.699,0,0,0,0,0,0,0,0,539.55
5.7,0,0,0,0,0,0,0,0,539.55
5.701,0,0,0,0,0,0,0,0,539.55
5.702,0,0,0,0,0,0,0,0,539.55
5.703,0,0,0,0,0,0,0,0,539.55
5.704,0,0,0,0,0,0,0,0,539.55
5.705,0,0,0,0,0,0,0,0,539.55
5.706,0,0,0,0,0,0,0,0,539.55
5.707,0,0,0,0,0,0,0,0,539.55
5.708,0,0,0,0,0,0,0,0,539.55
5.709,0,0,0,0,0,0,0,0,539.55
5.71,0,0,0,0,0,0,0,0,539.55
5.711,0,0,0,0,0,0,0,0,539.55
5.712,0,0,0,0,0,0,0,0,539.55
5.713,0,0,0,0,0,0,0,0,539.55
5.714,0,0,0,0,0,0,0,0,539.55
5.715,0,0,0,0,0,0,0,0,539.55
5.716,0,0,0,0,0,0,0,0,539.55
5.717,0,0,0,0,0,0,0,0,539.55
5.718,0,0,0,0,0,0,0,0,539.55
5.719,0,0,0,0,0,0,0,0,539.55
5.72,0,0,0,0,0,0,0,0,539.55
5.721,0,0,0,0,0,0,0,0,539.55
5.722,0,0,0,0,0,0,0,0,539.55
5.723,0,0,0,0,0,0,0,0,539.55
5.724,0,0,0,0,0,0,0,0,539.55
5.725,0,0,0,0,0,0,0,0,539.55
5.726,0,0,0,0,0,0,0,0,539.55
5.727,0,0,0,0,0,0,0,0,539.55
5.728,0,0,0,0,0,0,0,0,539.55
5.729,0,0,0,0,0,0,0,0,539.55
5.73,0,0,0,0,0,0,0,0,539.55
5.731,0,0,0,0,0,0,0,0,539.55
5.732,0,0,0,0,0,0,0,0,539.55
5.733,0,0,0,0,0,0,0,0,539.55
5.734,0,0,0,0,0,0,0,0,539.55
5.735,0,0,0,0,0,0,0,0,539.55
5.736,0,0,0,0,0,0,0,0,539.55
5.737,0,0,0,0,0,0,0,0,539.55
5.738,0,0,0,0,0,0,0,0,539.55
5.739,0,0,0,0,0,0,0,0,539.55
5.74,0,0,0,0,0,0,0,0,539.55
5.741,0,0,0,0,0,0,0,0,539.55
5.742,0,0,0,0,0,0,0,0,539.55
5.743,0,0,0,0,0,0,0,0,539.55
5.744,0,0,0,0,0,0,0,0,539.55
5.745,0,0,0,0,0,0,0,0,539.55
5.746,0,0,0,0,0,0,0,0,539.55
5.747,0,0,0,0,0,0,0,0,539.55
5.748,0,0,0,0,0,0,0,0,539.55
5.749,0,0,0,0,0,0,0,0,539.55
5.75,0,0,0,0,0,0,0,0,539.55
5.751,0,0,0,0,0,0,0,0,539.55
5.752,0,0,0,0,0,0,0,0,539.55
5.753,0,0,0,0,0,0,0,0,539.55
5.754,0,0,0,0,0,0,0,0,539.55
5.755,0,0,0,0,0,0,0,0,539.55
5.756,0,0,0,0,0,0,0,0,539.55
5.757,0,0,0,0,0,0,0,0,539.55
5.758,0,0,0,0,0,0,0,0,539.55
5.759,0,0,0,0,0,0,0,0,539.55
5.76,0,0,0,0,0,0,0,0,539.55
5.761,0,0,0,0,0,0,0,0,539.55
5.762,0,0,0,0,0,0,0,0,539.55
5.763,0,0,0,0,0,0,0,0,539.55
5.764,0,0,0,0,0,0,0,0,539.55
5.765,0,0,0,0,0,0,0,0,539.55
5.766,0,0,0,0,0,0,0,0,539.55
5.767,0,0,0,0,0,0,0,0,539.55
5.768,0,0,0,0,0,0,0,0,539.55
5.769,0,0,0,0,0,0,0,0,539.55
5.77,0,0,0,0,0,0,0,0,539.55
5.771,0,0,0,0,0,0,0,0,539.55
5.772,0,0,0,0,0,0,0,0,539.55
5.773,0,0,0,0,0,0,0,0,539.55
5.774,0,0,0,0,0,0,0,0,539.55
5.775,0,0,0,0,0,0,0,0,539.55
5.776,0,0,0,0,0,0,0,0,539.55
5.777,0,0,0,0,0,0,0,0,539.55
5.778,0,0,0,0,0,0,0,0,539.55
5.779,0,0,0,0,0,0,0,0,539.55
5.78,0,0,0,0,0,0,0,0,539.55
5.781,0,0,0,0,0,0,0,0,539.55
5.782,0,0,0,0,0,0,0,0,539.55
5.783,0,0,0,0,0,0,0,0,539.55
5.784,0,0,0,0,0,0,0,0,539.55
5.785,0,0,0,0,0,0,0,0,539.55
5.786,0,0,0,0,0,0,0,0,539.55
5.787,0,0,0,0,0,0,0,0,539.55
5.788,0,0,0,0,0,0,0,0,539.55
5.789,0,0,0,0,0,0,0,0,539.55
5.79,0,0,0,0,0,0,0,0,539.55
5.791,0,0,0,0,0,0,0,0,539.55
5.792,0,0,0,0,0,0,0,0,539.55
5.793,0,0,0,0,0,0,0,0,539.55
5.794,0,0,0,0,0,0,0,0,539.55
5.795,0,0,0,0,0,0,0,0,539.55
5.796,0,0,0,0,0,0,0,0,539.55
5.797,0,0,0,0,0,0,0,0,539.55
5.798,0,0,0,0,0,0,0,0,539.55
5.799,0,0,0,0,0,0,0,0,539.55
5.8,0,0,0,0,0,0,0,0,539.55
5.801,0,0,0,0,0,0,0,0,539.55
5.802,0,0,0,0,0,0,0,0,539.55
5.803,0,0,0,0,0,0,0,0,539.55
5.804,0,0,0,0,0,0,0,0,539.55
5.805,0,0,0,0,0,0,0,0,539.55
5.806,0,0,0,0,0,0,0,0,539.55
5.807,0,0,0,0,0,0,0,0,539.55
5.808,0,0,0,0,0,0,0,0,539.55
5.809,0,0,0,0,0,0,0,0,539.55
5.81,0,0,0,0,0,0,0,0,539.55
5.811,0,0,0,0,0,0,0,0,539.55
5.812,0,0,0,0,0,0,0,0,539.55
5.813,0,0,0,0,0,0,0,0,539.55
5.814,0,0,0,0,0,0,0,0,539.55
5.815,0,0,0,0,0,0,0,0,539.55
5.816,0,0,0,0,0,0,0,0,539.55
5.817,0,0,0,0,0,0,0,0,539.55
5.818,0,0,0,0,0,0,0,0,539.55
5.819,0,0,0,0,0,0,0,0,539.55
5.82,0,0,0,0,0,0,0,0,539.55
5.821,0,0,0,0,0,0,0,0,539.55
5.822,0,0,0,0,0,0,0,0,539.55
5.823,0,0,0,0,0,0,0,0,539.55
5.824,0,0,0,0,0,0,0,0,539.55
5.825,0,0,0,0,0,0,0,0,539.55
5.826,0,0,0,0,0,0,0,0,539.55
5.827,0,0,0,0,0,0,0,0,539.55
5.828,0,0,0,0,0,0,0,0,539.55
5.829,0,0,0,0,0,0,0,0,539.55
5.83,0,0,0,0,0,0,0,0,539.55
5.831,0,0,0,0,0,0,0,0,539.55
5.832,0,0,0,0,0,0,0,0,539.55
5.833,0,0,0,0,0,0,0,0,539.55
5.834,0,0,0,0,0,0,0,0,539.55
5.835,0,0,0,0,0,0,0,0,539.55
5.836,0,0,0,0,0,0,0,0,539.55
5.837,0,0,0,0,0,0,0,0,539.55
5.838,0,0,0,0,0,0,0,0,539.55
5.839,0,0,0,0,0,0,0,0,539.55
5.84,0,0,0,0,0,0,0,0,539.55
5.841,0,0,0,0,0,0,0,0,539.55
5.842,0,0,0,0,0,0,0,0,539.55
5.843,0,0,0,0,0,0,0,0,539.55
5.844,0,0,0,0,0,0,0,0,539.55
5.845,0,0,0,0,0,0,0,0,539.55
5.846,0,0,0,0,0,0,0,0,539.55
5.847,0,0,0,0,0,0,0,0,539.55
5.848,0,0,0,0,0,0,0,0,539.55
5.849,0,0,0,0,0,0,0,0,539.55
5.85,0,0,0,0,0,0,0,0,539.55
5.851,0,0,0,0,0,0,0,0,539.55
5.852,0,0,0,0,0,0,0,0,539.55
5.853,0,0,0,0,0,0,0,0,539.55
5.854,0,0,0,0,0,0,0,0,539.55
5.855,0,0,0,0,0,0,0,0,539.55
5.856,0,0,0,0,0,0,0,0,539.55
5.857,0,0,0,0,0,0,0,0,539.55
5.858,0,0,0,0,0,0,0,0,539.55
5.859,0,0,0,0,0,0,0,0,539.55
5.86,0,0,0,0,0,0,0,0,539.55
5.861,0,0,0,0,0,0,0,0,539.55
5.862,0,0,0,0,0,0,0,0,539.55
5.863,0,0,0,0,0,0,0,0,539.55
5.864,0,0,0,0,0,0,0,0,539.55
5.865,0,0,0,0,0,0,0,0,539.55
5.866,0,0,0,0,0,0,0,0,539.55
5.867,0,0,0,0,0,0,0,0,539.55
5.868,0,0,0,0,0,0,0,0,539.55
5.869,0,0,0,0,0,0,0,0,539.55
5.87,0,0,0,0,0,0,0,0,539.55
5.871,0,0,0,0,0,0,0,0,539.55
5.872,0,0,0,0,0,0,0,0,539.55
5.873,0,0,0,0,0,0,0,0,539.55
5.874,0,0,0,0,0,0,0,0,539.55
5.875,0,0,0,0,0,0,0,0,539.55
5.876,0,0,0,0,0,0,0,0,539.55
5.877,0,0,0,0,0,0,0,0,539.55
5.878,0,0,0,0,0,0,0,0,539.55
5.879,0,0,0,0,0,0,0,0,539.55
5.88,0,0,0,0,0,0,0,0,539.55
5.881,0,0,0,0,0,0,0,0,539.55
5.882,0,0,0,0,0,0,0,0,539.55
5.883,0,0,0,0,0,0,0,0,539.55
5.884,0,0,0,0,0,0,0,0,539.55
5.885,0,0,0,0,0,0,0,0,539.55
5.886,0,0,0,0,0,0,0,0,539.55
5.887,0,0,0,0,0,0,0,0,539.55
5.888,0,0,0,0,0,0,0,0,539.55
5.889,0,0,0,0,0,0,0,0,539.55
5.89,0,0,0,0,0,0,0,0,539.55
5.891,0,0,0,0,0,0,0,0,539.55
5.892,0,0,0,0,0,0,0,0,539.55
5.893,0,0,0,0,0,0,0,0,539.55
5.894,0,0,0,0,0,0,0,0,539.55
5.895,0,0,0,0,0,0,0,0,539.55
5.896,0,0,0,0,0,0,0,0,539.55
5.897,0,0,0,0,0,0,0,0,539.55
5.898,0,0,0,0,0,0,0,0,539.55
5.899,0,0,0,0,0,0,0,0,539.55
5.9,0,0,0,0,0,0,0,0,539.55
5.901,0,0,0,0,0,0,0,0,539.55
5.902,0,0,0,0,0,0,0,0,539.55
5.903,0,0,0,0,0,0,0,0,539.55
5.904,0,0,0,0,0,0,0,0,539.55
5.905,0,0,0,0,0,0,0,0,539.55
5.906,0,0,0,0,0,0,0,0,539.55
5.907,0,0,0,0,0,0,0,0,539.55
5.908,0,0,0,0,0,0,0,0,539.55
5.909,0,0,0,0,0,0,0,0,539.55
5.91,0,0,0,0,0,0,0,0,539.55
5.911,0,0,0,0,0,0,0,0,539.55
5.912,0,0,0,0,0,0,0,0,539.55
5.913,0,0,0,0,0,0,0,0,539.55
5.914,0,0,0,0,0,0,0,0,539.55
5.915,0,0,0,0,0,0,0,0,539.55
5.916,0,0,0,0,0,0,0,0,539.55
5.917,0,0,0,0,0,0,0,0,539.55
5.918,0,0,0,0,0,0,0,0,539.55
5.919,0,0,0,0,0,0,0,0,539.55
5.92,0,0,0,0,0,0,0,0,539.55
5.921,0,0,0,0,0,0,0,0,539.55
5.922,0,0,0,0,0,0,0,0,539.55
5.923,0,0,0,0,0,0,0,0,539.55
5.924,0,0,0,0,0,0,0,0,539.55
5.925,0,0,0,0,0,0,0,0,539.55
5.926,0,0,0,0,0,0,0,0,539.55
5.927,0,0,0,0,0,0,0,0,539.55
5.928,0,0,0,0,0,0,0,0,539.55
5.929,0,0,0,0,0,0,0,0,539.55
5.93,0,0,0,0,0,0,0,0,539.55
5.931,0,0,0,0,0,0,0,0,539.55
5.932,0,0,0,0,0,0,0,0,539.55
5.933,0,0,0,0,0,0,0,0,539.55
5.934,0,0,0,0,0,0,0,0,539.55
5.935,0,0,0,0,0,0,0,0,539.55
5.936,0,0,0,0,0,0,0,0,539.55
5.937,0,0,0,0,0,0,0,0,539.55
5.938,0,0,0,0,0,0,0,0,539.55
5.939,0,0,0,0,0,0,0,0,539.55
5.94,0,0,0,0,0,0,0,0,539.55
5.941,0,0,0,0,0,0,0,0,539.55
5.942,0,0,0,0,0,0,0,0,539.55
5.943,0,0,0,0,0,0,0,0,539.55
5.944,0,0,0,0,0,0,0,0,539.55
5.945,0,0,0,0,0,0,0,0,539.55
5.946,0,0,0,0,0,0,0,0,539.55
5.947,0,0,0,0,0,0,0,0,539.55
5.948,0,0,0,0,0,0,0,0,539.55
5.949,0,0,0,0,0,0,0,0,539.55
5.95,0,0,0,0,0,0,0,0,539.55
5.951,0,0,0,0,0,0,0,0,539.55
5.952,0,0,0,0,0,0,0,0,539.55
5.953,0,0,0,0,0,0,0,0,539.55
5.954,0,0,0,0,0,0,0,0,539.55
5.955,0,0,0,0,0,0,0,0,539.55
5.956,0,0,0,0,0,0,0,0,539.55
5.957,0,0,0,0,0,0,0,0,539.55
5.958,0,0,0,0,0,0,0,0,539.55
5.959,0,0,0,0,0,0,0,0,539.55
5.96,0,0,0,0,0,0,0,0,539.55
5.961,0,0,0,0,0,0,0,0,539.55
5.962,0,0,0,0,0,0,0,0,539.55
5.963,0,0,0,0,0,0,0,0,539.55
5.964,0,0,0,0,0,0,0,0,539.55
5.965,0,0,0,0,0,0,0,0,539.55
5.966,0,0,0,0,0,0,0,0,539.55
5.967,0,0,0,0,0,0,0,0,539.55
5.968,0,0,0,0,0,0,0,0,539.55
5.969,0,0,0,0,0,0,0,0,539.55
5.97,0,0,0,0,0,0,0,0,539.55
5.971,0,0,0,0,0,0,0,0,539.55
5.972,0,0,0,0,0,0,0,0,539.55
5.973,0,0,0,0,0,0,0,0,539.55
5.974,0,0,0,0,0,0,0,0,539.55
5.975,0,0,0,0,0,0,0,0,539.55
5.976,0,0,0,0,0,0,0,0,539.55
5.977,0,0,0,0,0,0,0,0,539.55
5.978,0,0,0,0,0,0,0,0,539.55
5.979,0,0,0,0,0,0,0,0,539.55
5.98,0,0,0,0,0,0,0,0,539.55
5.981,0,0,0,0,0,0,0,0,539.55
5.982,0,0,0,0,0,0,0,0,539.55
5.983,0,0,0,0,0,0,0,0,539.55
5.984,0,0,0,0,0,0,0,0,539.55
5.985,0,0,0,0,0,0,0,0,539.55
5.986,0,0,0,0,0,0,0,0,539.55
5.987,0,0,0,0,0,0,0,0,539.55
5.988,0,0,0,0,0,0,0,0,539.55
5.989,0,0,0,0,0,0,0,0,539.55
5.99,0,0,0,0,0,0,0,0,539.55
5.991,0,0,0,0,0,0,0,0,539.55
5.992,0,0,0,0,0,0,0,0,539.55
5.993,0,0,0,0,0,0,0,0,539.55
5.994,0,0,0,0,0,0,0,0,539.55
5.995,0,0,0,0,0,0,0,0,539.55
5.996,0,0,0,0,0,0,0,0,539.55
5.997,0,0,0,0,0,0,0,0,539.55
5.998,0,0,0,0,0,0,0,0,539.55
5.999,0,0,0,0,0,0,0,0,539.55
6,0,0,0,0,0,0,0,0,539.55
